架次编号,时刻_s,经度,纬度,飞行海拔_m,阶段
T001,510.0,109.2308517,23.0085095,127.7,爬升
T001,515.0,109.2308517,23.0085095,140.2,爬升
T001,520.0,109.2308517,23.0085095,152.7,爬升
T001,525.0,109.2308517,23.0085095,165.2,爬升
T001,530.0,109.2308517,23.0085095,177.7,爬升
T001,535.0,109.2308517,23.0085095,190.2,爬升
T001,540.0,109.2308517,23.0085095,202.7,爬升
T001,545.0,109.2308517,23.0085095,215.20000000000002,爬升
T001,550.0,109.2308517,23.0085095,227.7,爬升
T001,555.0,109.2308517,23.0085095,240.2,爬升
T001,560.0,109.2308517,23.0085095,252.7,爬升
T001,565.0,109.2308517,23.0085095,265.2,爬升
T001,570.0,109.2309642923151,23.008737620350054,273.0566101074219,巡航
T001,575.0,109.23126739069174,23.009351720057744,273.0566101074219,巡航
T001,580.0,109.23157048906839,23.00996581976543,273.0566101074219,巡航
T001,585.0,109.23187358744502,23.010579919473116,273.0566101074219,巡航
T001,590.0,109.23217668582167,23.011194019180806,273.0566101074219,巡航
T001,595.0,109.23247978419832,23.011808118888492,273.0566101074219,巡航
T001,600.0,109.23278288257497,23.01242221859618,273.0566101074219,巡航
T001,605.0,109.23308598095161,23.013036318303868,273.0566101074219,巡航
T001,610.0,109.23338907932826,23.013650418011554,273.0566101074219,巡航
T001,615.0,109.23369217770491,23.01426451771924,273.0566101074219,巡航
T001,620.0,109.23399527608156,23.01487861742693,273.0566101074219,巡航
T001,625.0,109.2342983744582,23.015492717134617,273.0566101074219,巡航
T001,630.0,109.23460147283485,23.016106816842303,273.0566101074219,巡航
T001,635.0,109.2349045712115,23.016720916549993,273.0566101074219,巡航
T001,640.0,109.23520766958815,23.01733501625768,273.0566101074219,巡航
T001,645.0,109.2355107679648,23.017949115965365,273.0566101074219,巡航
T001,650.0,109.23581386634143,23.01856321567305,273.0566101074219,巡航
T001,655.0,109.23611696471808,23.01917731538074,273.0566101074219,巡航
T001,660.0,109.23642006309473,23.019791415088427,273.0566101074219,巡航
T001,665.0,109.23672316147137,23.020405514796114,273.0566101074219,巡航
T001,670.0,109.23702625984802,23.021019614503803,273.0566101074219,巡航
T001,675.0,109.23732935822467,23.02163371421149,273.0566101074219,巡航
T001,680.0,109.23763245660132,23.022247813919176,273.0566101074219,巡航
T001,685.0,109.23793555497797,23.022861913626866,273.0566101074219,巡航
T001,690.0,109.23823865335461,23.02347601333455,273.0566101074219,巡航
T001,695.0,109.23854175173126,23.024090113042238,273.0566101074219,巡航
T001,700.0,109.23884485010791,23.024704212749928,273.0566101074219,巡航
T001,705.0,109.23914794848456,23.025318312457614,273.0566101074219,巡航
T001,710.0,109.2394510468612,23.0259324121653,273.0566101074219,巡航
T001,715.0,109.23975414523785,23.02654651187299,273.0566101074219,巡航
T001,720.0,109.24005724361449,23.027160611580676,273.0566101074219,巡航
T001,725.0,109.24036034199113,23.027774711288362,273.0566101074219,巡航
T001,730.0,109.24066344036778,23.02838881099605,273.0566101074219,巡航
T001,735.0,109.24096653874443,23.02900291070374,273.0566101074219,巡航
T001,740.0,109.24126963712108,23.029617010411425,273.0566101074219,巡航
T001,745.0,109.24157273549773,23.03023111011911,273.0566101074219,巡航
T001,750.0,109.24187583387437,23.0308452098268,273.0566101074219,巡航
T001,755.0,109.24217893225102,23.031459309534487,273.0566101074219,巡航
T001,760.0,109.24248203062767,23.032073409242173,273.0566101074219,巡航
T001,765.0,109.24278512900432,23.032687508949863,273.0566101074219,巡航
T001,770.0,109.24308822738097,23.03330160865755,273.0566101074219,巡航
T001,775.0,109.2432319,23.0335927,267.79674169854684,下降
T001,780.0,109.2432319,23.0335927,257.79674169854684,下降
T001,785.0,109.2432319,23.0335927,247.79674169854684,下降
T001,790.0,109.2432319,23.0335927,237.79674169854684,下降
T001,795.0,109.2432319,23.0335927,227.79674169854684,下降
T001,800.0,109.2432319,23.0335927,217.79674169854684,下降
T001,805.0,109.2432319,23.0335927,207.79674169854684,下降
T001,810.0,109.2432319,23.0335927,197.79674169854684,下降
T001,815.0,109.2432319,23.0335927,187.79674169854684,下降
T001,820.0,109.2432319,23.0335927,184.0,投送
T001,825.0,109.2432319,23.0335927,184.0,投送
T001,830.0,109.2432319,23.0335927,184.0,投送
T001,835.0,109.2432319,23.0335927,184.0,投送
T001,840.0,109.2432319,23.0335927,184.0,投送
T001,845.0,109.2432319,23.0335927,184.0,投送
T001,850.0,109.2432319,23.0335927,184.0,投送
T001,855.0,109.2432319,23.0335927,184.0,投送
T001,860.0,109.2432319,23.0335927,184.0,投送
T001,865.0,109.2432319,23.0335927,184.0,投送
T001,870.0,109.2432319,23.0335927,184.0,投送
T001,875.0,109.2432319,23.0335927,184.0,投送
T001,880.0,109.2432319,23.0335927,184.0,投送
T001,885.0,109.2432319,23.0335927,184.0,投送
T001,890.0,109.2432319,23.0335927,184.0,投送
T001,895.0,109.2432319,23.0335927,184.0,投送
T001,900.0,109.2432319,23.0335927,184.0,投送
T001,905.0,109.2432319,23.0335927,184.0,投送
T001,910.0,109.2432319,23.0335927,184.0,投送
T001,915.0,109.2432319,23.0335927,184.0,投送
T001,920.0,109.2432319,23.0335927,184.0,投送
T001,925.0,109.2432319,23.0335927,184.0,投送
T001,930.0,109.2432319,23.0335927,184.0,投送
T001,935.0,109.2432319,23.0335927,184.0,投送
T001,940.0,109.2432319,23.0335927,184.0,投送
T001,945.0,109.2432319,23.0335927,184.0,投送
T001,950.0,109.2432319,23.0335927,184.0,投送
T001,955.0,109.2432319,23.0335927,184.0,投送
T001,960.0,109.2432319,23.0335927,184.0,投送
T001,965.0,109.2432319,23.0335927,184.0,投送
T001,970.0,109.2432319,23.0335927,184.0,投送
T001,975.0,109.2432319,23.0335927,184.0,投送
T001,980.0,109.2432319,23.0335927,184.0,投送
T001,985.0,109.2432319,23.0335927,184.0,投送
T001,990.0,109.2432319,23.0335927,184.0,投送
T001,995.0,109.2432319,23.0335927,184.0,投送
T001,1000.0,109.2432319,23.0335927,184.0,投送
T001,1005.0,109.2432319,23.0335927,184.0,投送
T001,1010.0,109.2432319,23.0335927,184.0,投送
T001,1015.0,109.2432319,23.0335927,184.0,投送
T001,1020.0,109.2432319,23.0335927,184.0,投送
T001,1025.0,109.2432319,23.0335927,184.0,投送
T001,1030.0,109.2432319,23.0335927,184.0,投送
T001,1035.0,109.2432319,23.0335927,184.0,投送
T001,1040.0,109.2432319,23.0335927,184.0,投送
T001,1045.0,109.2432319,23.0335927,184.0,投送
T001,1050.0,109.2432319,23.0335927,184.0,投送
T001,1055.0,109.2432319,23.0335927,184.0,投送
T001,1060.0,109.2432319,23.0335927,184.0,投送
T001,1065.0,109.2432319,23.0335927,184.0,投送
T001,1070.0,109.2432319,23.0335927,184.0,投送
T001,1075.0,109.2432319,23.0335927,184.0,投送
T001,1080.0,109.2432319,23.0335927,184.0,投送
T001,1085.0,109.2432319,23.0335927,184.0,投送
T001,1090.0,109.2432319,23.0335927,184.0,投送
T001,1095.0,109.2432319,23.0335927,184.0,投送
T001,1100.0,109.2432319,23.0335927,184.0,投送
T001,1105.0,109.2432319,23.0335927,184.0,投送
T001,1110.0,109.2432319,23.0335927,184.0,投送
T001,1115.0,109.2432319,23.0335927,184.0,投送
T001,1120.0,109.2432319,23.0335927,184.0,投送
T001,1125.0,109.2432319,23.0335927,184.0,投送
T001,1130.0,109.2432319,23.0335927,184.0,投送
T001,1135.0,109.2432319,23.0335927,184.0,投送
T001,1140.0,109.2432319,23.0335927,184.0,投送
T001,1145.0,109.2432319,23.0335927,184.0,投送
T001,1150.0,109.2432319,23.0335927,184.0,投送
T001,1155.0,109.2432319,23.0335927,184.0,投送
T001,1160.0,109.2432319,23.0335927,184.0,投送
T001,1165.0,109.2432319,23.0335927,184.0,投送
T001,1170.0,109.2432319,23.0335927,184.0,投送
T001,1175.0,109.2432319,23.0335927,184.0,投送
T001,1180.0,109.2432319,23.0335927,184.0,投送
T001,1185.0,109.2432319,23.0335927,184.0,投送
T001,1190.0,109.2432319,23.0335927,184.0,投送
T001,1195.0,109.2432319,23.0335927,184.0,投送
T001,1200.0,109.2432319,23.0335927,184.0,投送
T001,1205.0,109.2432319,23.0335927,184.0,投送
T001,1210.0,109.2432319,23.0335927,184.0,投送
T001,1215.0,109.2432319,23.0335927,184.0,投送
T001,1220.0,109.2432319,23.0335927,184.0,投送
T001,1225.0,109.2432319,23.0335927,184.0,投送
T001,1230.0,109.2432319,23.0335927,184.0,投送
T001,1235.0,109.2432319,23.0335927,184.0,投送
T001,1240.0,109.2432319,23.0335927,184.0,投送
T001,1245.0,109.2432319,23.0335927,184.0,投送
T001,1250.0,109.2432319,23.0335927,186.75407287681674,爬升
T001,1255.0,109.2432319,23.0335927,199.25407287681676,爬升
T001,1260.0,109.2432319,23.0335927,211.7540728768168,爬升
T001,1265.0,109.2432319,23.0335927,224.25407287681685,爬升
T001,1270.0,109.2432319,23.0335927,236.75407287681685,爬升
T001,1275.0,109.2432319,23.0335927,249.2540728768169,爬升
T001,1280.0,109.2432319,23.0335927,261.75407287681696,爬升
T001,1285.0,109.24320286407828,23.03353387107707,273.0566101074219,巡航
T001,1290.0,109.24289976570164,23.03291977136938,273.0566101074219,巡航
T001,1295.0,109.24259666732499,23.032305671661693,273.0566101074219,巡航
T001,1300.0,109.24229356894834,23.031691571954006,273.0566101074219,巡航
T001,1305.0,109.2419904705717,23.03107747224632,273.0566101074219,巡航
T001,1310.0,109.24168737219505,23.03046337253863,273.0566101074219,巡航
T001,1315.0,109.2413842738184,23.029849272830944,273.0566101074219,巡航
T001,1320.0,109.24108117544175,23.029235173123258,273.0566101074219,巡航
T001,1325.0,109.2407780770651,23.028621073415568,273.0566101074219,巡航
T001,1330.0,109.24047497868845,23.028006973707882,273.0566101074219,巡航
T001,1335.0,109.2401718803118,23.027392874000196,273.0566101074219,巡航
T001,1340.0,109.23986878193516,23.026778774292506,273.0566101074219,巡航
T001,1345.0,109.23956568355851,23.02616467458482,273.0566101074219,巡航
T001,1350.0,109.23926258518186,23.025550574877133,273.0566101074219,巡航
T001,1355.0,109.23895948680523,23.024936475169444,273.0566101074219,巡航
T001,1360.0,109.23865638842858,23.024322375461757,273.0566101074219,巡航
T001,1365.0,109.23835329005193,23.02370827575407,273.0566101074219,巡航
T001,1370.0,109.23805019167528,23.02309417604638,273.0566101074219,巡航
T001,1375.0,109.23774709329864,23.022480076338695,273.0566101074219,巡航
T001,1380.0,109.23744399492199,23.02186597663101,273.0566101074219,巡航
T001,1385.0,109.23714089654534,23.021251876923323,273.0566101074219,巡航
T001,1390.0,109.2368377981687,23.020637777215633,273.0566101074219,巡航
T001,1395.0,109.23653469979205,23.020023677507947,273.0566101074219,巡航
T001,1400.0,109.2362316014154,23.01940957780026,273.0566101074219,巡航
T001,1405.0,109.23592850303875,23.01879547809257,273.0566101074219,巡航
T001,1410.0,109.2356254046621,23.018181378384885,273.0566101074219,巡航
T001,1415.0,109.23532230628545,23.0175672786772,273.0566101074219,巡航
T001,1420.0,109.23501920790882,23.01695317896951,273.0566101074219,巡航
T001,1425.0,109.23471610953217,23.016339079261822,273.0566101074219,巡航
T001,1430.0,109.23441301115552,23.015724979554136,273.0566101074219,巡航
T001,1435.0,109.23410991277888,23.015110879846446,273.0566101074219,巡航
T001,1440.0,109.23380681440223,23.01449678013876,273.0566101074219,巡航
T001,1445.0,109.23350371602558,23.013882680431074,273.0566101074219,巡航
T001,1450.0,109.23320061764893,23.013268580723384,273.0566101074219,巡航
T001,1455.0,109.23289751927229,23.012654481015698,273.0566101074219,巡航
T001,1460.0,109.23259442089564,23.01204038130801,273.0566101074219,巡航
T001,1465.0,109.23229132251899,23.011426281600325,273.0566101074219,巡航
T001,1470.0,109.23198822414234,23.010812181892636,273.0566101074219,巡航
T001,1475.0,109.2316851257657,23.01019808218495,273.0566101074219,巡航
T001,1480.0,109.23138202738905,23.009583982477263,273.0566101074219,巡航
T001,1485.0,109.23107892901241,23.008969882769573,273.0566101074219,巡航
T001,1490.0,109.2308517,23.0085095,270.55348339709326,下降
T001,1495.0,109.2308517,23.0085095,260.55348339709326,下降
T001,1500.0,109.2308517,23.0085095,250.5534833970933,下降
T001,1505.0,109.2308517,23.0085095,240.5534833970933,下降
T001,1510.0,109.2308517,23.0085095,230.55348339709332,下降
T001,1515.0,109.2308517,23.0085095,220.55348339709332,下降
T001,1520.0,109.2308517,23.0085095,210.55348339709332,下降
T001,1525.0,109.2308517,23.0085095,200.55348339709334,下降
T001,1530.0,109.2308517,23.0085095,190.55348339709337,下降
T001,1535.0,109.2308517,23.0085095,180.55348339709337,下降
T001,1540.0,109.2308517,23.0085095,170.55348339709337,下降
T001,1545.0,109.2308517,23.0085095,160.5534833970934,下降
T001,1550.0,109.2308517,23.0085095,150.5534833970934,下降
T001,1555.0,109.2308517,23.0085095,140.5534833970934,下降
T001,1560.0,109.2308517,23.0085095,130.55348339709343,下降
T002,510.0,109.2308517,23.0085095,127.7,爬升
T002,515.0,109.2308517,23.0085095,140.2,爬升
T002,520.0,109.2308517,23.0085095,152.7,爬升
T002,525.0,109.2308517,23.0085095,165.2,爬升
T002,530.0,109.2308517,23.0085095,177.7,爬升
T002,535.0,109.2308517,23.0085095,190.2,爬升
T002,540.0,109.2308517,23.0085095,202.7,爬升
T002,545.0,109.2308517,23.0085095,215.2,爬升
T002,550.0,109.2308517,23.0085095,227.7,爬升
T002,555.0,109.2308517,23.0085095,240.2,爬升
T002,560.0,109.2308517,23.0085095,252.7,爬升
T002,565.0,109.2308517,23.0085095,265.2,爬升
T002,570.0,109.2308517,23.0085095,277.7,爬升
T002,575.0,109.2308517,23.0085095,290.2,爬升
T002,580.0,109.2308517,23.0085095,302.7,爬升
T002,585.0,109.2308517,23.0085095,315.2,爬升
T002,590.0,109.2308517,23.0085095,327.69999999999993,爬升
T002,595.0,109.2308517,23.0085095,340.2,爬升
T002,600.0,109.2308517,23.0085095,352.69999999999993,爬升
T002,605.0,109.2308517,23.0085095,365.2,爬升
T002,610.0,109.2308517,23.0085095,377.69999999999993,爬升
T002,615.0,109.2308517,23.0085095,390.19999999999993,爬升
T002,620.0,109.2308517,23.0085095,402.69999999999993,爬升
T002,625.0,109.2308517,23.0085095,415.19999999999993,爬升
T002,630.0,109.2308517,23.0085095,427.69999999999993,爬升
T002,635.0,109.2308517,23.0085095,440.19999999999993,爬升
T002,640.0,109.2308517,23.0085095,452.69999999999993,爬升
T002,645.0,109.2308517,23.0085095,465.19999999999993,爬升
T002,650.0,109.2308517,23.0085095,477.69999999999993,爬升
T002,655.0,109.2308517,23.0085095,490.19999999999993,爬升
T002,660.0,109.23080793525706,23.00853356044779,501.8304748535156,巡航
T002,665.0,109.23017878808514,23.008879445323725,501.8304748535156,巡航
T002,670.0,109.2295496409132,23.00922533019966,501.8304748535156,巡航
T002,675.0,109.22892049374128,23.009571215075592,501.8304748535156,巡航
T002,680.0,109.22829134656936,23.009917099951526,501.8304748535156,巡航
T002,685.0,109.22766219939744,23.01026298482746,501.8304748535156,巡航
T002,690.0,109.22703305222552,23.010608869703393,501.8304748535156,巡航
T002,695.0,109.2264039050536,23.010954754579327,501.8304748535156,巡航
T002,700.0,109.22577475788168,23.01130063945526,501.8304748535156,巡航
T002,705.0,109.22514561070976,23.011646524331194,501.8304748535156,巡航
T002,710.0,109.22451646353784,23.011992409207128,501.8304748535156,巡航
T002,715.0,109.22388731636592,23.01233829408306,501.8304748535156,巡航
T002,720.0,109.223258169194,23.012684178958995,501.8304748535156,巡航
T002,725.0,109.22262902202206,23.01303006383493,501.8304748535156,巡航
T002,730.0,109.22199987485014,23.013375948710863,501.8304748535156,巡航
T002,735.0,109.22137072767822,23.013721833586796,501.8304748535156,巡航
T002,740.0,109.2207415805063,23.01406771846273,501.8304748535156,巡航
T002,745.0,109.22011243333438,23.014413603338664,501.8304748535156,巡航
T002,750.0,109.21948328616246,23.014759488214597,501.8304748535156,巡航
T002,755.0,109.21885413899054,23.01510537309053,501.8304748535156,巡航
T002,760.0,109.21822499181862,23.015451257966465,501.8304748535156,巡航
T002,765.0,109.2175958446467,23.0157971428424,501.8304748535156,巡航
T002,770.0,109.21696669747477,23.016143027718332,501.8304748535156,巡航
T002,775.0,109.21633755030285,23.016488912594266,501.8304748535156,巡航
T002,780.0,109.21570840313092,23.0168347974702,501.8304748535156,巡航
T002,785.0,109.215079255959,23.017180682346133,501.8304748535156,巡航
T002,790.0,109.21445010878708,23.017526567222067,501.8304748535156,巡航
T002,795.0,109.21382096161516,23.017872452098,501.8304748535156,巡航
T002,800.0,109.21319181444323,23.018218336973934,501.8304748535156,巡航
T002,805.0,109.21256266727131,23.018564221849868,501.8304748535156,巡航
T002,810.0,109.2119335200994,23.0189101067258,501.8304748535156,巡航
T002,815.0,109.21130437292747,23.019255991601735,501.8304748535156,巡航
T002,820.0,109.21067522575555,23.01960187647767,501.8304748535156,巡航
T002,825.0,109.21004607858363,23.019947761353603,501.8304748535156,巡航
T002,830.0,109.20941693141171,23.020293646229536,501.8304748535156,巡航
T002,835.0,109.20878778423977,23.02063953110547,501.8304748535156,巡航
T002,840.0,109.20815863706785,23.020985415981404,501.8304748535156,巡航
T002,845.0,109.20752948989593,23.021331300857337,501.8304748535156,巡航
T002,850.0,109.20690034272401,23.02167718573327,501.8304748535156,巡航
T002,855.0,109.20627119555209,23.022023070609205,501.8304748535156,巡航
T002,860.0,109.20564204838017,23.02236895548514,501.8304748535156,巡航
T002,865.0,109.20501290120825,23.022714840361072,501.8304748535156,巡航
T002,870.0,109.20438375403633,23.023060725237006,501.8304748535156,巡航
T002,875.0,109.20375460686441,23.02340661011294,501.8304748535156,巡航
T002,880.0,109.20312545969249,23.023752494988873,501.8304748535156,巡航
T002,885.0,109.20249631252057,23.024098379864807,501.8304748535156,巡航
T002,890.0,109.20186716534863,23.02444426474074,501.8304748535156,巡航
T002,895.0,109.20123801817671,23.024790149616674,501.8304748535156,巡航
T002,900.0,109.20060887100479,23.025136034492608,501.8304748535156,巡航
T002,905.0,109.19997972383287,23.02548191936854,501.8304748535156,巡航
T002,910.0,109.19935057666095,23.025827804244475,501.8304748535156,巡航
T002,915.0,109.19872142948903,23.02617368912041,501.8304748535156,巡航
T002,920.0,109.1980922823171,23.026519573996342,501.8304748535156,巡航
T002,925.0,109.19746313514518,23.026865458872276,501.8304748535156,巡航
T002,930.0,109.19683398797326,23.02721134374821,501.8304748535156,巡航
T002,935.0,109.19620484080134,23.027557228624143,501.8304748535156,巡航
T002,940.0,109.19557569362942,23.027903113500077,501.8304748535156,巡航
T002,945.0,109.19494654645749,23.02824899837601,501.8304748535156,巡航
T002,950.0,109.19431739928557,23.028594883251944,501.8304748535156,巡航
T002,955.0,109.19368825211365,23.028940768127878,501.8304748535156,巡航
T002,960.0,109.19305910494172,23.029286653003812,501.8304748535156,巡航
T002,965.0,109.1928191,23.0294186,495.64524113465586,下降
T002,970.0,109.1928191,23.0294186,485.64524113465586,下降
T002,975.0,109.1928191,23.0294186,475.64524113465586,下降
T002,980.0,109.1928191,23.0294186,465.64524113465586,下降
T002,985.0,109.1928191,23.0294186,455.64524113465586,下降
T002,990.0,109.1928191,23.0294186,445.64524113465586,下降
T002,995.0,109.1928191,23.0294186,435.64524113465586,下降
T002,1000.0,109.1928191,23.0294186,425.64524113465586,下降
T002,1005.0,109.1928191,23.0294186,415.64524113465586,下降
T002,1010.0,109.1928191,23.0294186,405.64524113465586,下降
T002,1015.0,109.1928191,23.0294186,395.64524113465586,下降
T002,1020.0,109.1928191,23.0294186,385.64524113465586,下降
T002,1025.0,109.1928191,23.0294186,375.64524113465586,下降
T002,1030.0,109.1928191,23.0294186,365.64524113465586,下降
T002,1035.0,109.1928191,23.0294186,355.64524113465586,下降
T002,1040.0,109.1928191,23.0294186,348.5,投送
T002,1045.0,109.1928191,23.0294186,348.5,投送
T002,1050.0,109.1928191,23.0294186,348.5,投送
T002,1055.0,109.1928191,23.0294186,348.5,投送
T002,1060.0,109.1928191,23.0294186,348.5,投送
T002,1065.0,109.1928191,23.0294186,348.5,投送
T002,1070.0,109.1928191,23.0294186,348.5,投送
T002,1075.0,109.1928191,23.0294186,348.5,投送
T002,1080.0,109.1928191,23.0294186,348.5,投送
T002,1085.0,109.1928191,23.0294186,348.5,投送
T002,1090.0,109.1928191,23.0294186,348.5,投送
T002,1095.0,109.1928191,23.0294186,348.5,投送
T002,1100.0,109.1928191,23.0294186,348.5,投送
T002,1105.0,109.1928191,23.0294186,348.5,投送
T002,1110.0,109.1928191,23.0294186,348.5,投送
T002,1115.0,109.1928191,23.0294186,348.5,投送
T002,1120.0,109.1928191,23.0294186,348.5,投送
T002,1125.0,109.1928191,23.0294186,348.5,投送
T002,1130.0,109.1928191,23.0294186,348.5,投送
T002,1135.0,109.1928191,23.0294186,348.5,投送
T002,1140.0,109.1928191,23.0294186,348.5,投送
T002,1145.0,109.1928191,23.0294186,348.5,投送
T002,1150.0,109.1928191,23.0294186,348.5,投送
T002,1155.0,109.1928191,23.0294186,348.5,投送
T002,1160.0,109.1928191,23.0294186,348.5,投送
T002,1165.0,109.1928191,23.0294186,348.5,投送
T002,1170.0,109.1928191,23.0294186,348.5,投送
T002,1175.0,109.1928191,23.0294186,348.5,投送
T002,1180.0,109.1928191,23.0294186,348.5,投送
T002,1185.0,109.1928191,23.0294186,348.5,投送
T002,1190.0,109.1928191,23.0294186,348.5,投送
T002,1195.0,109.1928191,23.0294186,348.5,投送
T002,1200.0,109.1928191,23.0294186,348.5,投送
T002,1205.0,109.1928191,23.0294186,348.5,投送
T002,1210.0,109.1928191,23.0294186,348.5,投送
T002,1215.0,109.1928191,23.0294186,348.5,投送
T002,1220.0,109.1928191,23.0294186,348.5,投送
T002,1225.0,109.1928191,23.0294186,348.5,投送
T002,1230.0,109.1928191,23.0294186,348.5,投送
T002,1235.0,109.1928191,23.0294186,348.5,投送
T002,1240.0,109.1928191,23.0294186,348.5,投送
T002,1245.0,109.1928191,23.0294186,348.5,投送
T002,1250.0,109.1928191,23.0294186,348.5,投送
T002,1255.0,109.1928191,23.0294186,348.5,投送
T002,1260.0,109.1928191,23.0294186,348.5,投送
T002,1265.0,109.1928191,23.0294186,348.5,投送
T002,1270.0,109.1928191,23.0294186,348.5,投送
T002,1275.0,109.1928191,23.0294186,348.5,投送
T002,1280.0,109.1928191,23.0294186,348.5,投送
T002,1285.0,109.1928191,23.0294186,348.5,投送
T002,1290.0,109.1928191,23.0294186,348.5,投送
T002,1295.0,109.1928191,23.0294186,348.5,投送
T002,1300.0,109.1928191,23.0294186,348.5,投送
T002,1305.0,109.1928191,23.0294186,348.5,投送
T002,1310.0,109.1928191,23.0294186,348.5,投送
T002,1315.0,109.1928191,23.0294186,348.5,投送
T002,1320.0,109.1928191,23.0294186,348.5,投送
T002,1325.0,109.1928191,23.0294186,348.5,投送
T002,1330.0,109.1928191,23.0294186,348.5,投送
T002,1335.0,109.1928191,23.0294186,348.5,投送
T002,1340.0,109.1928191,23.0294186,348.5,投送
T002,1345.0,109.1928191,23.0294186,348.5,投送
T002,1350.0,109.1928191,23.0294186,348.5,投送
T002,1355.0,109.1928191,23.0294186,348.5,投送
T002,1360.0,109.1928191,23.0294186,348.5,投送
T002,1365.0,109.1928191,23.0294186,348.5,投送
T002,1370.0,109.1928191,23.0294186,348.5,投送
T002,1375.0,109.1928191,23.0294186,348.5,投送
T002,1380.0,109.1928191,23.0294186,348.5,投送
T002,1385.0,109.1928191,23.0294186,348.5,投送
T002,1390.0,109.1928191,23.0294186,348.5,投送
T002,1395.0,109.1928191,23.0294186,348.5,投送
T002,1400.0,109.1928191,23.0294186,352.0684485816802,爬升
T002,1405.0,109.1928191,23.0294186,364.5684485816802,爬升
T002,1410.0,109.1928191,23.0294186,377.06844858168023,爬升
T002,1415.0,109.1928191,23.0294186,389.56844858168023,爬升
T002,1420.0,109.1928191,23.0294186,402.06844858168023,爬升
T002,1425.0,109.1928191,23.0294186,414.5684485816803,爬升
T002,1430.0,109.1928191,23.0294186,427.0684485816803,爬升
T002,1435.0,109.1928191,23.0294186,439.5684485816803,爬升
T002,1440.0,109.1928191,23.0294186,452.0684485816803,爬升
T002,1445.0,109.1928191,23.0294186,464.56844858168034,爬升
T002,1450.0,109.1928191,23.0294186,477.06844858168034,爬升
T002,1455.0,109.1928191,23.0294186,489.5684485816804,爬升
T002,1460.0,109.1928191,23.0294186,502.0684485816804,爬升
T002,1465.0,109.1928191,23.0294186,514.5684485816804,爬升
T002,1470.0,109.19326931963357,23.029757588184022,517.1478271484375,巡航
T002,1475.0,109.1938365971431,23.03018471387658,517.1478271484375,巡航
T002,1480.0,109.19440387465264,23.030611839569136,517.1478271484375,巡航
T002,1485.0,109.19497115216218,23.031038965261693,517.1478271484375,巡航
T002,1490.0,109.19553842967171,23.03146609095425,517.1478271484375,巡航
T002,1495.0,109.19610570718125,23.031893216646807,517.1478271484375,巡航
T002,1500.0,109.19667298469079,23.032320342339364,517.1478271484375,巡航
T002,1505.0,109.19724026220032,23.03274746803192,517.1478271484375,巡航
T002,1510.0,109.19780753970986,23.03317459372448,517.1478271484375,巡航
T002,1515.0,109.19837481721939,23.033601719417035,517.1478271484375,巡航
T002,1520.0,109.19894209472893,23.034028845109592,517.1478271484375,巡航
T002,1525.0,109.19950937223847,23.03445597080215,517.1478271484375,巡航
T002,1530.0,109.200076649748,23.034883096494706,517.1478271484375,巡航
T002,1535.0,109.20064392725754,23.035310222187263,517.1478271484375,巡航
T002,1540.0,109.20121120476708,23.03573734787982,517.1478271484375,巡航
T002,1545.0,109.20177848227661,23.036164473572377,517.1478271484375,巡航
T002,1550.0,109.20234575978614,23.036591599264934,517.1478271484375,巡航
T002,1555.0,109.20291303729569,23.03701872495749,517.1478271484375,巡航
T002,1560.0,109.20348031480522,23.037445850650048,517.1478271484375,巡航
T002,1565.0,109.20404759231475,23.037872976342605,517.1478271484375,巡航
T002,1570.0,109.2046148698243,23.038300102035162,517.1478271484375,巡航
T002,1575.0,109.20518214733383,23.03872722772772,517.1478271484375,巡航
T002,1580.0,109.20574942484336,23.039154353420276,517.1478271484375,巡航
T002,1585.0,109.2063167023529,23.039581479112833,517.1478271484375,巡航
T002,1590.0,109.20688397986244,23.04000860480539,517.1478271484375,巡航
T002,1595.0,109.20745125737197,23.040435730497947,517.1478271484375,巡航
T002,1600.0,109.2080185348815,23.040862856190504,517.1478271484375,巡航
T002,1605.0,109.20858581239104,23.04128998188306,517.1478271484375,巡航
T002,1610.0,109.20915308990058,23.041717107575618,517.1478271484375,巡航
T002,1615.0,109.20972036741011,23.042144233268175,517.1478271484375,巡航
T002,1620.0,109.21028764491965,23.042571358960732,517.1478271484375,巡航
T002,1625.0,109.21085492242919,23.04299848465329,517.1478271484375,巡航
T002,1630.0,109.21142219993872,23.043425610345846,517.1478271484375,巡航
T002,1635.0,109.21198947744826,23.043852736038403,517.1478271484375,巡航
T002,1640.0,109.21255675495779,23.04427986173096,517.1478271484375,巡航
T002,1645.0,109.21312403246733,23.044706987423517,517.1478271484375,巡航
T002,1650.0,109.21369130997687,23.045134113116074,517.1478271484375,巡航
T002,1655.0,109.2142585874864,23.04556123880863,517.1478271484375,巡航
T002,1660.0,109.21482586499594,23.045988364501188,517.1478271484375,巡航
T002,1665.0,109.21539314250548,23.046415490193745,517.1478271484375,巡航
T002,1670.0,109.21596042001501,23.046842615886302,517.1478271484375,巡航
T002,1675.0,109.21652769752454,23.04726974157886,517.1478271484375,巡航
T002,1680.0,109.21709497503409,23.047696867271416,517.1478271484375,巡航
T002,1685.0,109.21766225254362,23.048123992963973,517.1478271484375,巡航
T002,1690.0,109.21822953005315,23.04855111865653,517.1478271484375,巡航
T002,1695.0,109.2187968075627,23.048978244349087,517.1478271484375,巡航
T002,1700.0,109.21936408507223,23.049405370041644,517.1478271484375,巡航
T002,1705.0,109.21993136258176,23.0498324957342,517.1478271484375,巡航
T002,1710.0,109.2204986400913,23.050259621426758,517.1478271484375,巡航
T002,1715.0,109.22106591760084,23.050686747119315,517.1478271484375,巡航
T002,1720.0,109.22163319511037,23.05111387281187,517.1478271484375,巡航
T002,1725.0,109.2222004726199,23.05154099850443,517.1478271484375,巡航
T002,1730.0,109.22276775012945,23.051968124196986,517.1478271484375,巡航
T002,1735.0,109.22333502763898,23.052395249889543,517.1478271484375,巡航
T002,1740.0,109.22390230514851,23.0528223755821,517.1478271484375,巡航
T002,1745.0,109.22446958265805,23.05324950127466,517.1478271484375,巡航
T002,1750.0,109.22503686016759,23.053676626967217,517.1478271484375,巡航
T002,1755.0,109.22560413767712,23.054103752659774,517.1478271484375,巡航
T002,1760.0,109.22617141518666,23.05453087835233,517.1478271484375,巡航
T002,1765.0,109.2267386926962,23.054958004044888,517.1478271484375,巡航
T002,1770.0,109.22730597020573,23.055385129737445,517.1478271484375,巡航
T002,1775.0,109.22787324771527,23.055812255430002,517.1478271484375,巡航
T002,1780.0,109.2283003,23.0561338,514.6759289602433,下降
T002,1785.0,109.2283003,23.0561338,504.67592896024325,下降
T002,1790.0,109.2283003,23.0561338,494.67592896024325,下降
T002,1795.0,109.2283003,23.0561338,484.67592896024325,下降
T002,1800.0,109.2283003,23.0561338,474.67592896024325,下降
T002,1805.0,109.2283003,23.0561338,464.67592896024325,下降
T002,1810.0,109.2283003,23.0561338,454.67592896024325,下降
T002,1815.0,109.2283003,23.0561338,444.67592896024325,下降
T002,1820.0,109.2283003,23.0561338,434.67592896024325,下降
T002,1825.0,109.2283003,23.0561338,424.67592896024325,下降
T002,1830.0,109.2283003,23.0561338,414.67592896024325,下降
T002,1835.0,109.2283003,23.0561338,404.67592896024325,下降
T002,1840.0,109.2283003,23.0561338,394.67592896024325,下降
T002,1845.0,109.2283003,23.0561338,384.67592896024325,下降
T002,1850.0,109.2283003,23.0561338,374.67592896024325,下降
T002,1855.0,109.2283003,23.0561338,364.67592896024325,下降
T002,1860.0,109.2283003,23.0561338,354.67592896024325,下降
T002,1865.0,109.2283003,23.0561338,344.67592896024325,下降
T002,1870.0,109.2283003,23.0561338,334.67592896024325,下降
T002,1875.0,109.2283003,23.0561338,324.67592896024325,下降
T002,1880.0,109.2283003,23.0561338,314.67592896024325,下降
T002,1885.0,109.2283003,23.0561338,304.67592896024325,下降
T002,1890.0,109.2283003,23.0561338,294.67592896024325,下降
T002,1895.0,109.2283003,23.0561338,284.67592896024325,下降
T002,1900.0,109.2283003,23.0561338,274.67592896024325,下降
T002,1905.0,109.2283003,23.0561338,264.67592896024325,下降
T002,1910.0,109.2283003,23.0561338,254.67592896024325,下降
T002,1915.0,109.2283003,23.0561338,244.67592896024325,下降
T002,1920.0,109.2283003,23.0561338,234.67592896024325,下降
T002,1925.0,109.2283003,23.0561338,224.67592896024325,下降
T002,1930.0,109.2283003,23.0561338,214.67592896024325,下降
T002,1935.0,109.2283003,23.0561338,204.67592896024325,下降
T002,1940.0,109.2283003,23.0561338,195.0,投送
T002,1945.0,109.2283003,23.0561338,195.0,投送
T002,1950.0,109.2283003,23.0561338,195.0,投送
T002,1955.0,109.2283003,23.0561338,195.0,投送
T002,1960.0,109.2283003,23.0561338,195.0,投送
T002,1965.0,109.2283003,23.0561338,195.0,投送
T002,1970.0,109.2283003,23.0561338,195.0,投送
T002,1975.0,109.2283003,23.0561338,195.0,投送
T002,1980.0,109.2283003,23.0561338,195.0,投送
T002,1985.0,109.2283003,23.0561338,195.0,投送
T002,1990.0,109.2283003,23.0561338,195.0,投送
T002,1995.0,109.2283003,23.0561338,195.0,投送
T002,2000.0,109.2283003,23.0561338,195.0,投送
T002,2005.0,109.2283003,23.0561338,195.0,投送
T002,2010.0,109.2283003,23.0561338,195.0,投送
T002,2015.0,109.2283003,23.0561338,195.0,投送
T002,2020.0,109.2283003,23.0561338,195.0,投送
T002,2025.0,109.2283003,23.0561338,195.0,投送
T002,2030.0,109.2283003,23.0561338,195.0,投送
T002,2035.0,109.2283003,23.0561338,195.0,投送
T002,2040.0,109.2283003,23.0561338,195.0,投送
T002,2045.0,109.2283003,23.0561338,195.0,投送
T002,2050.0,109.2283003,23.0561338,195.0,投送
T002,2055.0,109.2283003,23.0561338,195.0,投送
T002,2060.0,109.2283003,23.0561338,195.0,投送
T002,2065.0,109.2283003,23.0561338,195.0,投送
T002,2070.0,109.2283003,23.0561338,195.0,投送
T002,2075.0,109.2283003,23.0561338,195.0,投送
T002,2080.0,109.2283003,23.0561338,195.0,投送
T002,2085.0,109.2283003,23.0561338,195.0,投送
T002,2090.0,109.2283003,23.0561338,195.0,投送
T002,2095.0,109.2283003,23.0561338,195.0,投送
T002,2100.0,109.2283003,23.0561338,195.0,投送
T002,2105.0,109.2283003,23.0561338,195.0,投送
T002,2110.0,109.2283003,23.0561338,195.0,投送
T002,2115.0,109.2283003,23.0561338,195.0,投送
T002,2120.0,109.2283003,23.0561338,195.0,投送
T002,2125.0,109.2283003,23.0561338,195.0,投送
T002,2130.0,109.2283003,23.0561338,195.0,投送
T002,2135.0,109.2283003,23.0561338,195.0,投送
T002,2140.0,109.2283003,23.0561338,195.0,投送
T002,2145.0,109.2283003,23.0561338,195.0,投送
T002,2150.0,109.2283003,23.0561338,195.0,投送
T002,2155.0,109.2283003,23.0561338,195.0,投送
T002,2160.0,109.2283003,23.0561338,195.0,投送
T002,2165.0,109.2283003,23.0561338,195.0,投送
T002,2170.0,109.2283003,23.0561338,195.0,投送
T002,2175.0,109.2283003,23.0561338,195.0,投送
T002,2180.0,109.2283003,23.0561338,195.0,投送
T002,2185.0,109.2283003,23.0561338,195.0,投送
T002,2190.0,109.2283003,23.0561338,195.0,投送
T002,2195.0,109.2283003,23.0561338,202.90508879969593,爬升
T002,2200.0,109.2283003,23.0561338,215.40508879969596,爬升
T002,2205.0,109.2283003,23.0561338,227.905088799696,爬升
T002,2210.0,109.2283003,23.0561338,240.40508879969602,爬升
T002,2215.0,109.2283003,23.0561338,252.90508879969605,爬升
T002,2220.0,109.2283003,23.0561338,265.40508879969605,爬升
T002,2225.0,109.2283003,23.0561338,277.90508879969605,爬升
T002,2230.0,109.2283003,23.0561338,290.4050887996961,爬升
T002,2235.0,109.2283003,23.0561338,302.90508879969616,爬升
T002,2240.0,109.2283003,23.0561338,315.40508879969616,爬升
T002,2245.0,109.22830461416945,23.056053271937053,326.410888671875,巡航
T002,2250.0,109.22834070513011,23.055379599938142,326.410888671875,巡航
T002,2255.0,109.22837679609077,23.054705927939235,326.410888671875,巡航
T002,2260.0,109.22841288705143,23.054032255940328,326.410888671875,巡航
T002,2265.0,109.22844897801211,23.05335858394142,326.410888671875,巡航
T002,2270.0,109.22848506897277,23.052684911942514,326.410888671875,巡航
T002,2275.0,109.22852115993344,23.052011239943607,326.410888671875,巡航
T002,2280.0,109.2285572508941,23.0513375679447,326.410888671875,巡航
T002,2285.0,109.22859334185476,23.05066389594579,326.410888671875,巡航
T002,2290.0,109.22862943281544,23.04999022394688,326.410888671875,巡航
T002,2295.0,109.2286655237761,23.049316551947975,326.410888671875,巡航
T002,2300.0,109.22870161473676,23.048642879949067,326.410888671875,巡航
T002,2305.0,109.22873770569743,23.04796920795016,326.410888671875,巡航
T002,2310.0,109.22877379665809,23.047295535951253,326.410888671875,巡航
T002,2315.0,109.22880988761875,23.046621863952346,326.410888671875,巡航
T002,2320.0,109.22884597857943,23.045948191953435,326.410888671875,巡航
T002,2325.0,109.22888206954009,23.04527451995453,326.410888671875,巡航
T002,2330.0,109.22891816050075,23.04460084795562,326.410888671875,巡航
T002,2335.0,109.22895425146142,23.043927175956714,326.410888671875,巡航
T002,2340.0,109.22899034242208,23.043253503957807,326.410888671875,巡航
T002,2345.0,109.22902643338276,23.0425798319589,326.410888671875,巡航
T002,2350.0,109.22906252434342,23.041906159959993,326.410888671875,巡航
T002,2355.0,109.22909861530408,23.041232487961086,326.410888671875,巡航
T002,2360.0,109.22913470626474,23.040558815962175,326.410888671875,巡航
T002,2365.0,109.22917079722541,23.039885143963268,326.410888671875,巡航
T002,2370.0,109.22920688818607,23.03921147196436,326.410888671875,巡航
T002,2375.0,109.22924297914675,23.038537799965454,326.410888671875,巡航
T002,2380.0,109.22927907010741,23.037864127966547,326.410888671875,巡航
T002,2385.0,109.22931516106807,23.03719045596764,326.410888671875,巡航
T002,2390.0,109.22935125202874,23.036516783968732,326.410888671875,巡航
T002,2395.0,109.2293873429894,23.03584311196982,326.410888671875,巡航
T002,2400.0,109.22942343395007,23.035169439970915,326.410888671875,巡航
T002,2405.0,109.22945952491074,23.034495767972007,326.410888671875,巡航
T002,2410.0,109.2294956158714,23.0338220959731,326.410888671875,巡航
T002,2415.0,109.22953170683206,23.033148423974193,326.410888671875,巡航
T002,2420.0,109.22956779779273,23.032474751975286,326.410888671875,巡航
T002,2425.0,109.2296038887534,23.03180107997638,326.410888671875,巡航
T002,2430.0,109.22963997971407,23.03112740797747,326.410888671875,巡航
T002,2435.0,109.22967607067473,23.03045373597856,326.410888671875,巡航
T002,2440.0,109.22971216163539,23.029780063979654,326.410888671875,巡航
T002,2445.0,109.22974825259605,23.029106391980747,326.410888671875,巡航
T002,2450.0,109.22978434355672,23.02843271998184,326.410888671875,巡航
T002,2455.0,109.22982043451739,23.027759047982933,326.410888671875,巡航
T002,2460.0,109.22985652547806,23.027085375984026,326.410888671875,巡航
T002,2465.0,109.22989261643872,23.02641170398512,326.410888671875,巡航
T002,2470.0,109.22992870739938,23.025738031986208,326.410888671875,巡航
T002,2475.0,109.22996479836004,23.0250643599873,326.410888671875,巡航
T002,2480.0,109.23000088932072,23.024390687988394,326.410888671875,巡航
T002,2485.0,109.23003698028138,23.023717015989487,326.410888671875,巡航
T002,2490.0,109.23007307124205,23.02304334399058,326.410888671875,巡航
T002,2495.0,109.23010916220271,23.022369671991672,326.410888671875,巡航
T002,2500.0,109.23014525316337,23.021695999992765,326.410888671875,巡航
T002,2505.0,109.23018134412403,23.021022327993855,326.410888671875,巡航
T002,2510.0,109.23021743508471,23.020348655994948,326.410888671875,巡航
T002,2515.0,109.23025352604537,23.01967498399604,326.410888671875,巡航
T002,2520.0,109.23028961700604,23.019001311997133,326.410888671875,巡航
T002,2525.0,109.2303257079667,23.018327639998226,326.410888671875,巡航
T002,2530.0,109.23036179892736,23.01765396799932,326.410888671875,巡航
T002,2535.0,109.23039788988804,23.016980296000412,326.410888671875,巡航
T002,2540.0,109.2304339808487,23.0163066240015,326.410888671875,巡航
T002,2545.0,109.23047007180936,23.015632952002594,326.410888671875,巡航
T002,2550.0,109.23050616277003,23.014959280003687,326.410888671875,巡航
T002,2555.0,109.23054225373069,23.01428560800478,326.410888671875,巡航
T002,2560.0,109.23057834469137,23.013611936005873,326.410888671875,巡航
T002,2565.0,109.23061443565203,23.012938264006966,326.410888671875,巡航
T002,2570.0,109.23065052661269,23.01226459200806,326.410888671875,巡航
T002,2575.0,109.23068661757335,23.01159092000915,326.410888671875,巡航
T002,2580.0,109.23072270853402,23.01091724801024,326.410888671875,巡航
T002,2585.0,109.23075879949468,23.010243576011334,326.410888671875,巡航
T002,2590.0,109.23079489045536,23.009569904012427,326.410888671875,巡航
T002,2595.0,109.23083098141602,23.00889623201352,326.410888671875,巡航
T002,2600.0,109.2308517,23.0085095,322.15154605629505,下降
T002,2605.0,109.2308517,23.0085095,312.15154605629505,下降
T002,2610.0,109.2308517,23.0085095,302.15154605629505,下降
T002,2615.0,109.2308517,23.0085095,292.15154605629505,下降
T002,2620.0,109.2308517,23.0085095,282.1515460562951,下降
T002,2625.0,109.2308517,23.0085095,272.1515460562951,下降
T002,2630.0,109.2308517,23.0085095,262.1515460562951,下降
T002,2635.0,109.2308517,23.0085095,252.1515460562951,下降
T002,2640.0,109.2308517,23.0085095,242.1515460562951,下降
T002,2645.0,109.2308517,23.0085095,232.15154605629513,下降
T002,2650.0,109.2308517,23.0085095,222.15154605629513,下降
T002,2655.0,109.2308517,23.0085095,212.15154605629516,下降
T002,2660.0,109.2308517,23.0085095,202.15154605629516,下降
T002,2665.0,109.2308517,23.0085095,192.15154605629516,下降
T002,2670.0,109.2308517,23.0085095,182.1515460562952,下降
T002,2675.0,109.2308517,23.0085095,172.15154605629516,下降
T002,2680.0,109.2308517,23.0085095,162.1515460562952,下降
T002,2685.0,109.2308517,23.0085095,152.15154605629522,下降
T002,2690.0,109.2308517,23.0085095,142.1515460562952,下降
T002,2695.0,109.2308517,23.0085095,132.15154605629522,下降
T003,2045.0,109.2308517,23.0085095,136.63314575363322,爬升
T003,2050.0,109.2308517,23.0085095,149.13314575363324,爬升
T003,2055.0,109.2308517,23.0085095,161.63314575363324,爬升
T003,2060.0,109.2308517,23.0085095,174.13314575363327,爬升
T003,2065.0,109.2308517,23.0085095,186.6331457536333,爬升
T003,2070.0,109.2308517,23.0085095,199.1331457536333,爬升
T003,2075.0,109.2308517,23.0085095,211.63314575363333,爬升
T003,2080.0,109.2308517,23.0085095,224.13314575363336,爬升
T003,2085.0,109.2308517,23.0085095,236.63314575363336,爬升
T003,2090.0,109.2308517,23.0085095,249.13314575363339,爬升
T003,2095.0,109.2308517,23.0085095,261.6331457536334,爬升
T003,2100.0,109.2308517,23.0085095,274.1331457536334,爬升
T003,2105.0,109.2308517,23.0085095,286.6331457536334,爬升
T003,2110.0,109.2308517,23.0085095,299.13314575363347,爬升
T003,2115.0,109.2308609780192,23.00853020544181,311.21807861328125,巡航
T003,2120.0,109.23114039122407,23.009153762446243,311.21807861328125,巡航
T003,2125.0,109.23141980442897,23.009777319450674,311.21807861328125,巡航
T003,2130.0,109.23169921763385,23.010400876455105,311.21807861328125,巡航
T003,2135.0,109.23197863083873,23.011024433459536,311.21807861328125,巡航
T003,2140.0,109.2322580440436,23.011647990463963,311.21807861328125,巡航
T003,2145.0,109.23253745724848,23.012271547468394,311.21807861328125,巡航
T003,2150.0,109.23281687045338,23.012895104472825,311.21807861328125,巡航
T003,2155.0,109.23309628365826,23.013518661477256,311.21807861328125,巡航
T003,2160.0,109.23337569686313,23.014142218481684,311.21807861328125,巡航
T003,2165.0,109.23365511006801,23.014765775486115,311.21807861328125,巡航
T003,2170.0,109.2339345232729,23.015389332490546,311.21807861328125,巡航
T003,2175.0,109.23421393647779,23.016012889494977,311.21807861328125,巡航
T003,2180.0,109.23449334968267,23.016636446499408,311.21807861328125,巡航
T003,2185.0,109.23477276288754,23.017260003503836,311.21807861328125,巡航
T003,2190.0,109.23505217609242,23.017883560508267,311.21807861328125,巡航
T003,2195.0,109.2353315892973,23.018507117512698,311.21807861328125,巡航
T003,2200.0,109.2356110025022,23.01913067451713,311.21807861328125,巡航
T003,2205.0,109.23589041570708,23.019754231521556,311.21807861328125,巡航
T003,2210.0,109.23616982891195,23.020377788525987,311.21807861328125,巡航
T003,2215.0,109.23644924211683,23.02100134553042,311.21807861328125,巡航
T003,2220.0,109.23672865532173,23.02162490253485,311.21807861328125,巡航
T003,2225.0,109.2370080685266,23.02224845953928,311.21807861328125,巡航
T003,2230.0,109.23728748173149,23.022872016543708,311.21807861328125,巡航
T003,2235.0,109.23756689493636,23.02349557354814,311.21807861328125,巡航
T003,2240.0,109.23784630814124,23.02411913055257,311.21807861328125,巡航
T003,2245.0,109.23812572134614,23.024742687557,311.21807861328125,巡航
T003,2250.0,109.23840513455102,23.02536624456143,311.21807861328125,巡航
T003,2255.0,109.2386845477559,23.02598980156586,311.21807861328125,巡航
T003,2260.0,109.23896396096077,23.02661335857029,311.21807861328125,巡航
T003,2265.0,109.23924337416565,23.027236915574722,311.21807861328125,巡航
T003,2270.0,109.23952278737055,23.027860472579153,311.21807861328125,巡航
T003,2275.0,109.23980220057543,23.02848402958358,311.21807861328125,巡航
T003,2280.0,109.2400816137803,23.02910758658801,311.21807861328125,巡航
T003,2285.0,109.24036102698518,23.029731143592443,311.21807861328125,巡航
T003,2290.0,109.24064044019006,23.030354700596874,311.21807861328125,巡航
T003,2295.0,109.24091985339496,23.0309782576013,311.21807861328125,巡航
T003,2300.0,109.24119926659984,23.031601814605732,311.21807861328125,巡航
T003,2305.0,109.24147867980471,23.032225371610163,311.21807861328125,巡航
T003,2310.0,109.2417580930096,23.032848928614595,311.21807861328125,巡航
T003,2315.0,109.24203750621447,23.033472485619026,311.21807861328125,巡航
T003,2320.0,109.24231691941937,23.034096042623453,311.21807861328125,巡航
T003,2325.0,109.24259633262425,23.034719599627884,311.21807861328125,巡航
T003,2330.0,109.24287574582912,23.035343156632315,311.21807861328125,巡航
T003,2335.0,109.243155159034,23.035966713636746,311.21807861328125,巡航
T003,2340.0,109.2434345722389,23.036590270641174,311.21807861328125,巡航
T003,2345.0,109.24371398544378,23.037213827645605,311.21807861328125,巡航
T003,2350.0,109.24399339864866,23.037837384650036,311.21807861328125,巡航
T003,2355.0,109.24427281185353,23.038460941654467,311.21807861328125,巡航
T003,2360.0,109.24455222505841,23.039084498658898,311.21807861328125,巡航
T003,2365.0,109.2448316382633,23.039708055663326,311.21807861328125,巡航
T003,2370.0,109.24511105146819,23.040331612667757,311.21807861328125,巡航
T003,2375.0,109.24539046467306,23.040955169672188,311.21807861328125,巡航
T003,2380.0,109.24566987787794,23.04157872667662,311.21807861328125,巡航
T003,2385.0,109.24594929108282,23.042202283681046,311.21807861328125,巡航
T003,2390.0,109.24622870428772,23.042825840685477,311.21807861328125,巡航
T003,2395.0,109.2465081174926,23.04344939768991,311.21807861328125,巡航
T003,2400.0,109.24678753069747,23.04407295469434,311.21807861328125,巡航
T003,2405.0,109.24706694390235,23.04469651169877,311.21807861328125,巡航
T003,2410.0,109.24734635710723,23.045320068703198,311.21807861328125,巡航
T003,2415.0,109.24762577031213,23.04594362570763,311.21807861328125,巡航
T003,2420.0,109.247905183517,23.04656718271206,311.21807861328125,巡航
T003,2425.0,109.24818459672188,23.04719073971649,311.21807861328125,巡航
T003,2430.0,109.24846400992676,23.04781429672092,311.21807861328125,巡航
T003,2435.0,109.24874342313164,23.04843785372535,311.21807861328125,巡航
T003,2440.0,109.24902283633654,23.04906141072978,311.21807861328125,巡航
T003,2445.0,109.24930224954142,23.049684967734212,311.21807861328125,巡航
T003,2450.0,109.2495816627463,23.050308524738643,311.21807861328125,巡航
T003,2455.0,109.24986107595117,23.05093208174307,311.21807861328125,巡航
T003,2460.0,109.25014048915605,23.0515556387475,311.21807861328125,巡航
T003,2465.0,109.25041990236095,23.052179195751933,311.21807861328125,巡航
T003,2470.0,109.25069931556583,23.052802752756364,311.21807861328125,巡航
T003,2475.0,109.2509787287707,23.05342630976079,311.21807861328125,巡航
T003,2480.0,109.25125814197558,23.054049866765222,311.21807861328125,巡航
T003,2485.0,109.25153755518048,23.054673423769653,311.21807861328125,巡航
T003,2490.0,109.25181696838536,23.055296980774084,311.21807861328125,巡航
T003,2495.0,109.25209638159023,23.055920537778515,311.21807861328125,巡航
T003,2500.0,109.25237579479511,23.056544094782943,311.21807861328125,巡航
T003,2505.0,109.252655208,23.057167651787374,311.21807861328125,巡航
T003,2510.0,109.25293462120489,23.057791208791805,311.21807861328125,巡航
T003,2515.0,109.25321403440977,23.058414765796236,311.21807861328125,巡航
T003,2520.0,109.25349344761464,23.059038322800664,311.21807861328125,巡航
T003,2525.0,109.25377286081952,23.059661879805095,311.21807861328125,巡航
T003,2530.0,109.2540522740244,23.060285436809526,311.21807861328125,巡航
T003,2535.0,109.2543316872293,23.060908993813957,311.21807861328125,巡航
T003,2540.0,109.25461110043418,23.061532550818388,311.21807861328125,巡航
T003,2545.0,109.25489051363905,23.062156107822815,311.21807861328125,巡航
T003,2550.0,109.25516992684393,23.062779664827247,311.21807861328125,巡航
T003,2555.0,109.25544934004881,23.063403221831678,311.21807861328125,巡航
T003,2560.0,109.2557287532537,23.06402677883611,311.21807861328125,巡航
T003,2565.0,109.25600816645859,23.064650335840536,311.21807861328125,巡航
T003,2570.0,109.25628757966346,23.065273892844967,311.21807861328125,巡航
T003,2575.0,109.25656699286834,23.0658974498494,311.21807861328125,巡航
T003,2580.0,109.25684640607322,23.06652100685383,311.21807861328125,巡航
T003,2585.0,109.25712581927812,23.06714456385826,311.21807861328125,巡航
T003,2590.0,109.257405232483,23.067768120862688,311.21807861328125,巡航
T003,2595.0,109.25768464568787,23.06839167786712,311.21807861328125,巡航
T003,2600.0,109.25796405889275,23.06901523487155,311.21807861328125,巡航
T003,2605.0,109.25824347209765,23.06963879187598,311.21807861328125,巡航
T003,2610.0,109.25852288530253,23.07026234888041,311.21807861328125,巡航
T003,2615.0,109.2585519,23.0703271,302.256494012835,下降
T003,2620.0,109.2585519,23.0703271,292.256494012835,下降
T003,2625.0,109.2585519,23.0703271,282.256494012835,下降
T003,2630.0,109.2585519,23.0703271,272.256494012835,下降
T003,2635.0,109.2585519,23.0703271,262.256494012835,下降
T003,2640.0,109.2585519,23.0703271,252.256494012835,下降
T003,2645.0,109.2585519,23.0703271,242.256494012835,下降
T003,2650.0,109.2585519,23.0703271,232.256494012835,下降
T003,2655.0,109.2585519,23.0703271,222.256494012835,下降
T003,2660.0,109.2585519,23.0703271,219.5,投送
T003,2665.0,109.2585519,23.0703271,219.5,投送
T003,2670.0,109.2585519,23.0703271,219.5,投送
T003,2675.0,109.2585519,23.0703271,219.5,投送
T003,2680.0,109.2585519,23.0703271,219.5,投送
T003,2685.0,109.2585519,23.0703271,219.5,投送
T003,2690.0,109.2585519,23.0703271,219.5,投送
T003,2695.0,109.2585519,23.0703271,219.5,投送
T003,2700.0,109.2585519,23.0703271,219.5,投送
T003,2705.0,109.2585519,23.0703271,219.5,投送
T003,2710.0,109.2585519,23.0703271,219.5,投送
T003,2715.0,109.2585519,23.0703271,219.5,投送
T003,2720.0,109.2585519,23.0703271,219.5,投送
T003,2725.0,109.2585519,23.0703271,219.5,投送
T003,2730.0,109.2585519,23.0703271,219.5,投送
T003,2735.0,109.2585519,23.0703271,219.5,投送
T003,2740.0,109.2585519,23.0703271,219.5,投送
T003,2745.0,109.2585519,23.0703271,219.5,投送
T003,2750.0,109.2585519,23.0703271,219.5,投送
T003,2755.0,109.2585519,23.0703271,219.5,投送
T003,2760.0,109.2585519,23.0703271,219.5,投送
T003,2765.0,109.2585519,23.0703271,219.5,投送
T003,2770.0,109.2585519,23.0703271,219.5,投送
T003,2775.0,109.2585519,23.0703271,219.5,投送
T003,2780.0,109.2585519,23.0703271,219.5,投送
T003,2785.0,109.2585519,23.0703271,219.5,投送
T003,2790.0,109.2585519,23.0703271,219.5,投送
T003,2795.0,109.2585519,23.0703271,219.5,投送
T003,2800.0,109.2585519,23.0703271,219.5,投送
T003,2805.0,109.2585519,23.0703271,219.5,投送
T003,2810.0,109.2585519,23.0703271,219.5,投送
T003,2815.0,109.2585519,23.0703271,219.5,投送
T003,2820.0,109.2585519,23.0703271,219.5,投送
T003,2825.0,109.2585519,23.0703271,219.5,投送
T003,2830.0,109.2585519,23.0703271,219.5,投送
T003,2835.0,109.2585519,23.0703271,219.5,投送
T003,2840.0,109.2585519,23.0703271,219.5,投送
T003,2845.0,109.2585519,23.0703271,219.5,投送
T003,2850.0,109.2585519,23.0703271,219.5,投送
T003,2855.0,109.2585519,23.0703271,219.5,投送
T003,2860.0,109.2585519,23.0703271,219.5,投送
T003,2865.0,109.2585519,23.0703271,219.5,投送
T003,2870.0,109.2585519,23.0703271,219.5,投送
T003,2875.0,109.2585519,23.0703271,219.5,投送
T003,2880.0,109.2585519,23.0703271,219.5,投送
T003,2885.0,109.2585519,23.0703271,219.5,投送
T003,2890.0,109.2585519,23.0703271,219.5,投送
T003,2895.0,109.2585519,23.0703271,219.5,投送
T003,2900.0,109.2585519,23.0703271,219.5,投送
T003,2905.0,109.2585519,23.0703271,219.5,投送
T003,2910.0,109.2585519,23.0703271,219.5,投送
T003,2915.0,109.2585519,23.0703271,219.5,投送
T003,2920.0,109.2585519,23.0703271,219.5,投送
T003,2925.0,109.2585519,23.0703271,219.5,投送
T003,2930.0,109.2585519,23.0703271,219.5,投送
T003,2935.0,109.2585519,23.0703271,219.5,投送
T003,2940.0,109.2585519,23.0703271,219.5,投送
T003,2945.0,109.2585519,23.0703271,219.5,投送
T003,2950.0,109.2585519,23.0703271,219.5,投送
T003,2955.0,109.2585519,23.0703271,219.5,投送
T003,2960.0,109.2585519,23.0703271,219.5,投送
T003,2965.0,109.2585519,23.0703271,219.5,投送
T003,2970.0,109.2585519,23.0703271,219.5,投送
T003,2975.0,109.2585519,23.0703271,219.5,投送
T003,2980.0,109.2585519,23.0703271,219.5,投送
T003,2985.0,109.2585519,23.0703271,219.5,投送
T003,2990.0,109.2585519,23.0703271,219.5,投送
T003,2995.0,109.2585519,23.0703271,219.5,投送
T003,3000.0,109.2585519,23.0703271,219.5,投送
T003,3005.0,109.2585519,23.0703271,219.5,投送
T003,3010.0,109.2585519,23.0703271,219.5,投送
T003,3015.0,109.2585519,23.0703271,219.5,投送
T003,3020.0,109.2585519,23.0703271,219.5,投送
T003,3025.0,109.2585519,23.0703271,219.5,投送
T003,3030.0,109.2585519,23.0703271,219.5,投送
T003,3035.0,109.2585519,23.0703271,219.5,投送
T003,3040.0,109.2585519,23.0703271,219.5,投送
T003,3045.0,109.2585519,23.0703271,219.5,投送
T003,3050.0,109.2585519,23.0703271,219.5,投送
T003,3055.0,109.2585519,23.0703271,226.05438248395623,爬升
T003,3060.0,109.2585519,23.0703271,238.5543824839562,爬升
T003,3065.0,109.2585519,23.0703271,251.05438248395618,爬升
T003,3070.0,109.2585519,23.0703271,263.55438248395615,爬升
T003,3075.0,109.2585519,23.0703271,276.05438248395615,爬升
T003,3080.0,109.2585519,23.0703271,288.5543824839561,爬升
T003,3085.0,109.2585519,23.0703271,301.05438248395603,爬升
T003,3090.0,109.25849967646784,23.070210554508556,311.21807861328125,巡航
T003,3095.0,109.25822026326296,23.06958699750413,311.21807861328125,巡航
T003,3100.0,109.25794085005806,23.068963440499697,311.21807861328125,巡航
T003,3105.0,109.25766143685318,23.068339883495266,311.21807861328125,巡航
T003,3110.0,109.2573820236483,23.067716326490835,311.21807861328125,巡航
T003,3115.0,109.25710261044343,23.067092769486404,311.21807861328125,巡航
T003,3120.0,109.25682319723855,23.066469212481977,311.21807861328125,巡航
T003,3125.0,109.25654378403365,23.065845655477546,311.21807861328125,巡航
T003,3130.0,109.25626437082877,23.065222098473114,311.21807861328125,巡航
T003,3135.0,109.2559849576239,23.064598541468683,311.21807861328125,巡航
T003,3140.0,109.25570554441902,23.063974984464256,311.21807861328125,巡航
T003,3145.0,109.25542613121414,23.063351427459825,311.21807861328125,巡航
T003,3150.0,109.25514671800924,23.062727870455394,311.21807861328125,巡航
T003,3155.0,109.25486730480436,23.062104313450963,311.21807861328125,巡航
T003,3160.0,109.25458789159948,23.06148075644653,311.21807861328125,巡航
T003,3165.0,109.2543084783946,23.060857199442104,311.21807861328125,巡航
T003,3170.0,109.25402906518973,23.060233642437673,311.21807861328125,巡航
T003,3175.0,109.25374965198483,23.059610085433242,311.21807861328125,巡航
T003,3180.0,109.25347023877995,23.05898652842881,311.21807861328125,巡航
T003,3185.0,109.25319082557507,23.058362971424383,311.21807861328125,巡航
T003,3190.0,109.2529114123702,23.057739414419952,311.21807861328125,巡航
T003,3195.0,109.25263199916532,23.05711585741552,311.21807861328125,巡航
T003,3200.0,109.25235258596042,23.05649230041109,311.21807861328125,巡航
T003,3205.0,109.25207317275554,23.05586874340666,311.21807861328125,巡航
T003,3210.0,109.25179375955067,23.05524518640223,311.21807861328125,巡航
T003,3215.0,109.25151434634579,23.0546216293978,311.21807861328125,巡航
T003,3220.0,109.2512349331409,23.05399807239337,311.21807861328125,巡航
T003,3225.0,109.25095551993601,23.05337451538894,311.21807861328125,巡航
T003,3230.0,109.25067610673113,23.05275095838451,311.21807861328125,巡航
T003,3235.0,109.25039669352626,23.05212740138008,311.21807861328125,巡航
T003,3240.0,109.25011728032138,23.05150384437565,311.21807861328125,巡航
T003,3245.0,109.24983786711648,23.050880287371218,311.21807861328125,巡航
T003,3250.0,109.2495584539116,23.050256730366787,311.21807861328125,巡航
T003,3255.0,109.24927904070672,23.04963317336236,311.21807861328125,巡航
T003,3260.0,109.24899962750185,23.049009616357928,311.21807861328125,巡航
T003,3265.0,109.24872021429697,23.048386059353497,311.21807861328125,巡航
T003,3270.0,109.24844080109207,23.047762502349066,311.21807861328125,巡航
T003,3275.0,109.2481613878872,23.04713894534464,311.21807861328125,巡航
T003,3280.0,109.24788197468231,23.046515388340207,311.21807861328125,巡航
T003,3285.0,109.24760256147744,23.045891831335776,311.21807861328125,巡航
T003,3290.0,109.24732314827256,23.045268274331345,311.21807861328125,巡航
T003,3295.0,109.24704373506766,23.044644717326914,311.21807861328125,巡航
T003,3300.0,109.24676432186278,23.044021160322487,311.21807861328125,巡航
T003,3305.0,109.2464849086579,23.043397603318056,311.21807861328125,巡航
T003,3310.0,109.24620549545303,23.042774046313625,311.21807861328125,巡航
T003,3315.0,109.24592608224815,23.042150489309194,311.21807861328125,巡航
T003,3320.0,109.24564666904325,23.041526932304766,311.21807861328125,巡航
T003,3325.0,109.24536725583837,23.040903375300335,311.21807861328125,巡航
T003,3330.0,109.2450878426335,23.040279818295904,311.21807861328125,巡航
T003,3335.0,109.24480842942862,23.039656261291473,311.21807861328125,巡航
T003,3340.0,109.24452901622374,23.03903270428704,311.21807861328125,巡航
T003,3345.0,109.24424960301884,23.038409147282614,311.21807861328125,巡航
T003,3350.0,109.24397018981396,23.037785590278183,311.21807861328125,巡航
T003,3355.0,109.24369077660909,23.037162033273752,311.21807861328125,巡航
T003,3360.0,109.2434113634042,23.03653847626932,311.21807861328125,巡航
T003,3365.0,109.24313195019931,23.035914919264894,311.21807861328125,巡航
T003,3370.0,109.24285253699443,23.035291362260462,311.21807861328125,巡航
T003,3375.0,109.24257312378955,23.03466780525603,311.21807861328125,巡航
T003,3380.0,109.24229371058468,23.0340442482516,311.21807861328125,巡航
T003,3385.0,109.2420142973798,23.03342069124717,311.21807861328125,巡航
T003,3390.0,109.2417348841749,23.032797134242742,311.21807861328125,巡航
T003,3395.0,109.24145547097002,23.03217357723831,311.21807861328125,巡航
T003,3400.0,109.24117605776514,23.03155002023388,311.21807861328125,巡航
T003,3405.0,109.24089664456027,23.03092646322945,311.21807861328125,巡航
T003,3410.0,109.24061723135539,23.03030290622502,311.21807861328125,巡航
T003,3415.0,109.2403378181505,23.02967934922059,311.21807861328125,巡航
T003,3420.0,109.24005840494561,23.02905579221616,311.21807861328125,巡航
T003,3425.0,109.23977899174074,23.028432235211728,311.21807861328125,巡航
T003,3430.0,109.23949957853586,23.027808678207297,311.21807861328125,巡航
T003,3435.0,109.23922016533098,23.02718512120287,311.21807861328125,巡航
T003,3440.0,109.23894075212608,23.02656156419844,311.21807861328125,巡航
T003,3445.0,109.2386613389212,23.025938007194007,311.21807861328125,巡航
T003,3450.0,109.23838192571633,23.025314450189576,311.21807861328125,巡航
T003,3455.0,109.23810251251145,23.02469089318515,311.21807861328125,巡航
T003,3460.0,109.23782309930657,23.024067336180718,311.21807861328125,巡航
T003,3465.0,109.23754368610167,23.023443779176286,311.21807861328125,巡航
T003,3470.0,109.2372642728968,23.022820222171855,311.21807861328125,巡航
T003,3475.0,109.23698485969192,23.022196665167424,311.21807861328125,巡航
T003,3480.0,109.23670544648704,23.021573108162997,311.21807861328125,巡航
T003,3485.0,109.23642603328214,23.020949551158566,311.21807861328125,巡航
T003,3490.0,109.23614662007726,23.020325994154135,311.21807861328125,巡航
T003,3495.0,109.23586720687238,23.019702437149704,311.21807861328125,巡航
T003,3500.0,109.2355877936675,23.019078880145276,311.21807861328125,巡航
T003,3505.0,109.23530838046263,23.018455323140845,311.21807861328125,巡航
T003,3510.0,109.23502896725773,23.017831766136414,311.21807861328125,巡航
T003,3515.0,109.23474955405285,23.017208209131983,311.21807861328125,巡航
T003,3520.0,109.23447014084798,23.016584652127552,311.21807861328125,巡航
T003,3525.0,109.2341907276431,23.015961095123124,311.21807861328125,巡航
T003,3530.0,109.23391131443822,23.015337538118693,311.21807861328125,巡航
T003,3535.0,109.23363190123332,23.014713981114262,311.21807861328125,巡航
T003,3540.0,109.23335248802844,23.01409042410983,311.21807861328125,巡航
T003,3545.0,109.23307307482357,23.013466867105404,311.21807861328125,巡航
T003,3550.0,109.23279366161869,23.012843310100973,311.21807861328125,巡航
T003,3555.0,109.2325142484138,23.01221975309654,311.21807861328125,巡航
T003,3560.0,109.23223483520891,23.01159619609211,311.21807861328125,巡航
T003,3565.0,109.23195542200403,23.01097263908768,311.21807861328125,巡航
T003,3570.0,109.23167600879916,23.010349082083252,311.21807861328125,巡航
T003,3575.0,109.23139659559428,23.00972552507882,311.21807861328125,巡航
T003,3580.0,109.2311171823894,23.00910196807439,311.21807861328125,巡航
T003,3585.0,109.2308517,23.0085095,310.71950462857694,下降
T003,3590.0,109.2308517,23.0085095,300.71950462857694,下降
T003,3595.0,109.2308517,23.0085095,290.71950462857694,下降
T003,3600.0,109.2308517,23.0085095,280.71950462857694,下降
T003,3605.0,109.2308517,23.0085095,270.719504628577,下降
T003,3610.0,109.2308517,23.0085095,260.719504628577,下降
T003,3615.0,109.2308517,23.0085095,250.719504628577,下降
T003,3620.0,109.2308517,23.0085095,240.719504628577,下降
T003,3625.0,109.2308517,23.0085095,230.71950462857703,下降
T003,3630.0,109.2308517,23.0085095,220.71950462857703,下降
T003,3635.0,109.2308517,23.0085095,210.71950462857706,下降
T003,3640.0,109.2308517,23.0085095,200.71950462857706,下降
T003,3645.0,109.2308517,23.0085095,190.71950462857706,下降
T003,3650.0,109.2308517,23.0085095,180.71950462857708,下降
T003,3655.0,109.2308517,23.0085095,170.71950462857706,下降
T003,3660.0,109.2308517,23.0085095,160.71950462857708,下降
T003,3665.0,109.2308517,23.0085095,150.71950462857708,下降
T003,3670.0,109.2308517,23.0085095,140.71950462857708,下降
T003,3675.0,109.2308517,23.0085095,130.7195046285771,下降
T004,390.0,109.2308517,23.0085095,127.7,爬升
T004,395.0,109.2308517,23.0085095,142.70000000000002,爬升
T004,400.0,109.2308517,23.0085095,157.70000000000002,爬升
T004,405.0,109.2308517,23.0085095,172.70000000000002,爬升
T004,410.0,109.2308517,23.0085095,187.70000000000002,爬升
T004,415.0,109.2308517,23.0085095,202.70000000000002,爬升
T004,420.0,109.2308517,23.0085095,217.70000000000002,爬升
T004,425.0,109.2308517,23.0085095,232.70000000000005,爬升
T004,430.0,109.2308517,23.0085095,247.70000000000002,爬升
T004,435.0,109.2308517,23.0085095,262.70000000000005,爬升
T004,440.0,109.2308517,23.0085095,277.70000000000005,爬升
T004,445.0,109.2308517,23.0085095,292.70000000000005,爬升
T004,450.0,109.2308517,23.0085095,307.70000000000005,爬升
T004,455.0,109.2308517,23.0085095,322.70000000000005,爬升
T004,460.0,109.2308517,23.0085095,337.70000000000005,爬升
T004,465.0,109.2308517,23.0085095,352.70000000000005,爬升
T004,470.0,109.2308517,23.0085095,367.70000000000005,爬升
T004,475.0,109.2308517,23.0085095,382.70000000000005,爬升
T004,480.0,109.2308517,23.0085095,397.70000000000005,爬升
T004,485.0,109.2308517,23.0085095,412.70000000000005,爬升
T004,490.0,109.2308517,23.0085095,427.70000000000005,爬升
T004,495.0,109.23118551404866,23.00858999804671,435.63653564453125,巡航
T004,500.0,109.23189440284285,23.008760944007488,435.63653564453125,巡航
T004,505.0,109.23260329163705,23.008931889968263,435.63653564453125,巡航
T004,510.0,109.23331218043124,23.009102835929042,435.63653564453125,巡航
T004,515.0,109.23402106922543,23.00927378188982,435.63653564453125,巡航
T004,520.0,109.23472995801964,23.009444727850596,435.63653564453125,巡航
T004,525.0,109.23543884681384,23.009615673811375,435.63653564453125,巡航
T004,530.0,109.23614773560803,23.009786619772154,435.63653564453125,巡航
T004,535.0,109.23685662440222,23.00995756573293,435.63653564453125,巡航
T004,540.0,109.23756551319642,23.010128511693708,435.63653564453125,巡航
T004,545.0,109.23827440199062,23.010299457654483,435.63653564453125,巡航
T004,550.0,109.23898329078482,23.010470403615262,435.63653564453125,巡航
T004,555.0,109.23969217957901,23.01064134957604,435.63653564453125,巡航
T004,560.0,109.2404010683732,23.010812295536816,435.63653564453125,巡航
T004,565.0,109.24110995716741,23.010983241497595,435.63653564453125,巡航
T004,570.0,109.2418188459616,23.011154187458374,435.63653564453125,巡航
T004,575.0,109.2425277347558,23.01132513341915,435.63653564453125,巡航
T004,580.0,109.24323662354999,23.011496079379928,435.63653564453125,巡航
T004,585.0,109.24394551234418,23.011667025340707,435.63653564453125,巡航
T004,590.0,109.24465440113839,23.011837971301482,435.63653564453125,巡航
T004,595.0,109.24536328993258,23.01200891726226,435.63653564453125,巡航
T004,600.0,109.24607217872678,23.012179863223036,435.63653564453125,巡航
T004,605.0,109.24678106752097,23.012350809183815,435.63653564453125,巡航
T004,610.0,109.24748995631516,23.012521755144594,435.63653564453125,巡航
T004,615.0,109.24819884510937,23.01269270110537,435.63653564453125,巡航
T004,620.0,109.24890773390356,23.012863647066148,435.63653564453125,巡航
T004,625.0,109.24961662269776,23.013034593026926,435.63653564453125,巡航
T004,630.0,109.25032551149195,23.0132055389877,435.63653564453125,巡航
T004,635.0,109.25103440028614,23.01337648494848,435.63653564453125,巡航
T004,640.0,109.25174328908035,23.013547430909256,435.63653564453125,巡航
T004,645.0,109.25245217787455,23.013718376870035,435.63653564453125,巡航
T004,650.0,109.25316106666874,23.013889322830813,435.63653564453125,巡航
T004,655.0,109.25386995546293,23.01406026879159,435.63653564453125,巡航
T004,660.0,109.25457884425713,23.014231214752368,435.63653564453125,巡航
T004,665.0,109.25528773305133,23.014402160713146,435.63653564453125,巡航
T004,670.0,109.25599662184553,23.01457310667392,435.63653564453125,巡航
T004,675.0,109.25670551063972,23.0147440526347,435.63653564453125,巡航
T004,680.0,109.25741439943391,23.014914998595476,435.63653564453125,巡航
T004,685.0,109.25812328822812,23.015085944556255,435.63653564453125,巡航
T004,690.0,109.25883217702231,23.015256890517033,435.63653564453125,巡航
T004,695.0,109.2595410658165,23.01542783647781,435.63653564453125,巡航
T004,700.0,109.2602499546107,23.015598782438587,435.63653564453125,巡航
T004,705.0,109.2609588434049,23.015769728399366,435.63653564453125,巡航
T004,710.0,109.2616677321991,23.01594067436014,435.63653564453125,巡航
T004,715.0,109.2623766209933,23.01611162032092,435.63653564453125,巡航
T004,720.0,109.26308550978749,23.016282566281696,435.63653564453125,巡航
T004,725.0,109.26379439858168,23.016453512242474,435.63653564453125,巡航
T004,730.0,109.26450328737587,23.016624458203253,435.63653564453125,巡航
T004,735.0,109.26521217617008,23.01679540416403,435.63653564453125,巡航
T004,740.0,109.26592106496427,23.016966350124807,435.63653564453125,巡航
T004,745.0,109.26662995375847,23.017137296085586,435.63653564453125,巡航
T004,750.0,109.26733884255266,23.01730824204636,435.63653564453125,巡航
T004,755.0,109.26804773134685,23.01747918800714,435.63653564453125,巡航
T004,760.0,109.26875662014106,23.017650133967916,435.63653564453125,巡航
T004,765.0,109.26946550893526,23.017821079928694,435.63653564453125,巡航
T004,770.0,109.27017439772945,23.017992025889473,435.63653564453125,巡航
T004,775.0,109.27088328652364,23.01816297185025,435.63653564453125,巡航
T004,780.0,109.27159217531783,23.018333917811027,435.63653564453125,巡航
T004,785.0,109.27230106411204,23.018504863771806,435.63653564453125,巡航
T004,790.0,109.27300995290624,23.01867580973258,435.63653564453125,巡航
T004,795.0,109.27371884170043,23.01884675569336,435.63653564453125,巡航
T004,800.0,109.27442773049462,23.01901770165414,435.63653564453125,巡航
T004,805.0,109.27513661928883,23.019188647614914,435.63653564453125,巡航
T004,810.0,109.27584550808302,23.019359593575693,435.63653564453125,巡航
T004,815.0,109.2760168,23.0194009,426.1569656184688,下降
T004,820.0,109.2760168,23.0194009,413.6569656184688,下降
T004,825.0,109.2760168,23.0194009,401.1569656184688,下降
T004,830.0,109.2760168,23.0194009,388.6569656184688,下降
T004,835.0,109.2760168,23.0194009,376.1569656184688,下降
T004,840.0,109.2760168,23.0194009,363.6569656184688,下降
T004,845.0,109.2760168,23.0194009,351.6,投送
T004,850.0,109.2760168,23.0194009,351.6,投送
T004,855.0,109.2760168,23.0194009,351.6,投送
T004,860.0,109.2760168,23.0194009,351.6,投送
T004,865.0,109.2760168,23.0194009,351.6,投送
T004,870.0,109.2760168,23.0194009,351.6,投送
T004,875.0,109.2760168,23.0194009,351.6,投送
T004,880.0,109.2760168,23.0194009,351.6,投送
T004,885.0,109.2760168,23.0194009,351.6,投送
T004,890.0,109.2760168,23.0194009,351.6,投送
T004,895.0,109.2760168,23.0194009,351.6,投送
T004,900.0,109.2760168,23.0194009,351.6,投送
T004,905.0,109.2760168,23.0194009,351.6,投送
T004,910.0,109.2760168,23.0194009,351.6,投送
T004,915.0,109.2760168,23.0194009,351.6,投送
T004,920.0,109.2760168,23.0194009,351.6,投送
T004,925.0,109.2760168,23.0194009,351.6,投送
T004,930.0,109.2760168,23.0194009,351.6,投送
T004,935.0,109.2760168,23.0194009,351.6,投送
T004,940.0,109.2760168,23.0194009,351.6,投送
T004,945.0,109.2760168,23.0194009,351.6,投送
T004,950.0,109.2760168,23.0194009,351.6,投送
T004,955.0,109.2760168,23.0194009,351.6,投送
T004,960.0,109.2760168,23.0194009,351.6,投送
T004,965.0,109.2760168,23.0194009,351.6,投送
T004,970.0,109.2760168,23.0194009,351.6,投送
T004,975.0,109.2760168,23.0194009,351.6,投送
T004,980.0,109.2760168,23.0194009,351.6,投送
T004,985.0,109.2760168,23.0194009,351.6,投送
T004,990.0,109.2760168,23.0194009,351.6,投送
T004,995.0,109.2760168,23.0194009,351.6,投送
T004,1000.0,109.2760168,23.0194009,351.6,投送
T004,1005.0,109.2760168,23.0194009,351.6,投送
T004,1010.0,109.2760168,23.0194009,351.6,投送
T004,1015.0,109.2760168,23.0194009,351.6,投送
T004,1020.0,109.2760168,23.0194009,351.6,投送
T004,1025.0,109.2760168,23.0194009,351.6,投送
T004,1030.0,109.2760168,23.0194009,351.6,投送
T004,1035.0,109.2760168,23.0194009,351.6,投送
T004,1040.0,109.2760168,23.0194009,351.6,投送
T004,1045.0,109.2760168,23.0194009,351.6,投送
T004,1050.0,109.2760168,23.0194009,351.6,投送
T004,1055.0,109.2760168,23.0194009,351.6,投送
T004,1060.0,109.2760168,23.0194009,351.6,投送
T004,1065.0,109.2760168,23.0194009,351.6,投送
T004,1070.0,109.2760168,23.0194009,351.6,投送
T004,1075.0,109.2760168,23.0194009,351.6,投送
T004,1080.0,109.2760168,23.0194009,351.6,投送
T004,1085.0,109.2760168,23.0194009,352.1316412578375,爬升
T004,1090.0,109.2760168,23.0194009,367.13164125783743,爬升
T004,1095.0,109.2760168,23.0194009,382.1316412578374,爬升
T004,1100.0,109.2760168,23.0194009,397.1316412578373,爬升
T004,1105.0,109.2760168,23.0194009,412.13164125783726,爬升
T004,1110.0,109.2760168,23.0194009,427.13164125783715,爬升
T004,1115.0,109.27570984616091,23.019326879195372,435.63653564453125,巡航
T004,1120.0,109.2750009573667,23.019155933234597,435.63653564453125,巡航
T004,1125.0,109.2742920685725,23.018984987273818,435.63653564453125,巡航
T004,1130.0,109.27358317977831,23.01881404131304,435.63653564453125,巡航
T004,1135.0,109.27287429098412,23.018643095352264,435.63653564453125,巡航
T004,1140.0,109.27216540218991,23.018472149391485,435.63653564453125,巡航
T004,1145.0,109.27145651339572,23.018301203430706,435.63653564453125,巡航
T004,1150.0,109.27074762460153,23.01813025746993,435.63653564453125,巡航
T004,1155.0,109.27003873580733,23.017959311509152,435.63653564453125,巡航
T004,1160.0,109.26932984701314,23.017788365548377,435.63653564453125,巡航
T004,1165.0,109.26862095821893,23.017617419587598,435.63653564453125,巡航
T004,1170.0,109.26791206942474,23.01744647362682,435.63653564453125,巡航
T004,1175.0,109.26720318063055,23.017275527666044,435.63653564453125,巡航
T004,1180.0,109.26649429183635,23.017104581705265,435.63653564453125,巡航
T004,1185.0,109.26578540304216,23.016933635744486,435.63653564453125,巡航
T004,1190.0,109.26507651424795,23.01676268978371,435.63653564453125,巡航
T004,1195.0,109.26436762545376,23.016591743822932,435.63653564453125,巡航
T004,1200.0,109.26365873665956,23.016420797862157,435.63653564453125,巡航
T004,1205.0,109.26294984786537,23.016249851901378,435.63653564453125,巡航
T004,1210.0,109.26224095907118,23.0160789059406,435.63653564453125,巡航
T004,1215.0,109.26153207027697,23.015907959979824,435.63653564453125,巡航
T004,1220.0,109.26082318148278,23.015737014019045,435.63653564453125,巡航
T004,1225.0,109.26011429268858,23.015566068058266,435.63653564453125,巡航
T004,1230.0,109.25940540389439,23.01539512209749,435.63653564453125,巡航
T004,1235.0,109.2586965151002,23.015224176136712,435.63653564453125,巡航
T004,1240.0,109.25798762630599,23.015053230175937,435.63653564453125,巡航
T004,1245.0,109.2572787375118,23.014882284215158,435.63653564453125,巡航
T004,1250.0,109.2565698487176,23.01471133825438,435.63653564453125,巡航
T004,1255.0,109.25586095992341,23.014540392293604,435.63653564453125,巡航
T004,1260.0,109.2551520711292,23.014369446332825,435.63653564453125,巡航
T004,1265.0,109.25444318233501,23.014198500372046,435.63653564453125,巡航
T004,1270.0,109.25373429354082,23.01402755441127,435.63653564453125,巡航
T004,1275.0,109.25302540474662,23.013856608450492,435.63653564453125,巡航
T004,1280.0,109.25231651595243,23.013685662489717,435.63653564453125,巡航
T004,1285.0,109.25160762715822,23.013514716528938,435.63653564453125,巡航
T004,1290.0,109.25089873836403,23.01334377056816,435.63653564453125,巡航
T004,1295.0,109.25018984956984,23.013172824607384,435.63653564453125,巡航
T004,1300.0,109.24948096077564,23.013001878646605,435.63653564453125,巡航
T004,1305.0,109.24877207198145,23.012830932685826,435.63653564453125,巡航
T004,1310.0,109.24806318318724,23.01265998672505,435.63653564453125,巡航
T004,1315.0,109.24735429439305,23.012489040764272,435.63653564453125,巡航
T004,1320.0,109.24664540559885,23.012318094803497,435.63653564453125,巡航
T004,1325.0,109.24593651680466,23.01214714884272,435.63653564453125,巡航
T004,1330.0,109.24522762801047,23.01197620288194,435.63653564453125,巡航
T004,1335.0,109.24451873921626,23.011805256921164,435.63653564453125,巡航
T004,1340.0,109.24380985042207,23.011634310960385,435.63653564453125,巡航
T004,1345.0,109.24310096162787,23.011463364999607,435.63653564453125,巡航
T004,1350.0,109.24239207283368,23.01129241903883,435.63653564453125,巡航
T004,1355.0,109.24168318403947,23.011121473078052,435.63653564453125,巡航
T004,1360.0,109.24097429524528,23.010950527117274,435.63653564453125,巡航
T004,1365.0,109.24026540645109,23.0107795811565,435.63653564453125,巡航
T004,1370.0,109.2395565176569,23.01060863519572,435.63653564453125,巡航
T004,1375.0,109.2388476288627,23.010437689234944,435.63653564453125,巡航
T004,1380.0,109.23813874006849,23.010266743274165,435.63653564453125,巡航
T004,1385.0,109.2374298512743,23.010095797313387,435.63653564453125,巡航
T004,1390.0,109.2367209624801,23.00992485135261,435.63653564453125,巡航
T004,1395.0,109.23601207368591,23.009753905391833,435.63653564453125,巡航
T004,1400.0,109.23530318489172,23.009582959431054,435.63653564453125,巡航
T004,1405.0,109.23459429609751,23.00941201347028,435.63653564453125,巡航
T004,1410.0,109.23388540730332,23.0092410675095,435.63653564453125,巡航
T004,1415.0,109.23317651850913,23.009070121548724,435.63653564453125,巡航
T004,1420.0,109.23246762971493,23.008899175587946,435.63653564453125,巡航
T004,1425.0,109.23175874092074,23.008728229627167,435.63653564453125,巡航
T004,1430.0,109.23104985212653,23.00855728366639,435.63653564453125,巡航
T004,1435.0,109.2308517,23.0085095,426.63059790360455,下降
T004,1440.0,109.2308517,23.0085095,414.13059790360455,下降
T004,1445.0,109.2308517,23.0085095,401.63059790360455,下降
T004,1450.0,109.2308517,23.0085095,389.13059790360455,下降
T004,1455.0,109.2308517,23.0085095,376.6305979036045,下降
T004,1460.0,109.2308517,23.0085095,364.1305979036045,下降
T004,1465.0,109.2308517,23.0085095,351.6305979036045,下降
T004,1470.0,109.2308517,23.0085095,339.1305979036045,下降
T004,1475.0,109.2308517,23.0085095,326.6305979036045,下降
T004,1480.0,109.2308517,23.0085095,314.1305979036045,下降
T004,1485.0,109.2308517,23.0085095,301.63059790360444,下降
T004,1490.0,109.2308517,23.0085095,289.13059790360444,下降
T004,1495.0,109.2308517,23.0085095,276.63059790360444,下降
T004,1500.0,109.2308517,23.0085095,264.13059790360444,下降
T004,1505.0,109.2308517,23.0085095,251.63059790360444,下降
T004,1510.0,109.2308517,23.0085095,239.13059790360444,下降
T004,1515.0,109.2308517,23.0085095,226.63059790360444,下降
T004,1520.0,109.2308517,23.0085095,214.1305979036044,下降
T004,1525.0,109.2308517,23.0085095,201.6305979036044,下降
T004,1530.0,109.2308517,23.0085095,189.1305979036044,下降
T004,1535.0,109.2308517,23.0085095,176.63059790360438,下降
T004,1540.0,109.2308517,23.0085095,164.13059790360438,下降
T004,1545.0,109.2308517,23.0085095,151.63059790360438,下降
T004,1550.0,109.2308517,23.0085095,139.13059790360438,下降
T005,390.0,109.2308517,23.0085095,127.7,爬升
T005,395.0,109.2308517,23.0085095,142.7,爬升
T005,400.0,109.2308517,23.0085095,157.7,爬升
T005,405.0,109.2308517,23.0085095,172.7,爬升
T005,410.0,109.2308517,23.0085095,187.7,爬升
T005,415.0,109.2308517,23.0085095,202.7,爬升
T005,420.0,109.2308517,23.0085095,217.7,爬升
T005,425.0,109.2308517,23.0085095,232.7,爬升
T005,430.0,109.2308517,23.0085095,247.7,爬升
T005,435.0,109.2308517,23.0085095,262.7,爬升
T005,440.0,109.2308517,23.0085095,277.7,爬升
T005,445.0,109.2308517,23.0085095,292.69999999999993,爬升
T005,450.0,109.2308517,23.0085095,307.69999999999993,爬升
T005,455.0,109.2308517,23.0085095,322.7,爬升
T005,460.0,109.2308517,23.0085095,337.7,爬升
T005,465.0,109.2308517,23.0085095,352.7,爬升
T005,470.0,109.2308517,23.0085095,367.69999999999993,爬升
T005,475.0,109.2308517,23.0085095,382.69999999999993,爬升
T005,480.0,109.2310585182026,23.008624709294114,392.7518310546875,巡航
T005,485.0,109.23168547194513,23.008973957557625,392.7518310546875,巡航
T005,490.0,109.23231242568765,23.00932320582114,392.7518310546875,巡航
T005,495.0,109.23293937943018,23.00967245408465,392.7518310546875,巡航
T005,500.0,109.23356633317269,23.010021702348165,392.7518310546875,巡航
T005,505.0,109.23419328691521,23.010370950611676,392.7518310546875,巡航
T005,510.0,109.23482024065774,23.010720198875187,392.7518310546875,巡航
T005,515.0,109.23544719440027,23.011069447138702,392.7518310546875,巡航
T005,520.0,109.23607414814279,23.011418695402213,392.7518310546875,巡航
T005,525.0,109.23670110188532,23.011767943665728,392.7518310546875,巡航
T005,530.0,109.23732805562784,23.01211719192924,392.7518310546875,巡航
T005,535.0,109.23795500937037,23.012466440192753,392.7518310546875,巡航
T005,540.0,109.23858196311289,23.012815688456264,392.7518310546875,巡航
T005,545.0,109.23920891685542,23.01316493671978,392.7518310546875,巡航
T005,550.0,109.23983587059794,23.01351418498329,392.7518310546875,巡航
T005,555.0,109.24046282434047,23.013863433246804,392.7518310546875,巡航
T005,560.0,109.241089778083,23.014212681510315,392.7518310546875,巡航
T005,565.0,109.24171673182552,23.014561929773826,392.7518310546875,巡航
T005,570.0,109.24234368556804,23.01491117803734,392.7518310546875,巡航
T005,575.0,109.24297063931057,23.015260426300852,392.7518310546875,巡航
T005,580.0,109.2435975930531,23.015609674564367,392.7518310546875,巡航
T005,585.0,109.24422454679562,23.015958922827878,392.7518310546875,巡航
T005,590.0,109.24485150053815,23.016308171091392,392.7518310546875,巡航
T005,595.0,109.24547845428067,23.016657419354903,392.7518310546875,巡航
T005,600.0,109.2461054080232,23.017006667618418,392.7518310546875,巡航
T005,605.0,109.24673236176572,23.01735591588193,392.7518310546875,巡航
T005,610.0,109.24735931550825,23.017705164145443,392.7518310546875,巡航
T005,615.0,109.24798626925077,23.018054412408954,392.7518310546875,巡航
T005,620.0,109.2486132229933,23.018403660672465,392.7518310546875,巡航
T005,625.0,109.24924017673582,23.01875290893598,392.7518310546875,巡航
T005,630.0,109.24986713047835,23.01910215719949,392.7518310546875,巡航
T005,635.0,109.25049408422086,23.019451405463005,392.7518310546875,巡航
T005,640.0,109.25112103796339,23.019800653726517,392.7518310546875,巡航
T005,645.0,109.25174799170591,23.02014990199003,392.7518310546875,巡航
T005,650.0,109.25237494544844,23.020499150253542,392.7518310546875,巡航
T005,655.0,109.25300189919096,23.020848398517057,392.7518310546875,巡航
T005,660.0,109.25362885293349,23.021197646780568,392.7518310546875,巡航
T005,665.0,109.25425580667601,23.021546895044082,392.7518310546875,巡航
T005,670.0,109.25488276041854,23.021896143307593,392.7518310546875,巡航
T005,675.0,109.25550971416106,23.022245391571104,392.7518310546875,巡航
T005,680.0,109.25613666790359,23.02259463983462,392.7518310546875,巡航
T005,685.0,109.25676362164612,23.02294388809813,392.7518310546875,巡航
T005,690.0,109.25739057538864,23.023293136361644,392.7518310546875,巡航
T005,695.0,109.25801752913117,23.023642384625155,392.7518310546875,巡航
T005,700.0,109.25864448287369,23.02399163288867,392.7518310546875,巡航
T005,705.0,109.25927143661622,23.02434088115218,392.7518310546875,巡航
T005,710.0,109.25989839035874,23.024690129415696,392.7518310546875,巡航
T005,715.0,109.26052534410127,23.025039377679207,392.7518310546875,巡航
T005,720.0,109.2611522978438,23.02538862594272,392.7518310546875,巡航
T005,725.0,109.26177925158632,23.025737874206232,392.7518310546875,巡航
T005,730.0,109.26240620532884,23.026087122469743,392.7518310546875,巡航
T005,735.0,109.26303315907137,23.026436370733258,392.7518310546875,巡航
T005,740.0,109.2636601128139,23.02678561899677,392.7518310546875,巡航
T005,745.0,109.26428706655642,23.027134867260283,392.7518310546875,巡航
T005,750.0,109.26491402029895,23.027484115523794,392.7518310546875,巡航
T005,755.0,109.26554097404147,23.02783336378731,392.7518310546875,巡航
T005,760.0,109.266167927784,23.02818261205082,392.7518310546875,巡航
T005,765.0,109.26679488152652,23.028531860314335,392.7518310546875,巡航
T005,770.0,109.26742183526903,23.028881108577846,392.7518310546875,巡航
T005,775.0,109.26804878901156,23.02923035684136,392.7518310546875,巡航
T005,780.0,109.26867574275408,23.02957960510487,392.7518310546875,巡航
T005,785.0,109.26930269649661,23.029928853368382,392.7518310546875,巡航
T005,790.0,109.26992965023913,23.030278101631897,392.7518310546875,巡航
T005,795.0,109.27055660398166,23.030627349895408,392.7518310546875,巡航
T005,800.0,109.27118355772419,23.030976598158922,392.7518310546875,巡航
T005,805.0,109.2713839,23.0310882,384.24619025189793,下降
T005,810.0,109.2713839,23.0310882,371.7461902518979,下降
T005,815.0,109.2713839,23.0310882,359.2461902518978,下降
T005,820.0,109.2713839,23.0310882,351.7,投送
T005,825.0,109.2713839,23.0310882,351.7,投送
T005,830.0,109.2713839,23.0310882,351.7,投送
T005,835.0,109.2713839,23.0310882,351.7,投送
T005,840.0,109.2713839,23.0310882,351.7,投送
T005,845.0,109.2713839,23.0310882,351.7,投送
T005,850.0,109.2713839,23.0310882,351.7,投送
T005,855.0,109.2713839,23.0310882,351.7,投送
T005,860.0,109.2713839,23.0310882,351.7,投送
T005,865.0,109.2713839,23.0310882,351.7,投送
T005,870.0,109.2713839,23.0310882,351.7,投送
T005,875.0,109.2713839,23.0310882,351.7,投送
T005,880.0,109.2713839,23.0310882,351.7,投送
T005,885.0,109.2713839,23.0310882,351.7,投送
T005,890.0,109.2713839,23.0310882,351.7,投送
T005,895.0,109.2713839,23.0310882,351.7,投送
T005,900.0,109.2713839,23.0310882,351.7,投送
T005,905.0,109.2713839,23.0310882,351.7,投送
T005,910.0,109.2713839,23.0310882,351.7,投送
T005,915.0,109.2713839,23.0310882,351.7,投送
T005,920.0,109.2713839,23.0310882,351.7,投送
T005,925.0,109.2713839,23.0310882,351.7,投送
T005,930.0,109.2713839,23.0310882,351.7,投送
T005,935.0,109.2713839,23.0310882,351.7,投送
T005,940.0,109.2713839,23.0310882,351.7,投送
T005,945.0,109.2713839,23.0310882,351.7,投送
T005,950.0,109.2713839,23.0310882,351.7,投送
T005,955.0,109.2713839,23.0310882,351.7,投送
T005,960.0,109.2713839,23.0310882,351.7,投送
T005,965.0,109.2713839,23.0310882,351.7,投送
T005,970.0,109.2713839,23.0310882,351.7,投送
T005,975.0,109.2713839,23.0310882,351.7,投送
T005,980.0,109.2713839,23.0310882,351.7,投送
T005,985.0,109.2713839,23.0310882,351.7,投送
T005,990.0,109.2713839,23.0310882,351.7,投送
T005,995.0,109.2713839,23.0310882,351.7,投送
T005,1000.0,109.2713839,23.0310882,351.7,投送
T005,1005.0,109.2713839,23.0310882,351.7,投送
T005,1010.0,109.2713839,23.0310882,351.7,投送
T005,1015.0,109.2713839,23.0310882,351.7,投送
T005,1020.0,109.2713839,23.0310882,351.7,投送
T005,1025.0,109.2713839,23.0310882,351.7,投送
T005,1030.0,109.2713839,23.0310882,351.7,投送
T005,1035.0,109.2713839,23.0310882,351.7,投送
T005,1040.0,109.2713839,23.0310882,351.7,投送
T005,1045.0,109.2713839,23.0310882,351.7,投送
T005,1050.0,109.2713839,23.0310882,351.7,投送
T005,1055.0,109.2713839,23.0310882,351.7,投送
T005,1060.0,109.2713839,23.0310882,357.64457169772294,爬升
T005,1065.0,109.2713839,23.0310882,372.6445716977228,爬升
T005,1070.0,109.2713839,23.0310882,387.64457169772277,爬升
T005,1075.0,109.27097041394867,23.030857865167267,392.7518310546875,巡航
T005,1080.0,109.27034346020615,23.030508616903756,392.7518310546875,巡航
T005,1085.0,109.26971650646362,23.030159368640245,392.7518310546875,巡航
T005,1090.0,109.2690895527211,23.02981012037673,392.7518310546875,巡航
T005,1095.0,109.26846259897857,23.02946087211322,392.7518310546875,巡航
T005,1100.0,109.26783564523605,23.029111623849705,392.7518310546875,巡航
T005,1105.0,109.26720869149352,23.028762375586194,392.7518310546875,巡航
T005,1110.0,109.266581737751,23.02841312732268,392.7518310546875,巡航
T005,1115.0,109.26595478400847,23.028063879059168,392.7518310546875,巡航
T005,1120.0,109.26532783026595,23.027714630795654,392.7518310546875,巡航
T005,1125.0,109.26470087652342,23.027365382532142,392.7518310546875,巡航
T005,1130.0,109.2640739227809,23.027016134268628,392.7518310546875,巡航
T005,1135.0,109.26344696903837,23.026666886005117,392.7518310546875,巡航
T005,1140.0,109.26282001529584,23.026317637741606,392.7518310546875,巡航
T005,1145.0,109.26219306155332,23.02596838947809,392.7518310546875,巡航
T005,1150.0,109.2615661078108,23.02561914121458,392.7518310546875,巡航
T005,1155.0,109.26093915406827,23.025269892951066,392.7518310546875,巡航
T005,1160.0,109.26031220032574,23.024920644687555,392.7518310546875,巡航
T005,1165.0,109.25968524658322,23.02457139642404,392.7518310546875,巡航
T005,1170.0,109.25905829284069,23.02422214816053,392.7518310546875,巡航
T005,1175.0,109.25843133909818,23.023872899897015,392.7518310546875,巡航
T005,1180.0,109.25780438535566,23.023523651633504,392.7518310546875,巡航
T005,1185.0,109.25717743161313,23.02317440336999,392.7518310546875,巡航
T005,1190.0,109.2565504778706,23.022825155106478,392.7518310546875,巡航
T005,1195.0,109.25592352412808,23.022475906842967,392.7518310546875,巡航
T005,1200.0,109.25529657038555,23.022126658579452,392.7518310546875,巡航
T005,1205.0,109.25466961664303,23.02177741031594,392.7518310546875,巡航
T005,1210.0,109.2540426629005,23.021428162052427,392.7518310546875,巡航
T005,1215.0,109.25341570915798,23.021078913788916,392.7518310546875,巡航
T005,1220.0,109.25278875541545,23.0207296655254,392.7518310546875,巡航
T005,1225.0,109.25216180167293,23.02038041726189,392.7518310546875,巡航
T005,1230.0,109.2515348479304,23.020031168998376,392.7518310546875,巡航
T005,1235.0,109.25090789418788,23.019681920734865,392.7518310546875,巡航
T005,1240.0,109.25028094044535,23.01933267247135,392.7518310546875,巡航
T005,1245.0,109.24965398670282,23.01898342420784,392.7518310546875,巡航
T005,1250.0,109.2490270329603,23.018634175944328,392.7518310546875,巡航
T005,1255.0,109.24840007921777,23.018284927680813,392.7518310546875,巡航
T005,1260.0,109.24777312547525,23.017935679417302,392.7518310546875,巡航
T005,1265.0,109.24714617173272,23.017586431153788,392.7518310546875,巡航
T005,1270.0,109.2465192179902,23.017237182890277,392.7518310546875,巡航
T005,1275.0,109.24589226424767,23.016887934626762,392.7518310546875,巡航
T005,1280.0,109.24526531050515,23.01653868636325,392.7518310546875,巡航
T005,1285.0,109.24463835676262,23.016189438099737,392.7518310546875,巡航
T005,1290.0,109.2440114030201,23.015840189836226,392.7518310546875,巡航
T005,1295.0,109.24338444927757,23.01549094157271,392.7518310546875,巡航
T005,1300.0,109.24275749553505,23.0151416933092,392.7518310546875,巡航
T005,1305.0,109.24213054179252,23.01479244504569,392.7518310546875,巡航
T005,1310.0,109.24150358805001,23.014443196782175,392.7518310546875,巡航
T005,1315.0,109.24087663430748,23.014093948518664,392.7518310546875,巡航
T005,1320.0,109.24024968056496,23.01374470025515,392.7518310546875,巡航
T005,1325.0,109.23962272682243,23.013395451991638,392.7518310546875,巡航
T005,1330.0,109.2389957730799,23.013046203728123,392.7518310546875,巡航
T005,1335.0,109.23836881933738,23.012696955464612,392.7518310546875,巡航
T005,1340.0,109.23774186559486,23.012347707201098,392.7518310546875,巡航
T005,1345.0,109.23711491185233,23.011998458937587,392.7518310546875,巡航
T005,1350.0,109.2364879581098,23.011649210674072,392.7518310546875,巡航
T005,1355.0,109.23586100436728,23.01129996241056,392.7518310546875,巡航
T005,1360.0,109.23523405062475,23.01095071414705,392.7518310546875,巡航
T005,1365.0,109.23460709688223,23.010601465883536,392.7518310546875,巡航
T005,1370.0,109.2339801431397,23.010252217620025,392.7518310546875,巡航
T005,1375.0,109.23335318939718,23.00990296935651,392.7518310546875,巡航
T005,1380.0,109.23272623565465,23.009553721093,392.7518310546875,巡航
T005,1385.0,109.23209928191213,23.009204472829484,392.7518310546875,巡航
T005,1390.0,109.2314723281696,23.008855224565973,392.7518310546875,巡航
T005,1395.0,109.2308517,23.0085095,392.6257138371292,下降
T005,1400.0,109.2308517,23.0085095,380.1257138371292,下降
T005,1405.0,109.2308517,23.0085095,367.6257138371292,下降
T005,1410.0,109.2308517,23.0085095,355.1257138371292,下降
T005,1415.0,109.2308517,23.0085095,342.6257138371292,下降
T005,1420.0,109.2308517,23.0085095,330.1257138371292,下降
T005,1425.0,109.2308517,23.0085095,317.6257138371292,下降
T005,1430.0,109.2308517,23.0085095,305.1257138371292,下降
T005,1435.0,109.2308517,23.0085095,292.6257138371292,下降
T005,1440.0,109.2308517,23.0085095,280.1257138371292,下降
T005,1445.0,109.2308517,23.0085095,267.6257138371292,下降
T005,1450.0,109.2308517,23.0085095,255.12571383712915,下降
T005,1455.0,109.2308517,23.0085095,242.62571383712915,下降
T005,1460.0,109.2308517,23.0085095,230.12571383712915,下降
T005,1465.0,109.2308517,23.0085095,217.62571383712915,下降
T005,1470.0,109.2308517,23.0085095,205.12571383712913,下降
T005,1475.0,109.2308517,23.0085095,192.62571383712915,下降
T005,1480.0,109.2308517,23.0085095,180.12571383712913,下降
T005,1485.0,109.2308517,23.0085095,167.62571383712915,下降
T005,1490.0,109.2308517,23.0085095,155.12571383712913,下降
T005,1495.0,109.2308517,23.0085095,142.62571383712913,下降
T005,1500.0,109.2308517,23.0085095,130.12571383712913,下降
T006,1895.0,109.2308517,23.0085095,139.78914339544437,爬升
T006,1900.0,109.2308517,23.0085095,154.78914339544437,爬升
T006,1905.0,109.2308517,23.0085095,169.78914339544437,爬升
T006,1910.0,109.2308517,23.0085095,184.78914339544437,爬升
T006,1915.0,109.2308517,23.0085095,199.78914339544437,爬升
T006,1920.0,109.2308517,23.0085095,214.78914339544437,爬升
T006,1925.0,109.2308517,23.0085095,229.78914339544437,爬升
T006,1930.0,109.2308517,23.0085095,244.7891433954444,爬升
T006,1935.0,109.2308517,23.0085095,259.7891433954444,爬升
T006,1940.0,109.2308517,23.0085095,274.7891433954444,爬升
T006,1945.0,109.2308517,23.0085095,289.7891433954444,爬升
T006,1950.0,109.2308517,23.0085095,304.7891433954444,爬升
T006,1955.0,109.2308517,23.0085095,319.7891433954444,爬升
T006,1960.0,109.2308517,23.0085095,334.7891433954444,爬升
T006,1965.0,109.2308517,23.0085095,349.7891433954444,爬升
T006,1970.0,109.2308517,23.0085095,364.7891433954444,爬升
T006,1975.0,109.2308517,23.0085095,379.7891433954444,爬升
T006,1980.0,109.2308517,23.0085095,394.7891433954444,爬升
T006,1985.0,109.2308517,23.0085095,409.7891433954444,爬升
T006,1990.0,109.2308517,23.0085095,424.7891433954444,爬升
T006,1995.0,109.23130040418611,23.00890388406627,427.0903625488281,巡航
T006,2000.0,109.23183042063991,23.009369736738705,427.0903625488281,巡航
T006,2005.0,109.23236043709369,23.00983558941114,427.0903625488281,巡航
T006,2010.0,109.23289045354748,23.010301442083573,427.0903625488281,巡航
T006,2015.0,109.23342047000126,23.010767294756008,427.0903625488281,巡航
T006,2020.0,109.23395048645506,23.011233147428445,427.0903625488281,巡航
T006,2025.0,109.23448050290884,23.01169900010088,427.0903625488281,巡航
T006,2030.0,109.23501051936263,23.012164852773314,427.0903625488281,巡航
T006,2035.0,109.23554053581643,23.012630705445748,427.0903625488281,巡航
T006,2040.0,109.2360705522702,23.013096558118182,427.0903625488281,巡航
T006,2045.0,109.236600568724,23.01356241079062,427.0903625488281,巡航
T006,2050.0,109.23713058517778,23.014028263463054,427.0903625488281,巡航
T006,2055.0,109.23766060163157,23.014494116135488,427.0903625488281,巡航
T006,2060.0,109.23819061808535,23.014959968807922,427.0903625488281,巡航
T006,2065.0,109.23872063453915,23.015425821480356,427.0903625488281,巡航
T006,2070.0,109.23925065099293,23.01589167415279,427.0903625488281,巡航
T006,2075.0,109.23978066744672,23.016357526825228,427.0903625488281,巡航
T006,2080.0,109.2403106839005,23.016823379497662,427.0903625488281,巡航
T006,2085.0,109.2408407003543,23.017289232170096,427.0903625488281,巡航
T006,2090.0,109.24137071680808,23.01775508484253,427.0903625488281,巡航
T006,2095.0,109.24190073326187,23.018220937514965,427.0903625488281,巡航
T006,2100.0,109.24243074971565,23.018686790187402,427.0903625488281,巡航
T006,2105.0,109.24296076616945,23.019152642859837,427.0903625488281,巡航
T006,2110.0,109.24349078262324,23.01961849553227,427.0903625488281,巡航
T006,2115.0,109.24402079907702,23.020084348204705,427.0903625488281,巡航
T006,2120.0,109.24455081553081,23.02055020087714,427.0903625488281,巡航
T006,2125.0,109.2450808319846,23.021016053549577,427.0903625488281,巡航
T006,2130.0,109.24561084843839,23.02148190622201,427.0903625488281,巡航
T006,2135.0,109.24614086489217,23.021947758894445,427.0903625488281,巡航
T006,2140.0,109.24667088134596,23.02241361156688,427.0903625488281,巡航
T006,2145.0,109.24720089779974,23.022879464239313,427.0903625488281,巡航
T006,2150.0,109.24773091425354,23.02334531691175,427.0903625488281,巡航
T006,2155.0,109.24826093070732,23.023811169584185,427.0903625488281,巡航
T006,2160.0,109.24879094716111,23.02427702225662,427.0903625488281,巡航
T006,2165.0,109.24932096361489,23.024742874929053,427.0903625488281,巡航
T006,2170.0,109.24985098006869,23.025208727601488,427.0903625488281,巡航
T006,2175.0,109.25038099652247,23.025674580273922,427.0903625488281,巡航
T006,2180.0,109.25091101297626,23.02614043294636,427.0903625488281,巡航
T006,2185.0,109.25144102943005,23.026606285618794,427.0903625488281,巡航
T006,2190.0,109.25197104588383,23.027072138291228,427.0903625488281,巡航
T006,2195.0,109.25250106233763,23.027537990963662,427.0903625488281,巡航
T006,2200.0,109.25303107879141,23.028003843636096,427.0903625488281,巡航
T006,2205.0,109.2535610952452,23.028469696308534,427.0903625488281,巡航
T006,2210.0,109.25409111169898,23.028935548980968,427.0903625488281,巡航
T006,2215.0,109.25462112815278,23.029401401653402,427.0903625488281,巡航
T006,2220.0,109.25515114460656,23.029867254325836,427.0903625488281,巡航
T006,2225.0,109.25568116106035,23.03033310699827,427.0903625488281,巡航
T006,2230.0,109.25621117751413,23.030798959670708,427.0903625488281,巡航
T006,2235.0,109.25674119396793,23.031264812343142,427.0903625488281,巡航
T006,2240.0,109.2572712104217,23.031730665015576,427.0903625488281,巡航
T006,2245.0,109.2578012268755,23.03219651768801,427.0903625488281,巡航
T006,2250.0,109.25833124332928,23.032662370360445,427.0903625488281,巡航
T006,2255.0,109.25886125978307,23.033128223032882,427.0903625488281,巡航
T006,2260.0,109.25939127623687,23.033594075705317,427.0903625488281,巡航
T006,2265.0,109.25992129269065,23.03405992837775,427.0903625488281,巡航
T006,2270.0,109.26045130914444,23.034525781050185,427.0903625488281,巡航
T006,2275.0,109.26098132559822,23.03499163372262,427.0903625488281,巡航
T006,2280.0,109.26151134205202,23.035457486395057,427.0903625488281,巡航
T006,2285.0,109.2620413585058,23.03592333906749,427.0903625488281,巡航
T006,2290.0,109.26257137495959,23.036389191739925,427.0903625488281,巡航
T006,2295.0,109.26310139141337,23.03685504441236,427.0903625488281,巡航
T006,2300.0,109.26363140786717,23.037320897084793,427.0903625488281,巡航
T006,2305.0,109.26416142432095,23.037786749757228,427.0903625488281,巡航
T006,2310.0,109.26469144077474,23.038252602429665,427.0903625488281,巡航
T006,2315.0,109.26522145722852,23.0387184551021,427.0903625488281,巡航
T006,2320.0,109.26575147368231,23.039184307774534,427.0903625488281,巡航
T006,2325.0,109.2662814901361,23.039650160446968,427.0903625488281,巡航
T006,2330.0,109.26681150658989,23.040116013119402,427.0903625488281,巡航
T006,2335.0,109.26734152304368,23.04058186579184,427.0903625488281,巡航
T006,2340.0,109.26787153949746,23.041047718464274,427.0903625488281,巡航
T006,2345.0,109.26840155595126,23.041513571136708,427.0903625488281,巡航
T006,2350.0,109.26893157240504,23.041979423809142,427.0903625488281,巡航
T006,2355.0,109.26946158885883,23.042445276481576,427.0903625488281,巡航
T006,2360.0,109.26999160531261,23.042911129154014,427.0903625488281,巡航
T006,2365.0,109.2705216217664,23.043376981826448,427.0903625488281,巡航
T006,2370.0,109.27105163822019,23.043842834498882,427.0903625488281,巡航
T006,2375.0,109.27158165467398,23.044308687171316,427.0903625488281,巡航
T006,2380.0,109.27211167112776,23.04477453984375,427.0903625488281,巡航
T006,2385.0,109.27264168758155,23.045240392516188,427.0903625488281,巡航
T006,2390.0,109.27317170403533,23.045706245188622,427.0903625488281,巡航
T006,2395.0,109.27370172048913,23.046172097861056,427.0903625488281,巡航
T006,2400.0,109.27423173694291,23.04663795053349,427.0903625488281,巡航
T006,2405.0,109.2747617533967,23.047103803205925,427.0903625488281,巡航
T006,2410.0,109.2752917698505,23.047569655878362,427.0903625488281,巡航
T006,2415.0,109.27582178630428,23.048035508550797,427.0903625488281,巡航
T006,2420.0,109.27635180275807,23.04850136122323,427.0903625488281,巡航
T006,2425.0,109.27688181921185,23.048967213895665,427.0903625488281,巡航
T006,2430.0,109.27741183566565,23.0494330665681,427.0903625488281,巡航
T006,2435.0,109.27794185211943,23.049898919240533,427.0903625488281,巡航
T006,2440.0,109.27847186857322,23.05036477191297,427.0903625488281,巡航
T006,2445.0,109.279001885027,23.050830624585405,427.0903625488281,巡航
T006,2450.0,109.2795319014808,23.05129647725784,427.0903625488281,巡航
T006,2455.0,109.28006191793457,23.051762329930273,427.0903625488281,巡航
T006,2460.0,109.28059193438837,23.052228182602708,427.0903625488281,巡航
T006,2465.0,109.28112195084215,23.052694035275145,427.0903625488281,巡航
T006,2470.0,109.28165196729594,23.05315988794758,427.0903625488281,巡航
T006,2475.0,109.28218198374972,23.053625740620014,427.0903625488281,巡航
T006,2480.0,109.28271200020352,23.054091593292448,427.0903625488281,巡航
T006,2485.0,109.2831357,23.054464,424.5829720578754,下降
T006,2490.0,109.2831357,23.054464,412.08297205787534,下降
T006,2495.0,109.2831357,23.054464,399.58297205787534,下降
T006,2500.0,109.2831357,23.054464,387.0829720578753,下降
T006,2505.0,109.2831357,23.054464,374.5829720578753,下降
T006,2510.0,109.2831357,23.054464,362.0829720578752,下降
T006,2515.0,109.2831357,23.054464,349.58297205787517,下降
T006,2520.0,109.2831357,23.054464,337.08297205787517,下降
T006,2525.0,109.2831357,23.054464,324.5829720578751,下降
T006,2530.0,109.2831357,23.054464,312.08297205787505,下降
T006,2535.0,109.2831357,23.054464,299.58297205787505,下降
T006,2540.0,109.2831357,23.054464,287.08297205787505,下降
T006,2545.0,109.2831357,23.054464,279.8,投送
T006,2550.0,109.2831357,23.054464,279.8,投送
T006,2555.0,109.2831357,23.054464,279.8,投送
T006,2560.0,109.2831357,23.054464,279.8,投送
T006,2565.0,109.2831357,23.054464,279.8,投送
T006,2570.0,109.2831357,23.054464,279.8,投送
T006,2575.0,109.2831357,23.054464,279.8,投送
T006,2580.0,109.2831357,23.054464,279.8,投送
T006,2585.0,109.2831357,23.054464,279.8,投送
T006,2590.0,109.2831357,23.054464,279.8,投送
T006,2595.0,109.2831357,23.054464,279.8,投送
T006,2600.0,109.2831357,23.054464,279.8,投送
T006,2605.0,109.2831357,23.054464,279.8,投送
T006,2610.0,109.2831357,23.054464,279.8,投送
T006,2615.0,109.2831357,23.054464,279.8,投送
T006,2620.0,109.2831357,23.054464,279.8,投送
T006,2625.0,109.2831357,23.054464,279.8,投送
T006,2630.0,109.2831357,23.054464,279.8,投送
T006,2635.0,109.2831357,23.054464,279.8,投送
T006,2640.0,109.2831357,23.054464,279.8,投送
T006,2645.0,109.2831357,23.054464,279.8,投送
T006,2650.0,109.2831357,23.054464,279.8,投送
T006,2655.0,109.2831357,23.054464,279.8,投送
T006,2660.0,109.2831357,23.054464,279.8,投送
T006,2665.0,109.2831357,23.054464,279.8,投送
T006,2670.0,109.2831357,23.054464,279.8,投送
T006,2675.0,109.2831357,23.054464,279.8,投送
T006,2680.0,109.2831357,23.054464,279.8,投送
T006,2685.0,109.2831357,23.054464,279.8,投送
T006,2690.0,109.2831357,23.054464,279.8,投送
T006,2695.0,109.2831357,23.054464,279.8,投送
T006,2700.0,109.2831357,23.054464,279.8,投送
T006,2705.0,109.2831357,23.054464,279.8,投送
T006,2710.0,109.2831357,23.054464,279.8,投送
T006,2715.0,109.2831357,23.054464,279.8,投送
T006,2720.0,109.2831357,23.054464,279.8,投送
T006,2725.0,109.2831357,23.054464,279.8,投送
T006,2730.0,109.2831357,23.054464,279.8,投送
T006,2735.0,109.2831357,23.054464,279.8,投送
T006,2740.0,109.2831357,23.054464,279.8,投送
T006,2745.0,109.2831357,23.054464,279.8,投送
T006,2750.0,109.2831357,23.054464,279.8,投送
T006,2755.0,109.2831357,23.054464,279.8,投送
T006,2760.0,109.2831357,23.054464,279.8,投送
T006,2765.0,109.2831357,23.054464,279.8,投送
T006,2770.0,109.2831357,23.054464,279.8,投送
T006,2775.0,109.2831357,23.054464,279.8,投送
T006,2780.0,109.2831357,23.054464,279.8,投送
T006,2785.0,109.2831357,23.054464,286.06043353055003,爬升
T006,2790.0,109.2831357,23.054464,301.06043353055003,爬升
T006,2795.0,109.2831357,23.054464,316.0604335305501,爬升
T006,2800.0,109.2831357,23.054464,331.0604335305501,爬升
T006,2805.0,109.2831357,23.054464,346.0604335305501,爬升
T006,2810.0,109.2831357,23.054464,361.06043353055014,爬升
T006,2815.0,109.2831357,23.054464,376.06043353055014,爬升
T006,2820.0,109.2831357,23.054464,391.0604335305502,爬升
T006,2825.0,109.2831357,23.054464,406.0604335305502,爬升
T006,2830.0,109.2831357,23.054464,421.0604335305502,爬升
T006,2835.0,109.28281874765254,23.054185417897415,427.0903625488281,巡航
T006,2840.0,109.28228873119875,23.05371956522498,427.0903625488281,巡航
T006,2845.0,109.28175871474497,23.053253712552547,427.0903625488281,巡航
T006,2850.0,109.28122869829117,23.05278785988011,427.0903625488281,巡航
T006,2855.0,109.28069868183739,23.052322007207675,427.0903625488281,巡航
T006,2860.0,109.2801686653836,23.05185615453524,427.0903625488281,巡航
T006,2865.0,109.27963864892982,23.051390301862806,427.0903625488281,巡航
T006,2870.0,109.27910863247602,23.050924449190372,427.0903625488281,巡航
T006,2875.0,109.27857861602224,23.050458596517938,427.0903625488281,巡航
T006,2880.0,109.27804859956845,23.0499927438455,427.0903625488281,巡航
T006,2885.0,109.27751858311466,23.049526891173066,427.0903625488281,巡航
T006,2890.0,109.27698856666088,23.049061038500632,427.0903625488281,巡航
T006,2895.0,109.27645855020708,23.048595185828198,427.0903625488281,巡航
T006,2900.0,109.2759285337533,23.048129333155764,427.0903625488281,巡航
T006,2905.0,109.27539851729951,23.047663480483326,427.0903625488281,巡航
T006,2910.0,109.27486850084573,23.047197627810892,427.0903625488281,巡航
T006,2915.0,109.27433848439193,23.046731775138458,427.0903625488281,巡航
T006,2920.0,109.27380846793815,23.046265922466024,427.0903625488281,巡航
T006,2925.0,109.27327845148436,23.04580006979359,427.0903625488281,巡航
T006,2930.0,109.27274843503058,23.04533421712115,427.0903625488281,巡航
T006,2935.0,109.27221841857678,23.044868364448718,427.0903625488281,巡航
T006,2940.0,109.271688402123,23.044402511776283,427.0903625488281,巡航
T006,2945.0,109.27115838566921,23.04393665910385,427.0903625488281,巡航
T006,2950.0,109.27062836921543,23.043470806431415,427.0903625488281,巡航
T006,2955.0,109.27009835276164,23.043004953758977,427.0903625488281,巡航
T006,2960.0,109.26956833630784,23.042539101086543,427.0903625488281,巡航
T006,2965.0,109.26903831985406,23.04207324841411,427.0903625488281,巡航
T006,2970.0,109.26850830340027,23.041607395741675,427.0903625488281,巡航
T006,2975.0,109.26797828694649,23.04114154306924,427.0903625488281,巡航
T006,2980.0,109.2674482704927,23.040675690396807,427.0903625488281,巡航
T006,2985.0,109.26691825403891,23.04020983772437,427.0903625488281,巡航
T006,2990.0,109.26638823758512,23.039743985051935,427.0903625488281,巡航
T006,2995.0,109.26585822113134,23.0392781323795,427.0903625488281,巡航
T006,3000.0,109.26532820467754,23.038812279707066,427.0903625488281,巡航
T006,3005.0,109.26479818822376,23.038346427034632,427.0903625488281,巡航
T006,3010.0,109.26426817176997,23.037880574362195,427.0903625488281,巡航
T006,3015.0,109.26373815531619,23.03741472168976,427.0903625488281,巡航
T006,3020.0,109.2632081388624,23.036948869017326,427.0903625488281,巡航
T006,3025.0,109.26267812240862,23.036483016344892,427.0903625488281,巡航
T006,3030.0,109.26214810595482,23.036017163672458,427.0903625488281,巡航
T006,3035.0,109.26161808950104,23.03555131100002,427.0903625488281,巡航
T006,3040.0,109.26108807304725,23.035085458327586,427.0903625488281,巡航
T006,3045.0,109.26055805659345,23.034619605655152,427.0903625488281,巡航
T006,3050.0,109.26002804013967,23.034153752982718,427.0903625488281,巡航
T006,3055.0,109.25949802368588,23.033687900310284,427.0903625488281,巡航
T006,3060.0,109.2589680072321,23.033222047637846,427.0903625488281,巡航
T006,3065.0,109.2584379907783,23.032756194965412,427.0903625488281,巡航
T006,3070.0,109.25790797432452,23.032290342292978,427.0903625488281,巡航
T006,3075.0,109.25737795787073,23.031824489620544,427.0903625488281,巡航
T006,3080.0,109.25684794141695,23.03135863694811,427.0903625488281,巡航
T006,3085.0,109.25631792496316,23.03089278427567,427.0903625488281,巡航
T006,3090.0,109.25578790850938,23.030426931603238,427.0903625488281,巡航
T006,3095.0,109.25525789205558,23.029961078930803,427.0903625488281,巡航
T006,3100.0,109.2547278756018,23.02949522625837,427.0903625488281,巡航
T006,3105.0,109.25419785914801,23.029029373585935,427.0903625488281,巡航
T006,3110.0,109.25366784269423,23.0285635209135,427.0903625488281,巡航
T006,3115.0,109.25313782624043,23.028097668241063,427.0903625488281,巡航
T006,3120.0,109.25260780978664,23.02763181556863,427.0903625488281,巡航
T006,3125.0,109.25207779333286,23.027165962896195,427.0903625488281,巡航
T006,3130.0,109.25154777687906,23.02670011022376,427.0903625488281,巡航
T006,3135.0,109.25101776042528,23.026234257551327,427.0903625488281,巡航
T006,3140.0,109.25048774397149,23.02576840487889,427.0903625488281,巡航
T006,3145.0,109.24995772751771,23.025302552206455,427.0903625488281,巡航
T006,3150.0,109.24942771106392,23.02483669953402,427.0903625488281,巡航
T006,3155.0,109.24889769461014,23.024370846861586,427.0903625488281,巡航
T006,3160.0,109.24836767815634,23.023904994189152,427.0903625488281,巡航
T006,3165.0,109.24783766170256,23.023439141516715,427.0903625488281,巡航
T006,3170.0,109.24730764524877,23.02297328884428,427.0903625488281,巡航
T006,3175.0,109.24677762879499,23.022507436171846,427.0903625488281,巡航
T006,3180.0,109.2462476123412,23.022041583499412,427.0903625488281,巡航
T006,3185.0,109.24571759588741,23.021575730826978,427.0903625488281,巡航
T006,3190.0,109.24518757943362,23.02110987815454,427.0903625488281,巡航
T006,3195.0,109.24465756297982,23.020644025482106,427.0903625488281,巡航
T006,3200.0,109.24412754652604,23.020178172809672,427.0903625488281,巡航
T006,3205.0,109.24359753007225,23.019712320137238,427.0903625488281,巡航
T006,3210.0,109.24306751361847,23.019246467464804,427.0903625488281,巡航
T006,3215.0,109.24253749716468,23.018780614792366,427.0903625488281,巡航
T006,3220.0,109.2420074807109,23.01831476211993,427.0903625488281,巡航
T006,3225.0,109.2414774642571,23.017848909447498,427.0903625488281,巡航
T006,3230.0,109.24094744780332,23.017383056775063,427.0903625488281,巡航
T006,3235.0,109.24041743134953,23.01691720410263,427.0903625488281,巡航
T006,3240.0,109.23988741489575,23.016451351430195,427.0903625488281,巡航
T006,3245.0,109.23935739844195,23.015985498757757,427.0903625488281,巡航
T006,3250.0,109.23882738198817,23.015519646085323,427.0903625488281,巡航
T006,3255.0,109.23829736553438,23.01505379341289,427.0903625488281,巡航
T006,3260.0,109.2377673490806,23.014587940740455,427.0903625488281,巡航
T006,3265.0,109.2372373326268,23.01412208806802,427.0903625488281,巡航
T006,3270.0,109.23670731617301,23.013656235395583,427.0903625488281,巡航
T006,3275.0,109.23617729971923,23.01319038272315,427.0903625488281,巡航
T006,3280.0,109.23564728326544,23.012724530050715,427.0903625488281,巡航
T006,3285.0,109.23511726681166,23.01225867737828,427.0903625488281,巡航
T006,3290.0,109.23458725035786,23.011792824705847,427.0903625488281,巡航
T006,3295.0,109.23405723390408,23.01132697203341,427.0903625488281,巡航
T006,3300.0,109.23352721745029,23.010861119360975,427.0903625488281,巡航
T006,3305.0,109.23299720099651,23.01039526668854,427.0903625488281,巡航
T006,3310.0,109.23246718454271,23.009929414016106,427.0903625488281,巡航
T006,3315.0,109.23193716808893,23.009463561343672,427.0903625488281,巡航
T006,3320.0,109.23140715163514,23.008997708671235,427.0903625488281,巡航
T006,3325.0,109.23087713518136,23.0085318559988,427.0903625488281,巡航
T006,3330.0,109.2308517,23.0085095,415.19023027862113,下降
T006,3335.0,109.2308517,23.0085095,402.69023027862113,下降
T006,3340.0,109.2308517,23.0085095,390.19023027862113,下降
T006,3345.0,109.2308517,23.0085095,377.69023027862113,下降
T006,3350.0,109.2308517,23.0085095,365.19023027862113,下降
T006,3355.0,109.2308517,23.0085095,352.69023027862113,下降
T006,3360.0,109.2308517,23.0085095,340.19023027862113,下降
T006,3365.0,109.2308517,23.0085095,327.69023027862113,下降
T006,3370.0,109.2308517,23.0085095,315.19023027862113,下降
T006,3375.0,109.2308517,23.0085095,302.69023027862113,下降
T006,3380.0,109.2308517,23.0085095,290.19023027862113,下降
T006,3385.0,109.2308517,23.0085095,277.69023027862113,下降
T006,3390.0,109.2308517,23.0085095,265.19023027862113,下降
T006,3395.0,109.2308517,23.0085095,252.6902302786211,下降
T006,3400.0,109.2308517,23.0085095,240.19023027862107,下降
T006,3405.0,109.2308517,23.0085095,227.6902302786211,下降
T006,3410.0,109.2308517,23.0085095,215.1902302786211,下降
T006,3415.0,109.2308517,23.0085095,202.69023027862107,下降
T006,3420.0,109.2308517,23.0085095,190.1902302786211,下降
T006,3425.0,109.2308517,23.0085095,177.69023027862107,下降
T006,3430.0,109.2308517,23.0085095,165.19023027862107,下降
T006,3435.0,109.2308517,23.0085095,152.69023027862107,下降
T006,3440.0,109.2308517,23.0085095,140.19023027862107,下降
T007,1945.0,109.2308517,23.0085095,128.98328251567474,爬升
T007,1950.0,109.2308517,23.0085095,143.98328251567474,爬升
T007,1955.0,109.2308517,23.0085095,158.98328251567474,爬升
T007,1960.0,109.2308517,23.0085095,173.98328251567477,爬升
T007,1965.0,109.2308517,23.0085095,188.98328251567477,爬升
T007,1970.0,109.2308517,23.0085095,203.98328251567477,爬升
T007,1975.0,109.2308517,23.0085095,218.98328251567477,爬升
T007,1980.0,109.2308517,23.0085095,233.9832825156748,爬升
T007,1985.0,109.2308517,23.0085095,248.9832825156748,爬升
T007,1990.0,109.2308517,23.0085095,263.98328251567483,爬升
T007,1995.0,109.2308517,23.0085095,278.98328251567483,爬升
T007,2000.0,109.2308517,23.0085095,293.98328251567483,爬升
T007,2005.0,109.2308517,23.0085095,308.98328251567483,爬升
T007,2010.0,109.2308517,23.0085095,323.9832825156749,爬升
T007,2015.0,109.2308517,23.0085095,338.9832825156749,爬升
T007,2020.0,109.2308517,23.0085095,353.98328251567483,爬升
T007,2025.0,109.2308517,23.0085095,368.9832825156749,爬升
T007,2030.0,109.2308517,23.0085095,383.9832825156749,爬升
T007,2035.0,109.2308517,23.0085095,398.9832825156749,爬升
T007,2040.0,109.2308517,23.0085095,413.9832825156749,爬升
T007,2045.0,109.2308517,23.0085095,428.9832825156749,爬升
T007,2050.0,109.2308517,23.0085095,443.9832825156749,爬升
T007,2055.0,109.2308517,23.0085095,458.9832825156749,爬升
T007,2060.0,109.2308517,23.0085095,473.98328251567494,爬升
T007,2065.0,109.2308517,23.0085095,488.98328251567494,爬升
T007,2070.0,109.2308517,23.0085095,503.983282515675,爬升
T007,2075.0,109.2308517,23.0085095,518.983282515675,爬升
T007,2080.0,109.2308517,23.0085095,533.983282515675,爬升
T007,2085.0,109.2308517,23.0085095,548.983282515675,爬升
T007,2090.0,109.2308517,23.0085095,563.983282515675,爬升
T007,2095.0,109.23101933695716,23.0084990123807,575.5438232421875,巡航
T007,2100.0,109.23175042697962,23.00845327429311,575.5438232421875,巡航
T007,2105.0,109.23248151700207,23.00840753620552,575.5438232421875,巡航
T007,2110.0,109.23321260702451,23.00836179811793,575.5438232421875,巡航
T007,2115.0,109.23394369704697,23.008316060030342,575.5438232421875,巡航
T007,2120.0,109.23467478706942,23.008270321942753,575.5438232421875,巡航
T007,2125.0,109.23540587709186,23.008224583855164,575.5438232421875,巡航
T007,2130.0,109.23613696711432,23.008178845767574,575.5438232421875,巡航
T007,2135.0,109.23686805713677,23.008133107679985,575.5438232421875,巡航
T007,2140.0,109.23759914715922,23.008087369592396,575.5438232421875,巡航
T007,2145.0,109.23833023718167,23.008041631504806,575.5438232421875,巡航
T007,2150.0,109.23906132720413,23.007995893417217,575.5438232421875,巡航
T007,2155.0,109.23979241722657,23.007950155329628,575.5438232421875,巡航
T007,2160.0,109.24052350724902,23.007904417242038,575.5438232421875,巡航
T007,2165.0,109.24125459727148,23.00785867915445,575.5438232421875,巡航
T007,2170.0,109.24198568729392,23.00781294106686,575.5438232421875,巡航
T007,2175.0,109.24271677731637,23.007767202979274,575.5438232421875,巡航
T007,2180.0,109.24344786733883,23.007721464891684,575.5438232421875,巡航
T007,2185.0,109.24417895736127,23.007675726804095,575.5438232421875,巡航
T007,2190.0,109.24491004738373,23.007629988716506,575.5438232421875,巡航
T007,2195.0,109.24564113740617,23.007584250628916,575.5438232421875,巡航
T007,2200.0,109.24637222742862,23.007538512541327,575.5438232421875,巡航
T007,2205.0,109.24710331745108,23.007492774453738,575.5438232421875,巡航
T007,2210.0,109.24783440747352,23.00744703636615,575.5438232421875,巡航
T007,2215.0,109.24856549749597,23.00740129827856,575.5438232421875,巡航
T007,2220.0,109.24929658751843,23.00735556019097,575.5438232421875,巡航
T007,2225.0,109.25002767754087,23.00730982210338,575.5438232421875,巡航
T007,2230.0,109.25075876756333,23.00726408401579,575.5438232421875,巡航
T007,2235.0,109.25148985758578,23.0072183459282,575.5438232421875,巡航
T007,2240.0,109.25222094760822,23.007172607840612,575.5438232421875,巡航
T007,2245.0,109.25295203763068,23.007126869753023,575.5438232421875,巡航
T007,2250.0,109.25368312765313,23.007081131665434,575.5438232421875,巡航
T007,2255.0,109.25441421767557,23.007035393577848,575.5438232421875,巡航
T007,2260.0,109.25514530769803,23.00698965549026,575.5438232421875,巡航
T007,2265.0,109.25587639772048,23.00694391740267,575.5438232421875,巡航
T007,2270.0,109.25660748774293,23.00689817931508,575.5438232421875,巡航
T007,2275.0,109.25733857776538,23.00685244122749,575.5438232421875,巡航
T007,2280.0,109.25806966778784,23.0068067031399,575.5438232421875,巡航
T007,2285.0,109.25880075781028,23.00676096505231,575.5438232421875,巡航
T007,2290.0,109.25953184783273,23.006715226964722,575.5438232421875,巡航
T007,2295.0,109.26026293785517,23.006669488877133,575.5438232421875,巡航
T007,2300.0,109.26099402787763,23.006623750789544,575.5438232421875,巡航
T007,2305.0,109.26172511790008,23.006578012701954,575.5438232421875,巡航
T007,2310.0,109.26245620792253,23.006532274614365,575.5438232421875,巡航
T007,2315.0,109.26318729794498,23.006486536526776,575.5438232421875,巡航
T007,2320.0,109.26391838796744,23.006440798439186,575.5438232421875,巡航
T007,2325.0,109.26464947798988,23.006395060351597,575.5438232421875,巡航
T007,2330.0,109.26538056801233,23.006349322264008,575.5438232421875,巡航
T007,2335.0,109.26611165803479,23.00630358417642,575.5438232421875,巡航
T007,2340.0,109.26684274805723,23.006257846088833,575.5438232421875,巡航
T007,2345.0,109.26757383807968,23.006212108001243,575.5438232421875,巡航
T007,2350.0,109.26830492810214,23.006166369913654,575.5438232421875,巡航
T007,2355.0,109.26903601812458,23.006120631826064,575.5438232421875,巡航
T007,2360.0,109.26976710814704,23.006074893738475,575.5438232421875,巡航
T007,2365.0,109.27049819816949,23.006029155650886,575.5438232421875,巡航
T007,2370.0,109.27122928819193,23.005983417563296,575.5438232421875,巡航
T007,2375.0,109.27196037821439,23.005937679475707,575.5438232421875,巡航
T007,2380.0,109.27269146823684,23.005891941388118,575.5438232421875,巡航
T007,2385.0,109.27342255825928,23.00584620330053,575.5438232421875,巡航
T007,2390.0,109.27415364828174,23.00580046521294,575.5438232421875,巡航
T007,2395.0,109.2748847383042,23.00575472712535,575.5438232421875,巡航
T007,2400.0,109.27561582832664,23.00570898903776,575.5438232421875,巡航
T007,2405.0,109.27634691834909,23.00566325095017,575.5438232421875,巡航
T007,2410.0,109.27707800837153,23.00561751286258,575.5438232421875,巡航
T007,2415.0,109.27780909839399,23.005571774774992,575.5438232421875,巡航
T007,2420.0,109.27854018841644,23.005526036687403,575.5438232421875,巡航
T007,2425.0,109.27927127843888,23.005480298599817,575.5438232421875,巡航
T007,2430.0,109.28000236846134,23.005434560512228,575.5438232421875,巡航
T007,2435.0,109.2807334584838,23.00538882242464,575.5438232421875,巡航
T007,2440.0,109.28146454850624,23.00534308433705,575.5438232421875,巡航
T007,2445.0,109.28219563852869,23.00529734624946,575.5438232421875,巡航
T007,2450.0,109.28292672855115,23.00525160816187,575.5438232421875,巡航
T007,2455.0,109.2835966,23.0052097,574.4971229091811,下降
T007,2460.0,109.2835966,23.0052097,561.9971229091811,下降
T007,2465.0,109.2835966,23.0052097,549.4971229091811,下降
T007,2470.0,109.2835966,23.0052097,536.9971229091811,下降
T007,2475.0,109.2835966,23.0052097,524.4971229091811,下降
T007,2480.0,109.2835966,23.0052097,511.9971229091811,下降
T007,2485.0,109.2835966,23.0052097,499.4971229091811,下降
T007,2490.0,109.2835966,23.0052097,486.99712290918103,下降
T007,2495.0,109.2835966,23.0052097,474.49712290918103,下降
T007,2500.0,109.2835966,23.0052097,461.99712290918103,下降
T007,2505.0,109.2835966,23.0052097,449.49712290918103,下降
T007,2510.0,109.2835966,23.0052097,436.99712290918103,下降
T007,2515.0,109.2835966,23.0052097,424.49712290918103,下降
T007,2520.0,109.2835966,23.0052097,411.997122909181,下降
T007,2525.0,109.2835966,23.0052097,399.497122909181,下降
T007,2530.0,109.2835966,23.0052097,386.9971229091809,下降
T007,2535.0,109.2835966,23.0052097,374.4971229091809,下降
T007,2540.0,109.2835966,23.0052097,361.9971229091809,下降
T007,2545.0,109.2835966,23.0052097,351.0,投送
T007,2550.0,109.2835966,23.0052097,351.0,投送
T007,2555.0,109.2835966,23.0052097,351.0,投送
T007,2560.0,109.2835966,23.0052097,351.0,投送
T007,2565.0,109.2835966,23.0052097,351.0,投送
T007,2570.0,109.2835966,23.0052097,351.0,投送
T007,2575.0,109.2835966,23.0052097,351.0,投送
T007,2580.0,109.2835966,23.0052097,351.0,投送
T007,2585.0,109.2835966,23.0052097,351.0,投送
T007,2590.0,109.2835966,23.0052097,351.0,投送
T007,2595.0,109.2835966,23.0052097,351.0,投送
T007,2600.0,109.2835966,23.0052097,351.0,投送
T007,2605.0,109.2835966,23.0052097,351.0,投送
T007,2610.0,109.2835966,23.0052097,351.0,投送
T007,2615.0,109.2835966,23.0052097,351.0,投送
T007,2620.0,109.2835966,23.0052097,351.0,投送
T007,2625.0,109.2835966,23.0052097,351.0,投送
T007,2630.0,109.2835966,23.0052097,351.0,投送
T007,2635.0,109.2835966,23.0052097,351.0,投送
T007,2640.0,109.2835966,23.0052097,351.0,投送
T007,2645.0,109.2835966,23.0052097,351.0,投送
T007,2650.0,109.2835966,23.0052097,351.0,投送
T007,2655.0,109.2835966,23.0052097,351.0,投送
T007,2660.0,109.2835966,23.0052097,351.0,投送
T007,2665.0,109.2835966,23.0052097,351.0,投送
T007,2670.0,109.2835966,23.0052097,351.0,投送
T007,2675.0,109.2835966,23.0052097,351.0,投送
T007,2680.0,109.2835966,23.0052097,351.0,投送
T007,2685.0,109.2835966,23.0052097,351.0,投送
T007,2690.0,109.2835966,23.0052097,351.0,投送
T007,2695.0,109.2835966,23.0052097,351.0,投送
T007,2700.0,109.2835966,23.0052097,351.0,投送
T007,2705.0,109.2835966,23.0052097,351.0,投送
T007,2710.0,109.2835966,23.0052097,351.0,投送
T007,2715.0,109.2835966,23.0052097,351.0,投送
T007,2720.0,109.2835966,23.0052097,351.0,投送
T007,2725.0,109.2835966,23.0052097,351.0,投送
T007,2730.0,109.2835966,23.0052097,351.0,投送
T007,2735.0,109.2835966,23.0052097,351.0,投送
T007,2740.0,109.2835966,23.0052097,351.0,投送
T007,2745.0,109.2835966,23.0052097,351.0,投送
T007,2750.0,109.2835966,23.0052097,351.0,投送
T007,2755.0,109.2835966,23.0052097,351.0,投送
T007,2760.0,109.2835966,23.0052097,351.0,投送
T007,2765.0,109.2835966,23.0052097,351.0,投送
T007,2770.0,109.2835966,23.0052097,351.0,投送
T007,2775.0,109.2835966,23.0052097,351.0,投送
T007,2780.0,109.2835966,23.0052097,351.0,投送
T007,2785.0,109.2835966,23.0052097,352.8034525089829,爬升
T007,2790.0,109.2835966,23.0052097,367.80345250898296,爬升
T007,2795.0,109.2835966,23.0052097,382.80345250898296,爬升
T007,2800.0,109.2835966,23.0052097,397.803452508983,爬升
T007,2805.0,109.2835966,23.0052097,412.803452508983,爬升
T007,2810.0,109.2835966,23.0052097,427.80345250898307,爬升
T007,2815.0,109.2835966,23.0052097,442.80345250898307,爬升
T007,2820.0,109.2835966,23.0052097,457.8034525089831,爬升
T007,2825.0,109.2835966,23.0052097,472.8034525089831,爬升
T007,2830.0,109.2835966,23.0052097,487.8034525089831,爬升
T007,2835.0,109.2835966,23.0052097,502.80345250898324,爬升
T007,2840.0,109.2835966,23.0052097,517.8034525089832,爬升
T007,2845.0,109.2835966,23.0052097,532.8034525089832,爬升
T007,2850.0,109.2835966,23.0052097,547.8034525089834,爬升
T007,2855.0,109.2835966,23.0052097,562.8034525089834,爬升
T007,2860.0,109.28348646717257,23.005216590074756,575.5438232421875,巡航
T007,2865.0,109.28275537715012,23.005262328162345,575.5438232421875,巡航
T007,2870.0,109.28202428712767,23.005308066249935,575.5438232421875,巡航
T007,2875.0,109.28129319710521,23.005353804337524,575.5438232421875,巡航
T007,2880.0,109.28056210708277,23.005399542425113,575.5438232421875,巡航
T007,2885.0,109.27983101706032,23.005445280512703,575.5438232421875,巡航
T007,2890.0,109.27909992703786,23.005491018600292,575.5438232421875,巡航
T007,2895.0,109.27836883701542,23.00553675668788,575.5438232421875,巡航
T007,2900.0,109.27763774699297,23.00558249477547,575.5438232421875,巡航
T007,2905.0,109.27690665697051,23.00562823286306,575.5438232421875,巡航
T007,2910.0,109.27617556694807,23.00567397095065,575.5438232421875,巡航
T007,2915.0,109.27544447692561,23.00571970903824,575.5438232421875,巡航
T007,2920.0,109.27471338690316,23.005765447125825,575.5438232421875,巡航
T007,2925.0,109.27398229688072,23.005811185213414,575.5438232421875,巡航
T007,2930.0,109.27325120685826,23.005856923301003,575.5438232421875,巡航
T007,2935.0,109.27252011683582,23.005902661388593,575.5438232421875,巡航
T007,2940.0,109.27178902681337,23.005948399476182,575.5438232421875,巡航
T007,2945.0,109.27105793679091,23.00599413756377,575.5438232421875,巡航
T007,2950.0,109.27032684676847,23.00603987565136,575.5438232421875,巡航
T007,2955.0,109.26959575674601,23.00608561373895,575.5438232421875,巡航
T007,2960.0,109.26886466672356,23.00613135182654,575.5438232421875,巡航
T007,2965.0,109.26813357670112,23.00617708991413,575.5438232421875,巡航
T007,2970.0,109.26740248667866,23.006222828001718,575.5438232421875,巡航
T007,2975.0,109.2666713966562,23.006268566089307,575.5438232421875,巡航
T007,2980.0,109.26594030663377,23.006314304176897,575.5438232421875,巡航
T007,2985.0,109.26520921661131,23.006360042264486,575.5438232421875,巡航
T007,2990.0,109.26447812658886,23.006405780352075,575.5438232421875,巡航
T007,2995.0,109.26374703656641,23.006451518439665,575.5438232421875,巡航
T007,3000.0,109.26301594654396,23.00649725652725,575.5438232421875,巡航
T007,3005.0,109.2622848565215,23.00654299461484,575.5438232421875,巡航
T007,3010.0,109.26155376649906,23.00658873270243,575.5438232421875,巡航
T007,3015.0,109.26082267647661,23.00663447079002,575.5438232421875,巡航
T007,3020.0,109.26009158645415,23.006680208877608,575.5438232421875,巡航
T007,3025.0,109.25936049643171,23.006725946965197,575.5438232421875,巡航
T007,3030.0,109.25862940640926,23.006771685052787,575.5438232421875,巡航
T007,3035.0,109.2578983163868,23.006817423140376,575.5438232421875,巡航
T007,3040.0,109.25716722636436,23.006863161227965,575.5438232421875,巡航
T007,3045.0,109.2564361363419,23.006908899315555,575.5438232421875,巡航
T007,3050.0,109.25570504631946,23.006954637403144,575.5438232421875,巡航
T007,3055.0,109.25497395629701,23.007000375490733,575.5438232421875,巡航
T007,3060.0,109.25424286627455,23.007046113578323,575.5438232421875,巡航
T007,3065.0,109.25351177625211,23.007091851665912,575.5438232421875,巡航
T007,3070.0,109.25278068622966,23.0071375897535,575.5438232421875,巡航
T007,3075.0,109.2520495962072,23.00718332784109,575.5438232421875,巡航
T007,3080.0,109.25131850618476,23.00722906592868,575.5438232421875,巡航
T007,3085.0,109.2505874161623,23.007274804016266,575.5438232421875,巡航
T007,3090.0,109.24985632613985,23.007320542103855,575.5438232421875,巡航
T007,3095.0,109.24912523611741,23.007366280191444,575.5438232421875,巡航
T007,3100.0,109.24839414609495,23.007412018279034,575.5438232421875,巡航
T007,3105.0,109.2476630560725,23.007457756366623,575.5438232421875,巡航
T007,3110.0,109.24693196605006,23.007503494454213,575.5438232421875,巡航
T007,3115.0,109.2462008760276,23.007549232541802,575.5438232421875,巡航
T007,3120.0,109.24546978600515,23.00759497062939,575.5438232421875,巡航
T007,3125.0,109.2447386959827,23.00764070871698,575.5438232421875,巡航
T007,3130.0,109.24400760596025,23.00768644680457,575.5438232421875,巡航
T007,3135.0,109.2432765159378,23.00773218489216,575.5438232421875,巡航
T007,3140.0,109.24254542591535,23.00777792297975,575.5438232421875,巡航
T007,3145.0,109.2418143358929,23.007823661067338,575.5438232421875,巡航
T007,3150.0,109.24108324587046,23.007869399154927,575.5438232421875,巡航
T007,3155.0,109.240352155848,23.007915137242517,575.5438232421875,巡航
T007,3160.0,109.23962106582555,23.007960875330106,575.5438232421875,巡航
T007,3165.0,109.2388899758031,23.008006613417695,575.5438232421875,巡航
T007,3170.0,109.23815888578065,23.00805235150528,575.5438232421875,巡航
T007,3175.0,109.2374277957582,23.00809808959287,575.5438232421875,巡航
T007,3180.0,109.23669670573575,23.00814382768046,575.5438232421875,巡航
T007,3185.0,109.2359656157133,23.00818956576805,575.5438232421875,巡航
T007,3190.0,109.23523452569084,23.00823530385564,575.5438232421875,巡航
T007,3195.0,109.2345034356684,23.008281041943228,575.5438232421875,巡航
T007,3200.0,109.23377234564595,23.008326780030817,575.5438232421875,巡航
T007,3205.0,109.23304125562349,23.008372518118406,575.5438232421875,巡航
T007,3210.0,109.23231016560105,23.008418256205996,575.5438232421875,巡航
T007,3215.0,109.2315790755786,23.008463994293585,575.5438232421875,巡航
T007,3220.0,109.2308517,23.0085095,575.4803145814242,下降
T007,3225.0,109.2308517,23.0085095,562.9803145814242,下降
T007,3230.0,109.2308517,23.0085095,550.4803145814242,下降
T007,3235.0,109.2308517,23.0085095,537.9803145814242,下降
T007,3240.0,109.2308517,23.0085095,525.4803145814242,下降
T007,3245.0,109.2308517,23.0085095,512.9803145814242,下降
T007,3250.0,109.2308517,23.0085095,500.4803145814242,下降
T007,3255.0,109.2308517,23.0085095,487.9803145814242,下降
T007,3260.0,109.2308517,23.0085095,475.48031458142424,下降
T007,3265.0,109.2308517,23.0085095,462.98031458142424,下降
T007,3270.0,109.2308517,23.0085095,450.48031458142424,下降
T007,3275.0,109.2308517,23.0085095,437.9803145814242,下降
T007,3280.0,109.2308517,23.0085095,425.48031458142424,下降
T007,3285.0,109.2308517,23.0085095,412.98031458142424,下降
T007,3290.0,109.2308517,23.0085095,400.48031458142424,下降
T007,3295.0,109.2308517,23.0085095,387.9803145814243,下降
T007,3300.0,109.2308517,23.0085095,375.4803145814243,下降
T007,3305.0,109.2308517,23.0085095,362.9803145814243,下降
T007,3310.0,109.2308517,23.0085095,350.48031458142424,下降
T007,3315.0,109.2308517,23.0085095,337.98031458142424,下降
T007,3320.0,109.2308517,23.0085095,325.4803145814243,下降
T007,3325.0,109.2308517,23.0085095,312.9803145814243,下降
T007,3330.0,109.2308517,23.0085095,300.4803145814243,下降
T007,3335.0,109.2308517,23.0085095,287.9803145814243,下降
T007,3340.0,109.2308517,23.0085095,275.4803145814243,下降
T007,3345.0,109.2308517,23.0085095,262.9803145814243,下降
T007,3350.0,109.2308517,23.0085095,250.48031458142435,下降
T007,3355.0,109.2308517,23.0085095,237.9803145814243,下降
T007,3360.0,109.2308517,23.0085095,225.4803145814243,下降
T007,3365.0,109.2308517,23.0085095,212.9803145814243,下降
T007,3370.0,109.2308517,23.0085095,200.4803145814243,下降
T007,3375.0,109.2308517,23.0085095,187.9803145814243,下降
T007,3380.0,109.2308517,23.0085095,175.48031458142435,下降
T007,3385.0,109.2308517,23.0085095,162.98031458142435,下降
T007,3390.0,109.2308517,23.0085095,150.48031458142435,下降
T007,3395.0,109.2308517,23.0085095,137.98031458142435,下降
T008,330.0,109.2308517,23.0085095,127.7,爬升
T008,335.0,109.2308517,23.0085095,142.70000000000002,爬升
T008,340.0,109.2308517,23.0085095,157.70000000000002,爬升
T008,345.0,109.2308517,23.0085095,172.70000000000002,爬升
T008,350.0,109.2308517,23.0085095,187.70000000000002,爬升
T008,355.0,109.2308517,23.0085095,202.70000000000005,爬升
T008,360.0,109.2308517,23.0085095,217.70000000000002,爬升
T008,365.0,109.2308517,23.0085095,232.70000000000005,爬升
T008,370.0,109.2308517,23.0085095,247.70000000000005,爬升
T008,375.0,109.2308517,23.0085095,262.70000000000005,爬升
T008,380.0,109.2308517,23.0085095,277.70000000000005,爬升
T008,385.0,109.2308517,23.0085095,292.70000000000005,爬升
T008,390.0,109.2308517,23.0085095,307.70000000000005,爬升
T008,395.0,109.2308517,23.0085095,322.70000000000005,爬升
T008,400.0,109.2308517,23.0085095,337.70000000000005,爬升
T008,405.0,109.2308517,23.0085095,352.70000000000005,爬升
T008,410.0,109.2308517,23.0085095,367.70000000000005,爬升
T008,415.0,109.2302936519319,23.008495211155875,368.4154968261719,巡航
T008,420.0,109.22970765178059,23.008480206597486,368.4154968261719,巡航
T008,425.0,109.22912165162926,23.0084652020391,368.4154968261719,巡航
T008,430.0,109.22853565147794,23.008450197480716,368.4154968261719,巡航
T008,435.0,109.22794965132661,23.00843519292233,368.4154968261719,巡航
T008,440.0,109.2273636511753,23.008420188363946,368.4154968261719,巡航
T008,445.0,109.22677765102397,23.00840518380556,368.4154968261719,巡航
T008,450.0,109.22619165087265,23.008390179247176,368.4154968261719,巡航
T008,455.0,109.22560565072132,23.00837517468879,368.4154968261719,巡航
T008,460.0,109.22501965057,23.008360170130405,368.4154968261719,巡航
T008,465.0,109.22443365041867,23.008345165572017,368.4154968261719,巡航
T008,470.0,109.22384765026736,23.00833016101363,368.4154968261719,巡航
T008,475.0,109.22326165011604,23.008315156455247,368.4154968261719,巡航
T008,480.0,109.22267564996471,23.00830015189686,368.4154968261719,巡航
T008,485.0,109.2220896498134,23.008285147338476,368.4154968261719,巡航
T008,490.0,109.22150364966207,23.00827014278009,368.4154968261719,巡航
T008,495.0,109.22091764951075,23.008255138221706,368.4154968261719,巡航
T008,500.0,109.22033164935942,23.00824013366332,368.4154968261719,巡航
T008,505.0,109.21974564920811,23.008225129104936,368.4154968261719,巡航
T008,510.0,109.21915964905678,23.00821012454655,368.4154968261719,巡航
T008,515.0,109.21857364890546,23.008195119988162,368.4154968261719,巡航
T008,520.0,109.21798764875413,23.008180115429777,368.4154968261719,巡航
T008,525.0,109.21740164860282,23.008165110871392,368.4154968261719,巡航
T008,530.0,109.21681564845149,23.008150106313007,368.4154968261719,巡航
T008,535.0,109.21622964830017,23.008135101754622,368.4154968261719,巡航
T008,540.0,109.21564364814884,23.008120097196237,368.4154968261719,巡航
T008,545.0,109.21505764799753,23.00810509263785,368.4154968261719,巡航
T008,550.0,109.2144716478462,23.008090088079467,368.4154968261719,巡航
T008,555.0,109.21388564769488,23.00807508352108,368.4154968261719,巡航
T008,560.0,109.21329964754355,23.008060078962693,368.4154968261719,巡航
T008,565.0,109.21271364739223,23.008045074404308,368.4154968261719,巡航
T008,570.0,109.2121276472409,23.008030069845923,368.4154968261719,巡航
T008,575.0,109.21154164708959,23.008015065287537,368.4154968261719,巡航
T008,580.0,109.21095564693826,23.008000060729152,368.4154968261719,巡航
T008,585.0,109.21036964678694,23.007985056170767,368.4154968261719,巡航
T008,590.0,109.20978364663561,23.007970051612382,368.4154968261719,巡航
T008,595.0,109.2091976464843,23.007955047053997,368.4154968261719,巡航
T008,600.0,109.20861164633297,23.007940042495612,368.4154968261719,巡航
T008,605.0,109.20802564618165,23.007925037937223,368.4154968261719,巡航
T008,610.0,109.20743964603032,23.007910033378838,368.4154968261719,巡航
T008,615.0,109.20685364587901,23.007895028820453,368.4154968261719,巡航
T008,620.0,109.20626764572768,23.007880024262068,368.4154968261719,巡航
T008,625.0,109.20568164557636,23.007865019703683,368.4154968261719,巡航
T008,630.0,109.20509564542503,23.007850015145298,368.4154968261719,巡航
T008,635.0,109.20450964527372,23.007835010586913,368.4154968261719,巡航
T008,640.0,109.20392364512239,23.007820006028528,368.4154968261719,巡航
T008,645.0,109.20333764497107,23.007805001470143,368.4154968261719,巡航
T008,650.0,109.20275164481974,23.007789996911754,368.4154968261719,巡航
T008,655.0,109.20216564466843,23.00777499235337,368.4154968261719,巡航
T008,660.0,109.20157964451711,23.007759987794984,368.4154968261719,巡航
T008,665.0,109.20099364436578,23.0077449832366,368.4154968261719,巡航
T008,670.0,109.20040764421447,23.007729978678213,368.4154968261719,巡航
T008,675.0,109.19982164406314,23.00771497411983,368.4154968261719,巡航
T008,680.0,109.1997836,23.007714,356.727016734627,下降
T008,685.0,109.1997836,23.007714,344.227016734627,下降
T008,690.0,109.1997836,23.007714,331.72701673462694,下降
T008,695.0,109.1997836,23.007714,319.22701673462694,下降
T008,700.0,109.1997836,23.007714,314.8,投送
T008,705.0,109.1997836,23.007714,314.8,投送
T008,710.0,109.1997836,23.007714,314.8,投送
T008,715.0,109.1997836,23.007714,314.8,投送
T008,720.0,109.1997836,23.007714,314.8,投送
T008,725.0,109.1997836,23.007714,314.8,投送
T008,730.0,109.1997836,23.007714,314.8,投送
T008,735.0,109.1997836,23.007714,314.8,投送
T008,740.0,109.1997836,23.007714,314.8,投送
T008,745.0,109.1997836,23.007714,314.8,投送
T008,750.0,109.1997836,23.007714,314.8,投送
T008,755.0,109.1997836,23.007714,314.8,投送
T008,760.0,109.1997836,23.007714,314.8,投送
T008,765.0,109.1997836,23.007714,314.8,投送
T008,770.0,109.1997836,23.007714,314.8,投送
T008,775.0,109.1997836,23.007714,314.8,投送
T008,780.0,109.1997836,23.007714,314.8,投送
T008,785.0,109.1997836,23.007714,314.8,投送
T008,790.0,109.1997836,23.007714,314.8,投送
T008,795.0,109.1997836,23.007714,314.8,投送
T008,800.0,109.1997836,23.007714,314.8,投送
T008,805.0,109.1997836,23.007714,314.8,投送
T008,810.0,109.1997836,23.007714,314.8,投送
T008,815.0,109.1997836,23.007714,314.8,投送
T008,820.0,109.1997836,23.007714,314.8,投送
T008,825.0,109.1997836,23.007714,314.8,投送
T008,830.0,109.1997836,23.007714,314.8,投送
T008,835.0,109.1997836,23.007714,314.8,投送
T008,840.0,109.1997836,23.007714,314.8,投送
T008,845.0,109.1997836,23.007714,314.8,投送
T008,850.0,109.1997836,23.007714,314.8,投送
T008,855.0,109.1997836,23.007714,314.8,投送
T008,860.0,109.1997836,23.007714,314.8,投送
T008,865.0,109.1997836,23.007714,314.8,投送
T008,870.0,109.1997836,23.007714,314.8,投送
T008,875.0,109.1997836,23.007714,314.8,投送
T008,880.0,109.1997836,23.007714,324.4875799184477,爬升
T008,885.0,109.1997836,23.007714,339.4875799184477,爬升
T008,890.0,109.1997836,23.007714,354.48757991844775,爬升
T008,895.0,109.19982548272363,23.00771507240889,368.4154968261719,巡航
T008,900.0,109.20041148287494,23.007730076967274,368.4154968261719,巡航
T008,905.0,109.20099748302627,23.007745081525663,368.4154968261719,巡航
T008,910.0,109.20158348317759,23.007760086084048,368.4154968261719,巡航
T008,915.0,109.20216948332892,23.007775090642433,368.4154968261719,巡航
T008,920.0,109.20275548348023,23.007790095200818,368.4154968261719,巡航
T008,925.0,109.20334148363156,23.007805099759203,368.4154968261719,巡航
T008,930.0,109.20392748378288,23.007820104317588,368.4154968261719,巡航
T008,935.0,109.2045134839342,23.007835108875973,368.4154968261719,巡航
T008,940.0,109.20509948408552,23.00785011343436,368.4154968261719,巡航
T008,945.0,109.20568548423685,23.007865117992743,368.4154968261719,巡航
T008,950.0,109.20627148438817,23.007880122551132,368.4154968261719,巡航
T008,955.0,109.2068574845395,23.007895127109517,368.4154968261719,巡航
T008,960.0,109.20744348469081,23.007910131667902,368.4154968261719,巡航
T008,965.0,109.20802948484214,23.007925136226287,368.4154968261719,巡航
T008,970.0,109.20861548499346,23.007940140784672,368.4154968261719,巡航
T008,975.0,109.20920148514479,23.007955145343058,368.4154968261719,巡航
T008,980.0,109.2097874852961,23.007970149901443,368.4154968261719,巡航
T008,985.0,109.21037348544743,23.007985154459828,368.4154968261719,巡航
T008,990.0,109.21095948559875,23.008000159018213,368.4154968261719,巡航
T008,995.0,109.21154548575008,23.0080151635766,368.4154968261719,巡航
T008,1000.0,109.2121314859014,23.008030168134987,368.4154968261719,巡航
T008,1005.0,109.21271748605272,23.00804517269337,368.4154968261719,巡航
T008,1010.0,109.21330348620404,23.008060177251757,368.4154968261719,巡航
T008,1015.0,109.21388948635537,23.008075181810142,368.4154968261719,巡航
T008,1020.0,109.21447548650669,23.008090186368527,368.4154968261719,巡航
T008,1025.0,109.21506148665802,23.008105190926912,368.4154968261719,巡航
T008,1030.0,109.21564748680933,23.008120195485297,368.4154968261719,巡航
T008,1035.0,109.21623348696066,23.008135200043682,368.4154968261719,巡航
T008,1040.0,109.21681948711198,23.00815020460207,368.4154968261719,巡航
T008,1045.0,109.2174054872633,23.008165209160456,368.4154968261719,巡航
T008,1050.0,109.21799148741462,23.00818021371884,368.4154968261719,巡航
T008,1055.0,109.21857748756594,23.008195218277226,368.4154968261719,巡航
T008,1060.0,109.21916348771727,23.00821022283561,368.4154968261719,巡航
T008,1065.0,109.21974948786858,23.008225227393996,368.4154968261719,巡航
T008,1070.0,109.22033548801991,23.00824023195238,368.4154968261719,巡航
T008,1075.0,109.22092148817123,23.008255236510767,368.4154968261719,巡航
T008,1080.0,109.22150748832256,23.00827024106915,368.4154968261719,巡航
T008,1085.0,109.22209348847387,23.00828524562754,368.4154968261719,巡航
T008,1090.0,109.2226794886252,23.008300250185926,368.4154968261719,巡航
T008,1095.0,109.22326548877652,23.00831525474431,368.4154968261719,巡航
T008,1100.0,109.22385148892785,23.008330259302696,368.4154968261719,巡航
T008,1105.0,109.22443748907916,23.00834526386108,368.4154968261719,巡航
T008,1110.0,109.2250234892305,23.008360268419466,368.4154968261719,巡航
T008,1115.0,109.22560948938181,23.00837527297785,368.4154968261719,巡航
T008,1120.0,109.22619548953314,23.008390277536236,368.4154968261719,巡航
T008,1125.0,109.22678148968446,23.00840528209462,368.4154968261719,巡航
T008,1130.0,109.22736748983579,23.00842028665301,368.4154968261719,巡航
T008,1135.0,109.2279534899871,23.008435291211395,368.4154968261719,巡航
T008,1140.0,109.22853949013843,23.00845029576978,368.4154968261719,巡航
T008,1145.0,109.22912549028975,23.008465300328165,368.4154968261719,巡航
T008,1150.0,109.22971149044108,23.00848030488655,368.4154968261719,巡航
T008,1155.0,109.23029749059239,23.008495309444935,368.4154968261719,巡航
T008,1160.0,109.2308517,23.0085095,367.73736680258696,下降
T008,1165.0,109.2308517,23.0085095,355.23736680258696,下降
T008,1170.0,109.2308517,23.0085095,342.73736680258696,下降
T008,1175.0,109.2308517,23.0085095,330.237366802587,下降
T008,1180.0,109.2308517,23.0085095,317.737366802587,下降
T008,1185.0,109.2308517,23.0085095,305.237366802587,下降
T008,1190.0,109.2308517,23.0085095,292.7373668025871,下降
T008,1195.0,109.2308517,23.0085095,280.2373668025871,下降
T008,1200.0,109.2308517,23.0085095,267.7373668025871,下降
T008,1205.0,109.2308517,23.0085095,255.23736680258708,下降
T008,1210.0,109.2308517,23.0085095,242.7373668025871,下降
T008,1215.0,109.2308517,23.0085095,230.23736680258713,下降
T008,1220.0,109.2308517,23.0085095,217.73736680258713,下降
T008,1225.0,109.2308517,23.0085095,205.23736680258716,下降
T008,1230.0,109.2308517,23.0085095,192.73736680258716,下降
T008,1235.0,109.2308517,23.0085095,180.2373668025872,下降
T008,1240.0,109.2308517,23.0085095,167.7373668025872,下降
T008,1245.0,109.2308517,23.0085095,155.23736680258722,下降
T008,1250.0,109.2308517,23.0085095,142.73736680258722,下降
T008,1255.0,109.2308517,23.0085095,130.23736680258722,下降
T009,330.0,109.2308517,23.0085095,127.7,爬升
T009,335.0,109.2308517,23.0085095,142.7,爬升
T009,340.0,109.2308517,23.0085095,157.7,爬升
T009,345.0,109.2308517,23.0085095,172.7,爬升
T009,350.0,109.2308517,23.0085095,187.7,爬升
T009,355.0,109.2308517,23.0085095,202.7,爬升
T009,360.0,109.2308517,23.0085095,217.69999999999996,爬升
T009,365.0,109.2308517,23.0085095,232.69999999999996,爬升
T009,370.0,109.2308517,23.0085095,247.69999999999996,爬升
T009,375.0,109.2308517,23.0085095,262.69999999999993,爬升
T009,380.0,109.23092676154339,23.00866158023337,273.0566101074219,巡航
T009,385.0,109.23116924024471,23.00915285999952,273.0566101074219,巡航
T009,390.0,109.23141171894603,23.00964413976567,273.0566101074219,巡航
T009,395.0,109.23165419764734,23.01013541953182,273.0566101074219,巡航
T009,400.0,109.23189667634867,23.01062669929797,273.0566101074219,巡航
T009,405.0,109.23213915504998,23.01111797906412,273.0566101074219,巡航
T009,410.0,109.2323816337513,23.01160925883027,273.0566101074219,巡航
T009,415.0,109.23262411245261,23.012100538596417,273.0566101074219,巡航
T009,420.0,109.23286659115394,23.01259181836257,273.0566101074219,巡航
T009,425.0,109.23310906985525,23.013083098128718,273.0566101074219,巡航
T009,430.0,109.23335154855657,23.01357437789487,273.0566101074219,巡航
T009,435.0,109.23359402725788,23.014065657661018,273.0566101074219,巡航
T009,440.0,109.2338365059592,23.01455693742717,273.0566101074219,巡航
T009,445.0,109.23407898466051,23.015048217193318,273.0566101074219,巡航
T009,450.0,109.23432146336184,23.01553949695947,273.0566101074219,巡航
T009,455.0,109.23456394206316,23.016030776725618,273.0566101074219,巡航
T009,460.0,109.23480642076447,23.01652205649177,273.0566101074219,巡航
T009,465.0,109.2350488994658,23.017013336257918,273.0566101074219,巡航
T009,470.0,109.2352913781671,23.017504616024066,273.0566101074219,巡航
T009,475.0,109.23553385686843,23.017995895790218,273.0566101074219,巡航
T009,480.0,109.23577633556974,23.018487175556366,273.0566101074219,巡航
T009,485.0,109.23601881427106,23.018978455322518,273.0566101074219,巡航
T009,490.0,109.23626129297237,23.019469735088666,273.0566101074219,巡航
T009,495.0,109.2365037716737,23.019961014854818,273.0566101074219,巡航
T009,500.0,109.236746250375,23.020452294620966,273.0566101074219,巡航
T009,505.0,109.23698872907633,23.02094357438712,273.0566101074219,巡航
T009,510.0,109.23723120777765,23.021434854153267,273.0566101074219,巡航
T009,515.0,109.23747368647896,23.021926133919415,273.0566101074219,巡航
T009,520.0,109.23771616518029,23.022417413685567,273.0566101074219,巡航
T009,525.0,109.2379586438816,23.022908693451715,273.0566101074219,巡航
T009,530.0,109.23820112258292,23.023399973217867,273.0566101074219,巡航
T009,535.0,109.23844360128423,23.023891252984015,273.0566101074219,巡航
T009,540.0,109.23868607998556,23.024382532750167,273.0566101074219,巡航
T009,545.0,109.23892855868687,23.024873812516315,273.0566101074219,巡航
T009,550.0,109.23917103738819,23.025365092282467,273.0566101074219,巡航
T009,555.0,109.2394135160895,23.025856372048615,273.0566101074219,巡航
T009,560.0,109.23965599479082,23.026347651814763,273.0566101074219,巡航
T009,565.0,109.23989847349213,23.026838931580915,273.0566101074219,巡航
T009,570.0,109.24014095219346,23.027330211347063,273.0566101074219,巡航
T009,575.0,109.24038343089478,23.027821491113215,273.0566101074219,巡航
T009,580.0,109.24062590959609,23.028312770879364,273.0566101074219,巡航
T009,585.0,109.24086838829741,23.028804050645515,273.0566101074219,巡航
T009,590.0,109.24111086699872,23.029295330411664,273.0566101074219,巡航
T009,595.0,109.24135334570005,23.029786610177815,273.0566101074219,巡航
T009,600.0,109.24159582440136,23.030277889943964,273.0566101074219,巡航
T009,605.0,109.24183830310268,23.030769169710116,273.0566101074219,巡航
T009,610.0,109.24208078180399,23.031260449476264,273.0566101074219,巡航
T009,615.0,109.24232326050532,23.031751729242412,273.0566101074219,巡航
T009,620.0,109.24256573920663,23.032243009008564,273.0566101074219,巡航
T009,625.0,109.24280821790795,23.032734288774712,273.0566101074219,巡航
T009,630.0,109.24305069660926,23.033225568540864,273.0566101074219,巡航
T009,635.0,109.2432319,23.0335927,269.8978115071289,下降
T009,640.0,109.2432319,23.0335927,257.3978115071289,下降
T009,645.0,109.2432319,23.0335927,244.89781150712892,下降
T009,650.0,109.2432319,23.0335927,232.39781150712892,下降
T009,655.0,109.2432319,23.0335927,219.89781150712892,下降
T009,660.0,109.2432319,23.0335927,207.39781150712895,下降
T009,665.0,109.2432319,23.0335927,194.89781150712895,下降
T009,670.0,109.2432319,23.0335927,184.0,投送
T009,675.0,109.2432319,23.0335927,184.0,投送
T009,680.0,109.2432319,23.0335927,184.0,投送
T009,685.0,109.2432319,23.0335927,184.0,投送
T009,690.0,109.2432319,23.0335927,184.0,投送
T009,695.0,109.2432319,23.0335927,184.0,投送
T009,700.0,109.2432319,23.0335927,184.0,投送
T009,705.0,109.2432319,23.0335927,184.0,投送
T009,710.0,109.2432319,23.0335927,184.0,投送
T009,715.0,109.2432319,23.0335927,184.0,投送
T009,720.0,109.2432319,23.0335927,184.0,投送
T009,725.0,109.2432319,23.0335927,184.0,投送
T009,730.0,109.2432319,23.0335927,184.0,投送
T009,735.0,109.2432319,23.0335927,184.0,投送
T009,740.0,109.2432319,23.0335927,184.0,投送
T009,745.0,109.2432319,23.0335927,184.0,投送
T009,750.0,109.2432319,23.0335927,184.0,投送
T009,755.0,109.2432319,23.0335927,184.0,投送
T009,760.0,109.2432319,23.0335927,184.0,投送
T009,765.0,109.2432319,23.0335927,184.0,投送
T009,770.0,109.2432319,23.0335927,184.0,投送
T009,775.0,109.2432319,23.0335927,184.0,投送
T009,780.0,109.2432319,23.0335927,184.0,投送
T009,785.0,109.2432319,23.0335927,184.0,投送
T009,790.0,109.2432319,23.0335927,184.0,投送
T009,795.0,109.2432319,23.0335927,184.0,投送
T009,800.0,109.2432319,23.0335927,184.0,投送
T009,805.0,109.2432319,23.0335927,184.0,投送
T009,810.0,109.2432319,23.0335927,184.0,投送
T009,815.0,109.2432319,23.0335927,184.0,投送
T009,820.0,109.2432319,23.0335927,184.0,投送
T009,825.0,109.2432319,23.0335927,184.0,投送
T009,830.0,109.2432319,23.0335927,184.0,投送
T009,835.0,109.2432319,23.0335927,184.0,投送
T009,840.0,109.2432319,23.0335927,184.0,投送
T009,845.0,109.2432319,23.0335927,184.0,投送
T009,850.0,109.2432319,23.0335927,185.92262619144526,爬升
T009,855.0,109.2432319,23.0335927,200.92262619144523,爬升
T009,860.0,109.2432319,23.0335927,215.92262619144523,爬升
T009,865.0,109.2432319,23.0335927,230.9226261914452,爬升
T009,870.0,109.2432319,23.0335927,245.92262619144518,爬升
T009,875.0,109.2432319,23.0335927,260.92262619144515,爬升
T009,880.0,109.2431855701428,23.033498832285897,273.0566101074219,巡航
T009,885.0,109.24294309144148,23.03300755251975,273.0566101074219,巡航
T009,890.0,109.24270061274017,23.032516272753597,273.0566101074219,巡航
T009,895.0,109.24245813403884,23.03202499298745,273.0566101074219,巡航
T009,900.0,109.24221565533753,23.031533713221297,273.0566101074219,巡航
T009,905.0,109.24197317663621,23.03104243345515,273.0566101074219,巡航
T009,910.0,109.2417306979349,23.030551153688997,273.0566101074219,巡航
T009,915.0,109.24148821923357,23.03005987392285,273.0566101074219,巡航
T009,920.0,109.24124574053226,23.029568594156697,273.0566101074219,巡航
T009,925.0,109.24100326183094,23.02907731439055,273.0566101074219,巡航
T009,930.0,109.24076078312962,23.0285860346244,273.0566101074219,巡航
T009,935.0,109.2405183044283,23.028094754858248,273.0566101074219,巡航
T009,940.0,109.24027582572698,23.0276034750921,273.0566101074219,巡航
T009,945.0,109.24003334702567,23.027112195325948,273.0566101074219,巡航
T009,950.0,109.23979086832435,23.0266209155598,273.0566101074219,巡航
T009,955.0,109.23954838962304,23.026129635793648,273.0566101074219,巡航
T009,960.0,109.23930591092171,23.0256383560275,273.0566101074219,巡航
T009,965.0,109.2390634322204,23.025147076261348,273.0566101074219,巡航
T009,970.0,109.23882095351908,23.0246557964952,273.0566101074219,巡航
T009,975.0,109.23857847481777,23.02416451672905,273.0566101074219,巡航
T009,980.0,109.23833599611645,23.0236732369629,273.0566101074219,巡航
T009,985.0,109.23809351741514,23.02318195719675,273.0566101074219,巡航
T009,990.0,109.23785103871381,23.0226906774306,273.0566101074219,巡航
T009,995.0,109.23760856001249,23.02219939766445,273.0566101074219,巡航
T009,1000.0,109.23736608131118,23.0217081178983,273.0566101074219,巡航
T009,1005.0,109.23712360260986,23.02121683813215,273.0566101074219,巡航
T009,1010.0,109.23688112390855,23.020725558366,273.0566101074219,巡航
T009,1015.0,109.23663864520722,23.02023427859985,273.0566101074219,巡航
T009,1020.0,109.23639616650591,23.0197429988337,273.0566101074219,巡航
T009,1025.0,109.23615368780459,23.01925171906755,273.0566101074219,巡航
T009,1030.0,109.23591120910328,23.018760439301403,273.0566101074219,巡航
T009,1035.0,109.23566873040195,23.01826915953525,273.0566101074219,巡航
T009,1040.0,109.23542625170064,23.017777879769103,273.0566101074219,巡航
T009,1045.0,109.23518377299932,23.01728660000295,273.0566101074219,巡航
T009,1050.0,109.234941294298,23.016795320236803,273.0566101074219,巡航
T009,1055.0,109.23469881559669,23.01630404047065,273.0566101074219,巡航
T009,1060.0,109.23445633689536,23.015812760704502,273.0566101074219,巡航
T009,1065.0,109.23421385819405,23.01532148093835,273.0566101074219,巡航
T009,1070.0,109.23397137949273,23.014830201172202,273.0566101074219,巡航
T009,1075.0,109.23372890079142,23.014338921406054,273.0566101074219,巡航
T009,1080.0,109.2334864220901,23.013847641639902,273.0566101074219,巡航
T009,1085.0,109.23324394338879,23.013356361873754,273.0566101074219,巡航
T009,1090.0,109.23300146468746,23.012865082107602,273.0566101074219,巡航
T009,1095.0,109.23275898598615,23.012373802341454,273.0566101074219,巡航
T009,1100.0,109.23251650728483,23.011882522575302,273.0566101074219,巡航
T009,1105.0,109.23227402858352,23.011391242809154,273.0566101074219,巡航
T009,1110.0,109.2320315498822,23.010899963043002,273.0566101074219,巡航
T009,1115.0,109.23178907118087,23.010408683276854,273.0566101074219,巡航
T009,1120.0,109.23154659247956,23.009917403510702,273.0566101074219,巡航
T009,1125.0,109.23130411377824,23.009426123744554,273.0566101074219,巡航
T009,1130.0,109.23106163507693,23.008934843978405,273.0566101074219,巡航
T009,1135.0,109.2308517,23.0085095,271.37895634759093,下降
T009,1140.0,109.2308517,23.0085095,258.87895634759093,下降
T009,1145.0,109.2308517,23.0085095,246.37895634759087,下降
T009,1150.0,109.2308517,23.0085095,233.87895634759084,下降
T009,1155.0,109.2308517,23.0085095,221.37895634759082,下降
T009,1160.0,109.2308517,23.0085095,208.87895634759082,下降
T009,1165.0,109.2308517,23.0085095,196.37895634759076,下降
T009,1170.0,109.2308517,23.0085095,183.87895634759076,下降
T009,1175.0,109.2308517,23.0085095,171.37895634759073,下降
T009,1180.0,109.2308517,23.0085095,158.8789563475907,下降
T009,1185.0,109.2308517,23.0085095,146.3789563475907,下降
T009,1190.0,109.2308517,23.0085095,133.87895634759064,下降
T010,330.0,109.2308517,23.0085095,127.7,爬升
T010,335.0,109.2308517,23.0085095,142.7,爬升
T010,340.0,109.2308517,23.0085095,157.7,爬升
T010,345.0,109.2308517,23.0085095,172.7,爬升
T010,350.0,109.2308517,23.0085095,187.7,爬升
T010,355.0,109.2308517,23.0085095,202.7,爬升
T010,360.0,109.2308517,23.0085095,217.69999999999996,爬升
T010,365.0,109.2308517,23.0085095,232.69999999999996,爬升
T010,370.0,109.2308517,23.0085095,247.69999999999996,爬升
T010,375.0,109.2308517,23.0085095,262.69999999999993,爬升
T010,380.0,109.23092676154339,23.00866158023337,273.0566101074219,巡航
T010,385.0,109.23116924024471,23.00915285999952,273.0566101074219,巡航
T010,390.0,109.23141171894603,23.00964413976567,273.0566101074219,巡航
T010,395.0,109.23165419764734,23.01013541953182,273.0566101074219,巡航
T010,400.0,109.23189667634867,23.01062669929797,273.0566101074219,巡航
T010,405.0,109.23213915504998,23.01111797906412,273.0566101074219,巡航
T010,410.0,109.2323816337513,23.01160925883027,273.0566101074219,巡航
T010,415.0,109.23262411245261,23.012100538596417,273.0566101074219,巡航
T010,420.0,109.23286659115394,23.01259181836257,273.0566101074219,巡航
T010,425.0,109.23310906985525,23.013083098128718,273.0566101074219,巡航
T010,430.0,109.23335154855657,23.01357437789487,273.0566101074219,巡航
T010,435.0,109.23359402725788,23.014065657661018,273.0566101074219,巡航
T010,440.0,109.2338365059592,23.01455693742717,273.0566101074219,巡航
T010,445.0,109.23407898466051,23.015048217193318,273.0566101074219,巡航
T010,450.0,109.23432146336184,23.01553949695947,273.0566101074219,巡航
T010,455.0,109.23456394206316,23.016030776725618,273.0566101074219,巡航
T010,460.0,109.23480642076447,23.01652205649177,273.0566101074219,巡航
T010,465.0,109.2350488994658,23.017013336257918,273.0566101074219,巡航
T010,470.0,109.2352913781671,23.017504616024066,273.0566101074219,巡航
T010,475.0,109.23553385686843,23.017995895790218,273.0566101074219,巡航
T010,480.0,109.23577633556974,23.018487175556366,273.0566101074219,巡航
T010,485.0,109.23601881427106,23.018978455322518,273.0566101074219,巡航
T010,490.0,109.23626129297237,23.019469735088666,273.0566101074219,巡航
T010,495.0,109.2365037716737,23.019961014854818,273.0566101074219,巡航
T010,500.0,109.236746250375,23.020452294620966,273.0566101074219,巡航
T010,505.0,109.23698872907633,23.02094357438712,273.0566101074219,巡航
T010,510.0,109.23723120777765,23.021434854153267,273.0566101074219,巡航
T010,515.0,109.23747368647896,23.021926133919415,273.0566101074219,巡航
T010,520.0,109.23771616518029,23.022417413685567,273.0566101074219,巡航
T010,525.0,109.2379586438816,23.022908693451715,273.0566101074219,巡航
T010,530.0,109.23820112258292,23.023399973217867,273.0566101074219,巡航
T010,535.0,109.23844360128423,23.023891252984015,273.0566101074219,巡航
T010,540.0,109.23868607998556,23.024382532750167,273.0566101074219,巡航
T010,545.0,109.23892855868687,23.024873812516315,273.0566101074219,巡航
T010,550.0,109.23917103738819,23.025365092282467,273.0566101074219,巡航
T010,555.0,109.2394135160895,23.025856372048615,273.0566101074219,巡航
T010,560.0,109.23965599479082,23.026347651814763,273.0566101074219,巡航
T010,565.0,109.23989847349213,23.026838931580915,273.0566101074219,巡航
T010,570.0,109.24014095219346,23.027330211347063,273.0566101074219,巡航
T010,575.0,109.24038343089478,23.027821491113215,273.0566101074219,巡航
T010,580.0,109.24062590959609,23.028312770879364,273.0566101074219,巡航
T010,585.0,109.24086838829741,23.028804050645515,273.0566101074219,巡航
T010,590.0,109.24111086699872,23.029295330411664,273.0566101074219,巡航
T010,595.0,109.24135334570005,23.029786610177815,273.0566101074219,巡航
T010,600.0,109.24159582440136,23.030277889943964,273.0566101074219,巡航
T010,605.0,109.24183830310268,23.030769169710116,273.0566101074219,巡航
T010,610.0,109.24208078180399,23.031260449476264,273.0566101074219,巡航
T010,615.0,109.24232326050532,23.031751729242412,273.0566101074219,巡航
T010,620.0,109.24256573920663,23.032243009008564,273.0566101074219,巡航
T010,625.0,109.24280821790795,23.032734288774712,273.0566101074219,巡航
T010,630.0,109.24305069660926,23.033225568540864,273.0566101074219,巡航
T010,635.0,109.2432319,23.0335927,269.8978115071289,下降
T010,640.0,109.2432319,23.0335927,257.3978115071289,下降
T010,645.0,109.2432319,23.0335927,244.89781150712892,下降
T010,650.0,109.2432319,23.0335927,232.39781150712892,下降
T010,655.0,109.2432319,23.0335927,219.89781150712892,下降
T010,660.0,109.2432319,23.0335927,207.39781150712895,下降
T010,665.0,109.2432319,23.0335927,194.89781150712895,下降
T010,670.0,109.2432319,23.0335927,184.0,投送
T010,675.0,109.2432319,23.0335927,184.0,投送
T010,680.0,109.2432319,23.0335927,184.0,投送
T010,685.0,109.2432319,23.0335927,184.0,投送
T010,690.0,109.2432319,23.0335927,184.0,投送
T010,695.0,109.2432319,23.0335927,184.0,投送
T010,700.0,109.2432319,23.0335927,184.0,投送
T010,705.0,109.2432319,23.0335927,184.0,投送
T010,710.0,109.2432319,23.0335927,184.0,投送
T010,715.0,109.2432319,23.0335927,184.0,投送
T010,720.0,109.2432319,23.0335927,184.0,投送
T010,725.0,109.2432319,23.0335927,184.0,投送
T010,730.0,109.2432319,23.0335927,184.0,投送
T010,735.0,109.2432319,23.0335927,184.0,投送
T010,740.0,109.2432319,23.0335927,184.0,投送
T010,745.0,109.2432319,23.0335927,184.0,投送
T010,750.0,109.2432319,23.0335927,184.0,投送
T010,755.0,109.2432319,23.0335927,184.0,投送
T010,760.0,109.2432319,23.0335927,184.0,投送
T010,765.0,109.2432319,23.0335927,184.0,投送
T010,770.0,109.2432319,23.0335927,184.0,投送
T010,775.0,109.2432319,23.0335927,184.0,投送
T010,780.0,109.2432319,23.0335927,184.0,投送
T010,785.0,109.2432319,23.0335927,184.0,投送
T010,790.0,109.2432319,23.0335927,184.0,投送
T010,795.0,109.2432319,23.0335927,184.0,投送
T010,800.0,109.2432319,23.0335927,184.0,投送
T010,805.0,109.2432319,23.0335927,184.0,投送
T010,810.0,109.2432319,23.0335927,184.0,投送
T010,815.0,109.2432319,23.0335927,184.0,投送
T010,820.0,109.2432319,23.0335927,184.0,投送
T010,825.0,109.2432319,23.0335927,184.0,投送
T010,830.0,109.2432319,23.0335927,184.0,投送
T010,835.0,109.2432319,23.0335927,184.0,投送
T010,840.0,109.2432319,23.0335927,184.0,投送
T010,845.0,109.2432319,23.0335927,184.0,投送
T010,850.0,109.2432319,23.0335927,185.92262619144526,爬升
T010,855.0,109.2432319,23.0335927,200.92262619144523,爬升
T010,860.0,109.2432319,23.0335927,215.92262619144523,爬升
T010,865.0,109.2432319,23.0335927,230.9226261914452,爬升
T010,870.0,109.2432319,23.0335927,245.92262619144518,爬升
T010,875.0,109.2432319,23.0335927,260.92262619144515,爬升
T010,880.0,109.2431855701428,23.033498832285897,273.0566101074219,巡航
T010,885.0,109.24294309144148,23.03300755251975,273.0566101074219,巡航
T010,890.0,109.24270061274017,23.032516272753597,273.0566101074219,巡航
T010,895.0,109.24245813403884,23.03202499298745,273.0566101074219,巡航
T010,900.0,109.24221565533753,23.031533713221297,273.0566101074219,巡航
T010,905.0,109.24197317663621,23.03104243345515,273.0566101074219,巡航
T010,910.0,109.2417306979349,23.030551153688997,273.0566101074219,巡航
T010,915.0,109.24148821923357,23.03005987392285,273.0566101074219,巡航
T010,920.0,109.24124574053226,23.029568594156697,273.0566101074219,巡航
T010,925.0,109.24100326183094,23.02907731439055,273.0566101074219,巡航
T010,930.0,109.24076078312962,23.0285860346244,273.0566101074219,巡航
T010,935.0,109.2405183044283,23.028094754858248,273.0566101074219,巡航
T010,940.0,109.24027582572698,23.0276034750921,273.0566101074219,巡航
T010,945.0,109.24003334702567,23.027112195325948,273.0566101074219,巡航
T010,950.0,109.23979086832435,23.0266209155598,273.0566101074219,巡航
T010,955.0,109.23954838962304,23.026129635793648,273.0566101074219,巡航
T010,960.0,109.23930591092171,23.0256383560275,273.0566101074219,巡航
T010,965.0,109.2390634322204,23.025147076261348,273.0566101074219,巡航
T010,970.0,109.23882095351908,23.0246557964952,273.0566101074219,巡航
T010,975.0,109.23857847481777,23.02416451672905,273.0566101074219,巡航
T010,980.0,109.23833599611645,23.0236732369629,273.0566101074219,巡航
T010,985.0,109.23809351741514,23.02318195719675,273.0566101074219,巡航
T010,990.0,109.23785103871381,23.0226906774306,273.0566101074219,巡航
T010,995.0,109.23760856001249,23.02219939766445,273.0566101074219,巡航
T010,1000.0,109.23736608131118,23.0217081178983,273.0566101074219,巡航
T010,1005.0,109.23712360260986,23.02121683813215,273.0566101074219,巡航
T010,1010.0,109.23688112390855,23.020725558366,273.0566101074219,巡航
T010,1015.0,109.23663864520722,23.02023427859985,273.0566101074219,巡航
T010,1020.0,109.23639616650591,23.0197429988337,273.0566101074219,巡航
T010,1025.0,109.23615368780459,23.01925171906755,273.0566101074219,巡航
T010,1030.0,109.23591120910328,23.018760439301403,273.0566101074219,巡航
T010,1035.0,109.23566873040195,23.01826915953525,273.0566101074219,巡航
T010,1040.0,109.23542625170064,23.017777879769103,273.0566101074219,巡航
T010,1045.0,109.23518377299932,23.01728660000295,273.0566101074219,巡航
T010,1050.0,109.234941294298,23.016795320236803,273.0566101074219,巡航
T010,1055.0,109.23469881559669,23.01630404047065,273.0566101074219,巡航
T010,1060.0,109.23445633689536,23.015812760704502,273.0566101074219,巡航
T010,1065.0,109.23421385819405,23.01532148093835,273.0566101074219,巡航
T010,1070.0,109.23397137949273,23.014830201172202,273.0566101074219,巡航
T010,1075.0,109.23372890079142,23.014338921406054,273.0566101074219,巡航
T010,1080.0,109.2334864220901,23.013847641639902,273.0566101074219,巡航
T010,1085.0,109.23324394338879,23.013356361873754,273.0566101074219,巡航
T010,1090.0,109.23300146468746,23.012865082107602,273.0566101074219,巡航
T010,1095.0,109.23275898598615,23.012373802341454,273.0566101074219,巡航
T010,1100.0,109.23251650728483,23.011882522575302,273.0566101074219,巡航
T010,1105.0,109.23227402858352,23.011391242809154,273.0566101074219,巡航
T010,1110.0,109.2320315498822,23.010899963043002,273.0566101074219,巡航
T010,1115.0,109.23178907118087,23.010408683276854,273.0566101074219,巡航
T010,1120.0,109.23154659247956,23.009917403510702,273.0566101074219,巡航
T010,1125.0,109.23130411377824,23.009426123744554,273.0566101074219,巡航
T010,1130.0,109.23106163507693,23.008934843978405,273.0566101074219,巡航
T010,1135.0,109.2308517,23.0085095,271.37895634759093,下降
T010,1140.0,109.2308517,23.0085095,258.87895634759093,下降
T010,1145.0,109.2308517,23.0085095,246.37895634759087,下降
T010,1150.0,109.2308517,23.0085095,233.87895634759084,下降
T010,1155.0,109.2308517,23.0085095,221.37895634759082,下降
T010,1160.0,109.2308517,23.0085095,208.87895634759082,下降
T010,1165.0,109.2308517,23.0085095,196.37895634759076,下降
T010,1170.0,109.2308517,23.0085095,183.87895634759076,下降
T010,1175.0,109.2308517,23.0085095,171.37895634759073,下降
T010,1180.0,109.2308517,23.0085095,158.8789563475907,下降
T010,1185.0,109.2308517,23.0085095,146.3789563475907,下降
T010,1190.0,109.2308517,23.0085095,133.87895634759064,下降
T011,330.0,109.2308517,23.0085095,127.7,爬升
T011,335.0,109.2308517,23.0085095,142.7,爬升
T011,340.0,109.2308517,23.0085095,157.7,爬升
T011,345.0,109.2308517,23.0085095,172.7,爬升
T011,350.0,109.2308517,23.0085095,187.7,爬升
T011,355.0,109.2308517,23.0085095,202.7,爬升
T011,360.0,109.2308517,23.0085095,217.69999999999996,爬升
T011,365.0,109.2308517,23.0085095,232.69999999999996,爬升
T011,370.0,109.2308517,23.0085095,247.69999999999996,爬升
T011,375.0,109.2308517,23.0085095,262.69999999999993,爬升
T011,380.0,109.23092676154339,23.00866158023337,273.0566101074219,巡航
T011,385.0,109.23116924024471,23.00915285999952,273.0566101074219,巡航
T011,390.0,109.23141171894603,23.00964413976567,273.0566101074219,巡航
T011,395.0,109.23165419764734,23.01013541953182,273.0566101074219,巡航
T011,400.0,109.23189667634867,23.01062669929797,273.0566101074219,巡航
T011,405.0,109.23213915504998,23.01111797906412,273.0566101074219,巡航
T011,410.0,109.2323816337513,23.01160925883027,273.0566101074219,巡航
T011,415.0,109.23262411245261,23.012100538596417,273.0566101074219,巡航
T011,420.0,109.23286659115394,23.01259181836257,273.0566101074219,巡航
T011,425.0,109.23310906985525,23.013083098128718,273.0566101074219,巡航
T011,430.0,109.23335154855657,23.01357437789487,273.0566101074219,巡航
T011,435.0,109.23359402725788,23.014065657661018,273.0566101074219,巡航
T011,440.0,109.2338365059592,23.01455693742717,273.0566101074219,巡航
T011,445.0,109.23407898466051,23.015048217193318,273.0566101074219,巡航
T011,450.0,109.23432146336184,23.01553949695947,273.0566101074219,巡航
T011,455.0,109.23456394206316,23.016030776725618,273.0566101074219,巡航
T011,460.0,109.23480642076447,23.01652205649177,273.0566101074219,巡航
T011,465.0,109.2350488994658,23.017013336257918,273.0566101074219,巡航
T011,470.0,109.2352913781671,23.017504616024066,273.0566101074219,巡航
T011,475.0,109.23553385686843,23.017995895790218,273.0566101074219,巡航
T011,480.0,109.23577633556974,23.018487175556366,273.0566101074219,巡航
T011,485.0,109.23601881427106,23.018978455322518,273.0566101074219,巡航
T011,490.0,109.23626129297237,23.019469735088666,273.0566101074219,巡航
T011,495.0,109.2365037716737,23.019961014854818,273.0566101074219,巡航
T011,500.0,109.236746250375,23.020452294620966,273.0566101074219,巡航
T011,505.0,109.23698872907633,23.02094357438712,273.0566101074219,巡航
T011,510.0,109.23723120777765,23.021434854153267,273.0566101074219,巡航
T011,515.0,109.23747368647896,23.021926133919415,273.0566101074219,巡航
T011,520.0,109.23771616518029,23.022417413685567,273.0566101074219,巡航
T011,525.0,109.2379586438816,23.022908693451715,273.0566101074219,巡航
T011,530.0,109.23820112258292,23.023399973217867,273.0566101074219,巡航
T011,535.0,109.23844360128423,23.023891252984015,273.0566101074219,巡航
T011,540.0,109.23868607998556,23.024382532750167,273.0566101074219,巡航
T011,545.0,109.23892855868687,23.024873812516315,273.0566101074219,巡航
T011,550.0,109.23917103738819,23.025365092282467,273.0566101074219,巡航
T011,555.0,109.2394135160895,23.025856372048615,273.0566101074219,巡航
T011,560.0,109.23965599479082,23.026347651814763,273.0566101074219,巡航
T011,565.0,109.23989847349213,23.026838931580915,273.0566101074219,巡航
T011,570.0,109.24014095219346,23.027330211347063,273.0566101074219,巡航
T011,575.0,109.24038343089478,23.027821491113215,273.0566101074219,巡航
T011,580.0,109.24062590959609,23.028312770879364,273.0566101074219,巡航
T011,585.0,109.24086838829741,23.028804050645515,273.0566101074219,巡航
T011,590.0,109.24111086699872,23.029295330411664,273.0566101074219,巡航
T011,595.0,109.24135334570005,23.029786610177815,273.0566101074219,巡航
T011,600.0,109.24159582440136,23.030277889943964,273.0566101074219,巡航
T011,605.0,109.24183830310268,23.030769169710116,273.0566101074219,巡航
T011,610.0,109.24208078180399,23.031260449476264,273.0566101074219,巡航
T011,615.0,109.24232326050532,23.031751729242412,273.0566101074219,巡航
T011,620.0,109.24256573920663,23.032243009008564,273.0566101074219,巡航
T011,625.0,109.24280821790795,23.032734288774712,273.0566101074219,巡航
T011,630.0,109.24305069660926,23.033225568540864,273.0566101074219,巡航
T011,635.0,109.2432319,23.0335927,269.8978115071289,下降
T011,640.0,109.2432319,23.0335927,257.3978115071289,下降
T011,645.0,109.2432319,23.0335927,244.89781150712892,下降
T011,650.0,109.2432319,23.0335927,232.39781150712892,下降
T011,655.0,109.2432319,23.0335927,219.89781150712892,下降
T011,660.0,109.2432319,23.0335927,207.39781150712895,下降
T011,665.0,109.2432319,23.0335927,194.89781150712895,下降
T011,670.0,109.2432319,23.0335927,184.0,投送
T011,675.0,109.2432319,23.0335927,184.0,投送
T011,680.0,109.2432319,23.0335927,184.0,投送
T011,685.0,109.2432319,23.0335927,184.0,投送
T011,690.0,109.2432319,23.0335927,184.0,投送
T011,695.0,109.2432319,23.0335927,184.0,投送
T011,700.0,109.2432319,23.0335927,184.0,投送
T011,705.0,109.2432319,23.0335927,184.0,投送
T011,710.0,109.2432319,23.0335927,184.0,投送
T011,715.0,109.2432319,23.0335927,184.0,投送
T011,720.0,109.2432319,23.0335927,184.0,投送
T011,725.0,109.2432319,23.0335927,184.0,投送
T011,730.0,109.2432319,23.0335927,184.0,投送
T011,735.0,109.2432319,23.0335927,184.0,投送
T011,740.0,109.2432319,23.0335927,184.0,投送
T011,745.0,109.2432319,23.0335927,184.0,投送
T011,750.0,109.2432319,23.0335927,184.0,投送
T011,755.0,109.2432319,23.0335927,184.0,投送
T011,760.0,109.2432319,23.0335927,184.0,投送
T011,765.0,109.2432319,23.0335927,184.0,投送
T011,770.0,109.2432319,23.0335927,184.0,投送
T011,775.0,109.2432319,23.0335927,184.0,投送
T011,780.0,109.2432319,23.0335927,184.0,投送
T011,785.0,109.2432319,23.0335927,184.0,投送
T011,790.0,109.2432319,23.0335927,184.0,投送
T011,795.0,109.2432319,23.0335927,184.0,投送
T011,800.0,109.2432319,23.0335927,184.0,投送
T011,805.0,109.2432319,23.0335927,184.0,投送
T011,810.0,109.2432319,23.0335927,184.0,投送
T011,815.0,109.2432319,23.0335927,184.0,投送
T011,820.0,109.2432319,23.0335927,184.0,投送
T011,825.0,109.2432319,23.0335927,184.0,投送
T011,830.0,109.2432319,23.0335927,184.0,投送
T011,835.0,109.2432319,23.0335927,184.0,投送
T011,840.0,109.2432319,23.0335927,184.0,投送
T011,845.0,109.2432319,23.0335927,184.0,投送
T011,850.0,109.2432319,23.0335927,185.92262619144526,爬升
T011,855.0,109.2432319,23.0335927,200.92262619144523,爬升
T011,860.0,109.2432319,23.0335927,215.92262619144523,爬升
T011,865.0,109.2432319,23.0335927,230.9226261914452,爬升
T011,870.0,109.2432319,23.0335927,245.92262619144518,爬升
T011,875.0,109.2432319,23.0335927,260.92262619144515,爬升
T011,880.0,109.2431855701428,23.033498832285897,273.0566101074219,巡航
T011,885.0,109.24294309144148,23.03300755251975,273.0566101074219,巡航
T011,890.0,109.24270061274017,23.032516272753597,273.0566101074219,巡航
T011,895.0,109.24245813403884,23.03202499298745,273.0566101074219,巡航
T011,900.0,109.24221565533753,23.031533713221297,273.0566101074219,巡航
T011,905.0,109.24197317663621,23.03104243345515,273.0566101074219,巡航
T011,910.0,109.2417306979349,23.030551153688997,273.0566101074219,巡航
T011,915.0,109.24148821923357,23.03005987392285,273.0566101074219,巡航
T011,920.0,109.24124574053226,23.029568594156697,273.0566101074219,巡航
T011,925.0,109.24100326183094,23.02907731439055,273.0566101074219,巡航
T011,930.0,109.24076078312962,23.0285860346244,273.0566101074219,巡航
T011,935.0,109.2405183044283,23.028094754858248,273.0566101074219,巡航
T011,940.0,109.24027582572698,23.0276034750921,273.0566101074219,巡航
T011,945.0,109.24003334702567,23.027112195325948,273.0566101074219,巡航
T011,950.0,109.23979086832435,23.0266209155598,273.0566101074219,巡航
T011,955.0,109.23954838962304,23.026129635793648,273.0566101074219,巡航
T011,960.0,109.23930591092171,23.0256383560275,273.0566101074219,巡航
T011,965.0,109.2390634322204,23.025147076261348,273.0566101074219,巡航
T011,970.0,109.23882095351908,23.0246557964952,273.0566101074219,巡航
T011,975.0,109.23857847481777,23.02416451672905,273.0566101074219,巡航
T011,980.0,109.23833599611645,23.0236732369629,273.0566101074219,巡航
T011,985.0,109.23809351741514,23.02318195719675,273.0566101074219,巡航
T011,990.0,109.23785103871381,23.0226906774306,273.0566101074219,巡航
T011,995.0,109.23760856001249,23.02219939766445,273.0566101074219,巡航
T011,1000.0,109.23736608131118,23.0217081178983,273.0566101074219,巡航
T011,1005.0,109.23712360260986,23.02121683813215,273.0566101074219,巡航
T011,1010.0,109.23688112390855,23.020725558366,273.0566101074219,巡航
T011,1015.0,109.23663864520722,23.02023427859985,273.0566101074219,巡航
T011,1020.0,109.23639616650591,23.0197429988337,273.0566101074219,巡航
T011,1025.0,109.23615368780459,23.01925171906755,273.0566101074219,巡航
T011,1030.0,109.23591120910328,23.018760439301403,273.0566101074219,巡航
T011,1035.0,109.23566873040195,23.01826915953525,273.0566101074219,巡航
T011,1040.0,109.23542625170064,23.017777879769103,273.0566101074219,巡航
T011,1045.0,109.23518377299932,23.01728660000295,273.0566101074219,巡航
T011,1050.0,109.234941294298,23.016795320236803,273.0566101074219,巡航
T011,1055.0,109.23469881559669,23.01630404047065,273.0566101074219,巡航
T011,1060.0,109.23445633689536,23.015812760704502,273.0566101074219,巡航
T011,1065.0,109.23421385819405,23.01532148093835,273.0566101074219,巡航
T011,1070.0,109.23397137949273,23.014830201172202,273.0566101074219,巡航
T011,1075.0,109.23372890079142,23.014338921406054,273.0566101074219,巡航
T011,1080.0,109.2334864220901,23.013847641639902,273.0566101074219,巡航
T011,1085.0,109.23324394338879,23.013356361873754,273.0566101074219,巡航
T011,1090.0,109.23300146468746,23.012865082107602,273.0566101074219,巡航
T011,1095.0,109.23275898598615,23.012373802341454,273.0566101074219,巡航
T011,1100.0,109.23251650728483,23.011882522575302,273.0566101074219,巡航
T011,1105.0,109.23227402858352,23.011391242809154,273.0566101074219,巡航
T011,1110.0,109.2320315498822,23.010899963043002,273.0566101074219,巡航
T011,1115.0,109.23178907118087,23.010408683276854,273.0566101074219,巡航
T011,1120.0,109.23154659247956,23.009917403510702,273.0566101074219,巡航
T011,1125.0,109.23130411377824,23.009426123744554,273.0566101074219,巡航
T011,1130.0,109.23106163507693,23.008934843978405,273.0566101074219,巡航
T011,1135.0,109.2308517,23.0085095,271.37895634759093,下降
T011,1140.0,109.2308517,23.0085095,258.87895634759093,下降
T011,1145.0,109.2308517,23.0085095,246.37895634759087,下降
T011,1150.0,109.2308517,23.0085095,233.87895634759084,下降
T011,1155.0,109.2308517,23.0085095,221.37895634759082,下降
T011,1160.0,109.2308517,23.0085095,208.87895634759082,下降
T011,1165.0,109.2308517,23.0085095,196.37895634759076,下降
T011,1170.0,109.2308517,23.0085095,183.87895634759076,下降
T011,1175.0,109.2308517,23.0085095,171.37895634759073,下降
T011,1180.0,109.2308517,23.0085095,158.8789563475907,下降
T011,1185.0,109.2308517,23.0085095,146.3789563475907,下降
T011,1190.0,109.2308517,23.0085095,133.87895634759064,下降
T012,1525.0,109.2308517,23.0085095,135.28525238289055,爬升
T012,1530.0,109.2308517,23.0085095,150.28525238289055,爬升
T012,1535.0,109.2308517,23.0085095,165.28525238289055,爬升
T012,1540.0,109.2308517,23.0085095,180.28525238289055,爬升
T012,1545.0,109.2308517,23.0085095,195.28525238289055,爬升
T012,1550.0,109.2308517,23.0085095,210.28525238289058,爬升
T012,1555.0,109.2308517,23.0085095,225.28525238289058,爬升
T012,1560.0,109.2308517,23.0085095,240.28525238289058,爬升
T012,1565.0,109.2308517,23.0085095,255.28525238289058,爬升
T012,1570.0,109.2308517,23.0085095,270.2852523828906,爬升
T012,1575.0,109.2308517,23.0085095,285.2852523828906,爬升
T012,1580.0,109.2308517,23.0085095,300.2852523828906,爬升
T012,1585.0,109.2308517,23.0085095,315.2852523828906,爬升
T012,1590.0,109.2308517,23.0085095,330.2852523828906,爬升
T012,1595.0,109.2308517,23.0085095,345.2852523828906,爬升
T012,1600.0,109.2308517,23.0085095,360.2852523828906,爬升
T012,1605.0,109.23058332148028,23.008502628156776,368.4154968261719,巡航
T012,1610.0,109.22999732132897,23.00848762359839,368.4154968261719,巡航
T012,1615.0,109.22941132117764,23.008472619040006,368.4154968261719,巡航
T012,1620.0,109.22882532102632,23.00845761448162,368.4154968261719,巡航
T012,1625.0,109.22823932087499,23.008442609923232,368.4154968261719,巡航
T012,1630.0,109.22765332072368,23.008427605364847,368.4154968261719,巡航
T012,1635.0,109.22706732057235,23.008412600806462,368.4154968261719,巡航
T012,1640.0,109.22648132042103,23.008397596248077,368.4154968261719,巡航
T012,1645.0,109.2258953202697,23.008382591689692,368.4154968261719,巡航
T012,1650.0,109.22530932011838,23.008367587131307,368.4154968261719,巡航
T012,1655.0,109.22472331996705,23.008352582572922,368.4154968261719,巡航
T012,1660.0,109.22413731981574,23.008337578014537,368.4154968261719,巡航
T012,1665.0,109.22355131966441,23.00832257345615,368.4154968261719,巡航
T012,1670.0,109.2229653195131,23.008307568897763,368.4154968261719,巡航
T012,1675.0,109.22237931936176,23.008292564339378,368.4154968261719,巡航
T012,1680.0,109.22179331921045,23.008277559780993,368.4154968261719,巡航
T012,1685.0,109.22120731905912,23.008262555222608,368.4154968261719,巡航
T012,1690.0,109.2206213189078,23.008247550664223,368.4154968261719,巡航
T012,1695.0,109.22003531875647,23.008232546105837,368.4154968261719,巡航
T012,1700.0,109.21944931860516,23.008217541547452,368.4154968261719,巡航
T012,1705.0,109.21886331845383,23.008202536989067,368.4154968261719,巡航
T012,1710.0,109.21827731830251,23.008187532430682,368.4154968261719,巡航
T012,1715.0,109.21769131815118,23.008172527872294,368.4154968261719,巡航
T012,1720.0,109.21710531799987,23.00815752331391,368.4154968261719,巡航
T012,1725.0,109.21651931784854,23.008142518755523,368.4154968261719,巡航
T012,1730.0,109.21593331769722,23.008127514197138,368.4154968261719,巡航
T012,1735.0,109.21534731754589,23.008112509638753,368.4154968261719,巡航
T012,1740.0,109.21476131739458,23.008097505080368,368.4154968261719,巡航
T012,1745.0,109.21417531724325,23.008082500521983,368.4154968261719,巡航
T012,1750.0,109.21358931709193,23.008067495963598,368.4154968261719,巡航
T012,1755.0,109.21300331694061,23.008052491405213,368.4154968261719,巡航
T012,1760.0,109.21241731678928,23.008037486846824,368.4154968261719,巡航
T012,1765.0,109.21183131663797,23.00802248228844,368.4154968261719,巡航
T012,1770.0,109.21124531648664,23.008007477730054,368.4154968261719,巡航
T012,1775.0,109.21065931633532,23.00799247317167,368.4154968261719,巡航
T012,1780.0,109.210073316184,23.007977468613284,368.4154968261719,巡航
T012,1785.0,109.20948731603268,23.0079624640549,368.4154968261719,巡航
T012,1790.0,109.20890131588135,23.007947459496513,368.4154968261719,巡航
T012,1795.0,109.20831531573003,23.00793245493813,368.4154968261719,巡航
T012,1800.0,109.2077293155787,23.007917450379743,368.4154968261719,巡航
T012,1805.0,109.20714331542739,23.007902445821355,368.4154968261719,巡航
T012,1810.0,109.20655731527606,23.00788744126297,368.4154968261719,巡航
T012,1815.0,109.20597131512474,23.007872436704584,368.4154968261719,巡航
T012,1820.0,109.20538531497341,23.0078574321462,368.4154968261719,巡航
T012,1825.0,109.2047993148221,23.007842427587814,368.4154968261719,巡航
T012,1830.0,109.20421331467077,23.00782742302943,368.4154968261719,巡航
T012,1835.0,109.20362731451945,23.007812418471044,368.4154968261719,巡航
T012,1840.0,109.20304131436812,23.00779741391266,368.4154968261719,巡航
T012,1845.0,109.2024553142168,23.007782409354274,368.4154968261719,巡航
T012,1850.0,109.20186931406548,23.007767404795885,368.4154968261719,巡航
T012,1855.0,109.20128331391416,23.0077524002375,368.4154968261719,巡航
T012,1860.0,109.20069731376283,23.007737395679115,368.4154968261719,巡航
T012,1865.0,109.20011131361152,23.00772239112073,368.4154968261719,巡航
T012,1870.0,109.1997836,23.007714,362.9059730822182,下降
T012,1875.0,109.1997836,23.007714,350.4059730822182,下降
T012,1880.0,109.1997836,23.007714,337.90597308221817,下降
T012,1885.0,109.1997836,23.007714,325.40597308221817,下降
T012,1890.0,109.1997836,23.007714,314.8,投送
T012,1895.0,109.1997836,23.007714,314.8,投送
T012,1900.0,109.1997836,23.007714,314.8,投送
T012,1905.0,109.1997836,23.007714,314.8,投送
T012,1910.0,109.1997836,23.007714,314.8,投送
T012,1915.0,109.1997836,23.007714,314.8,投送
T012,1920.0,109.1997836,23.007714,314.8,投送
T012,1925.0,109.1997836,23.007714,314.8,投送
T012,1930.0,109.1997836,23.007714,314.8,投送
T012,1935.0,109.1997836,23.007714,314.8,投送
T012,1940.0,109.1997836,23.007714,314.8,投送
T012,1945.0,109.1997836,23.007714,314.8,投送
T012,1950.0,109.1997836,23.007714,314.8,投送
T012,1955.0,109.1997836,23.007714,314.8,投送
T012,1960.0,109.1997836,23.007714,314.8,投送
T012,1965.0,109.1997836,23.007714,314.8,投送
T012,1970.0,109.1997836,23.007714,314.8,投送
T012,1975.0,109.1997836,23.007714,314.8,投送
T012,1980.0,109.1997836,23.007714,314.8,投送
T012,1985.0,109.1997836,23.007714,314.8,投送
T012,1990.0,109.1997836,23.007714,314.8,投送
T012,1995.0,109.1997836,23.007714,314.8,投送
T012,2000.0,109.1997836,23.007714,314.8,投送
T012,2005.0,109.1997836,23.007714,314.8,投送
T012,2010.0,109.1997836,23.007714,314.8,投送
T012,2015.0,109.1997836,23.007714,314.8,投送
T012,2020.0,109.1997836,23.007714,314.8,投送
T012,2025.0,109.1997836,23.007714,314.8,投送
T012,2030.0,109.1997836,23.007714,314.8,投送
T012,2035.0,109.1997836,23.007714,314.8,投送
T012,2040.0,109.1997836,23.007714,314.8,投送
T012,2045.0,109.1997836,23.007714,314.8,投送
T012,2050.0,109.1997836,23.007714,314.8,投送
T012,2055.0,109.1997836,23.007714,314.8,投送
T012,2060.0,109.1997836,23.007714,314.8,投送
T012,2065.0,109.1997836,23.007714,314.8,投送
T012,2070.0,109.1997836,23.007714,317.0728323013389,爬升
T012,2075.0,109.1997836,23.007714,332.0728323013388,爬升
T012,2080.0,109.1997836,23.007714,347.07283230133874,爬升
T012,2085.0,109.1997836,23.007714,362.0728323013387,爬升
T012,2090.0,109.20012181332658,23.007722659966372,368.4154968261719,巡航
T012,2095.0,109.20070781347789,23.007737664524758,368.4154968261719,巡航
T012,2100.0,109.20129381362922,23.007752669083143,368.4154968261719,巡航
T012,2105.0,109.20187981378054,23.00776767364153,368.4154968261719,巡航
T012,2110.0,109.20246581393187,23.007782678199916,368.4154968261719,巡航
T012,2115.0,109.20305181408318,23.0077976827583,368.4154968261719,巡航
T012,2120.0,109.20363781423451,23.007812687316687,368.4154968261719,巡航
T012,2125.0,109.20422381438583,23.00782769187507,368.4154968261719,巡航
T012,2130.0,109.20480981453716,23.007842696433457,368.4154968261719,巡航
T012,2135.0,109.20539581468847,23.007857700991842,368.4154968261719,巡航
T012,2140.0,109.2059818148398,23.007872705550227,368.4154968261719,巡航
T012,2145.0,109.20656781499112,23.007887710108612,368.4154968261719,巡航
T012,2150.0,109.20715381514243,23.007902714667,368.4154968261719,巡航
T012,2155.0,109.20773981529376,23.007917719225386,368.4154968261719,巡航
T012,2160.0,109.20832581544508,23.00793272378377,368.4154968261719,巡航
T012,2165.0,109.20891181559641,23.007947728342156,368.4154968261719,巡航
T012,2170.0,109.20949781574772,23.00796273290054,368.4154968261719,巡航
T012,2175.0,109.21008381589905,23.007977737458926,368.4154968261719,巡航
T012,2180.0,109.21066981605037,23.00799274201731,368.4154968261719,巡航
T012,2185.0,109.2112558162017,23.008007746575696,368.4154968261719,巡航
T012,2190.0,109.21184181635302,23.00802275113408,368.4154968261719,巡航
T012,2195.0,109.21242781650434,23.00803775569247,368.4154968261719,巡航
T012,2200.0,109.21301381665566,23.008052760250855,368.4154968261719,巡航
T012,2205.0,109.21359981680699,23.00806776480924,368.4154968261719,巡航
T012,2210.0,109.2141858169583,23.008082769367626,368.4154968261719,巡航
T012,2215.0,109.21477181710964,23.00809777392601,368.4154968261719,巡航
T012,2220.0,109.21535781726095,23.008112778484396,368.4154968261719,巡航
T012,2225.0,109.21594381741228,23.00812778304278,368.4154968261719,巡航
T012,2230.0,109.2165298175636,23.008142787601166,368.4154968261719,巡航
T012,2235.0,109.21711581771493,23.00815779215955,368.4154968261719,巡航
T012,2240.0,109.21770181786624,23.00817279671794,368.4154968261719,巡航
T012,2245.0,109.21828781801757,23.008187801276325,368.4154968261719,巡航
T012,2250.0,109.21887381816889,23.00820280583471,368.4154968261719,巡航
T012,2255.0,109.21945981832022,23.008217810393095,368.4154968261719,巡航
T012,2260.0,109.22004581847153,23.00823281495148,368.4154968261719,巡航
T012,2265.0,109.22063181862286,23.008247819509865,368.4154968261719,巡航
T012,2270.0,109.22121781877418,23.00826282406825,368.4154968261719,巡航
T012,2275.0,109.22180381892551,23.008277828626635,368.4154968261719,巡航
T012,2280.0,109.22238981907682,23.00829283318502,368.4154968261719,巡航
T012,2285.0,109.22297581922815,23.00830783774341,368.4154968261719,巡航
T012,2290.0,109.22356181937947,23.008322842301794,368.4154968261719,巡航
T012,2295.0,109.2241478195308,23.00833784686018,368.4154968261719,巡航
T012,2300.0,109.22473381968211,23.008352851418564,368.4154968261719,巡航
T012,2305.0,109.22531981983344,23.00836785597695,368.4154968261719,巡航
T012,2310.0,109.22590581998476,23.008382860535335,368.4154968261719,巡航
T012,2315.0,109.22649182013609,23.00839786509372,368.4154968261719,巡航
T012,2320.0,109.2270778202874,23.008412869652105,368.4154968261719,巡航
T012,2325.0,109.22766382043874,23.00842787421049,368.4154968261719,巡航
T012,2330.0,109.22824982059005,23.00844287876888,368.4154968261719,巡航
T012,2335.0,109.22883582074137,23.008457883327264,368.4154968261719,巡航
T012,2340.0,109.2294218208927,23.00847288788565,368.4154968261719,巡航
T012,2345.0,109.23000782104401,23.008487892444034,368.4154968261719,巡航
T012,2350.0,109.23059382119534,23.00850289700242,368.4154968261719,巡航
T012,2355.0,109.2308517,23.0085095,361.4163231501782,下降
T012,2360.0,109.2308517,23.0085095,348.9163231501782,下降
T012,2365.0,109.2308517,23.0085095,336.41632315017813,下降
T012,2370.0,109.2308517,23.0085095,323.91632315017813,下降
T012,2375.0,109.2308517,23.0085095,311.41632315017813,下降
T012,2380.0,109.2308517,23.0085095,298.91632315017813,下降
T012,2385.0,109.2308517,23.0085095,286.4163231501781,下降
T012,2390.0,109.2308517,23.0085095,273.9163231501781,下降
T012,2395.0,109.2308517,23.0085095,261.4163231501781,下降
T012,2400.0,109.2308517,23.0085095,248.91632315017804,下降
T012,2405.0,109.2308517,23.0085095,236.41632315017802,下降
T012,2410.0,109.2308517,23.0085095,223.91632315017802,下降
T012,2415.0,109.2308517,23.0085095,211.416323150178,下降
T012,2420.0,109.2308517,23.0085095,198.916323150178,下降
T012,2425.0,109.2308517,23.0085095,186.416323150178,下降
T012,2430.0,109.2308517,23.0085095,173.91632315017796,下降
T012,2435.0,109.2308517,23.0085095,161.41632315017796,下降
T012,2440.0,109.2308517,23.0085095,148.91632315017793,下降
T012,2445.0,109.2308517,23.0085095,136.4163231501779,下降
T013,1525.0,109.2308517,23.0085095,135.28525238289055,爬升
T013,1530.0,109.2308517,23.0085095,150.28525238289055,爬升
T013,1535.0,109.2308517,23.0085095,165.28525238289055,爬升
T013,1540.0,109.2308517,23.0085095,180.28525238289055,爬升
T013,1545.0,109.2308517,23.0085095,195.28525238289055,爬升
T013,1550.0,109.2308517,23.0085095,210.28525238289058,爬升
T013,1555.0,109.2308517,23.0085095,225.28525238289058,爬升
T013,1560.0,109.2308517,23.0085095,240.28525238289058,爬升
T013,1565.0,109.2308517,23.0085095,255.28525238289058,爬升
T013,1570.0,109.2308517,23.0085095,270.2852523828906,爬升
T013,1575.0,109.2308517,23.0085095,285.2852523828906,爬升
T013,1580.0,109.2308517,23.0085095,300.2852523828906,爬升
T013,1585.0,109.2308517,23.0085095,315.2852523828906,爬升
T013,1590.0,109.2308517,23.0085095,330.2852523828906,爬升
T013,1595.0,109.2308517,23.0085095,345.2852523828906,爬升
T013,1600.0,109.2308517,23.0085095,360.2852523828906,爬升
T013,1605.0,109.23058332148028,23.008502628156776,368.4154968261719,巡航
T013,1610.0,109.22999732132897,23.00848762359839,368.4154968261719,巡航
T013,1615.0,109.22941132117764,23.008472619040006,368.4154968261719,巡航
T013,1620.0,109.22882532102632,23.00845761448162,368.4154968261719,巡航
T013,1625.0,109.22823932087499,23.008442609923232,368.4154968261719,巡航
T013,1630.0,109.22765332072368,23.008427605364847,368.4154968261719,巡航
T013,1635.0,109.22706732057235,23.008412600806462,368.4154968261719,巡航
T013,1640.0,109.22648132042103,23.008397596248077,368.4154968261719,巡航
T013,1645.0,109.2258953202697,23.008382591689692,368.4154968261719,巡航
T013,1650.0,109.22530932011838,23.008367587131307,368.4154968261719,巡航
T013,1655.0,109.22472331996705,23.008352582572922,368.4154968261719,巡航
T013,1660.0,109.22413731981574,23.008337578014537,368.4154968261719,巡航
T013,1665.0,109.22355131966441,23.00832257345615,368.4154968261719,巡航
T013,1670.0,109.2229653195131,23.008307568897763,368.4154968261719,巡航
T013,1675.0,109.22237931936176,23.008292564339378,368.4154968261719,巡航
T013,1680.0,109.22179331921045,23.008277559780993,368.4154968261719,巡航
T013,1685.0,109.22120731905912,23.008262555222608,368.4154968261719,巡航
T013,1690.0,109.2206213189078,23.008247550664223,368.4154968261719,巡航
T013,1695.0,109.22003531875647,23.008232546105837,368.4154968261719,巡航
T013,1700.0,109.21944931860516,23.008217541547452,368.4154968261719,巡航
T013,1705.0,109.21886331845383,23.008202536989067,368.4154968261719,巡航
T013,1710.0,109.21827731830251,23.008187532430682,368.4154968261719,巡航
T013,1715.0,109.21769131815118,23.008172527872294,368.4154968261719,巡航
T013,1720.0,109.21710531799987,23.00815752331391,368.4154968261719,巡航
T013,1725.0,109.21651931784854,23.008142518755523,368.4154968261719,巡航
T013,1730.0,109.21593331769722,23.008127514197138,368.4154968261719,巡航
T013,1735.0,109.21534731754589,23.008112509638753,368.4154968261719,巡航
T013,1740.0,109.21476131739458,23.008097505080368,368.4154968261719,巡航
T013,1745.0,109.21417531724325,23.008082500521983,368.4154968261719,巡航
T013,1750.0,109.21358931709193,23.008067495963598,368.4154968261719,巡航
T013,1755.0,109.21300331694061,23.008052491405213,368.4154968261719,巡航
T013,1760.0,109.21241731678928,23.008037486846824,368.4154968261719,巡航
T013,1765.0,109.21183131663797,23.00802248228844,368.4154968261719,巡航
T013,1770.0,109.21124531648664,23.008007477730054,368.4154968261719,巡航
T013,1775.0,109.21065931633532,23.00799247317167,368.4154968261719,巡航
T013,1780.0,109.210073316184,23.007977468613284,368.4154968261719,巡航
T013,1785.0,109.20948731603268,23.0079624640549,368.4154968261719,巡航
T013,1790.0,109.20890131588135,23.007947459496513,368.4154968261719,巡航
T013,1795.0,109.20831531573003,23.00793245493813,368.4154968261719,巡航
T013,1800.0,109.2077293155787,23.007917450379743,368.4154968261719,巡航
T013,1805.0,109.20714331542739,23.007902445821355,368.4154968261719,巡航
T013,1810.0,109.20655731527606,23.00788744126297,368.4154968261719,巡航
T013,1815.0,109.20597131512474,23.007872436704584,368.4154968261719,巡航
T013,1820.0,109.20538531497341,23.0078574321462,368.4154968261719,巡航
T013,1825.0,109.2047993148221,23.007842427587814,368.4154968261719,巡航
T013,1830.0,109.20421331467077,23.00782742302943,368.4154968261719,巡航
T013,1835.0,109.20362731451945,23.007812418471044,368.4154968261719,巡航
T013,1840.0,109.20304131436812,23.00779741391266,368.4154968261719,巡航
T013,1845.0,109.2024553142168,23.007782409354274,368.4154968261719,巡航
T013,1850.0,109.20186931406548,23.007767404795885,368.4154968261719,巡航
T013,1855.0,109.20128331391416,23.0077524002375,368.4154968261719,巡航
T013,1860.0,109.20069731376283,23.007737395679115,368.4154968261719,巡航
T013,1865.0,109.20011131361152,23.00772239112073,368.4154968261719,巡航
T013,1870.0,109.1997836,23.007714,362.9059730822182,下降
T013,1875.0,109.1997836,23.007714,350.4059730822182,下降
T013,1880.0,109.1997836,23.007714,337.90597308221817,下降
T013,1885.0,109.1997836,23.007714,325.40597308221817,下降
T013,1890.0,109.1997836,23.007714,314.8,投送
T013,1895.0,109.1997836,23.007714,314.8,投送
T013,1900.0,109.1997836,23.007714,314.8,投送
T013,1905.0,109.1997836,23.007714,314.8,投送
T013,1910.0,109.1997836,23.007714,314.8,投送
T013,1915.0,109.1997836,23.007714,314.8,投送
T013,1920.0,109.1997836,23.007714,314.8,投送
T013,1925.0,109.1997836,23.007714,314.8,投送
T013,1930.0,109.1997836,23.007714,314.8,投送
T013,1935.0,109.1997836,23.007714,314.8,投送
T013,1940.0,109.1997836,23.007714,314.8,投送
T013,1945.0,109.1997836,23.007714,314.8,投送
T013,1950.0,109.1997836,23.007714,314.8,投送
T013,1955.0,109.1997836,23.007714,314.8,投送
T013,1960.0,109.1997836,23.007714,314.8,投送
T013,1965.0,109.1997836,23.007714,314.8,投送
T013,1970.0,109.1997836,23.007714,314.8,投送
T013,1975.0,109.1997836,23.007714,314.8,投送
T013,1980.0,109.1997836,23.007714,314.8,投送
T013,1985.0,109.1997836,23.007714,314.8,投送
T013,1990.0,109.1997836,23.007714,314.8,投送
T013,1995.0,109.1997836,23.007714,314.8,投送
T013,2000.0,109.1997836,23.007714,314.8,投送
T013,2005.0,109.1997836,23.007714,314.8,投送
T013,2010.0,109.1997836,23.007714,314.8,投送
T013,2015.0,109.1997836,23.007714,314.8,投送
T013,2020.0,109.1997836,23.007714,314.8,投送
T013,2025.0,109.1997836,23.007714,314.8,投送
T013,2030.0,109.1997836,23.007714,314.8,投送
T013,2035.0,109.1997836,23.007714,314.8,投送
T013,2040.0,109.1997836,23.007714,314.8,投送
T013,2045.0,109.1997836,23.007714,314.8,投送
T013,2050.0,109.1997836,23.007714,314.8,投送
T013,2055.0,109.1997836,23.007714,314.8,投送
T013,2060.0,109.1997836,23.007714,314.8,投送
T013,2065.0,109.1997836,23.007714,314.8,投送
T013,2070.0,109.1997836,23.007714,317.0728323013389,爬升
T013,2075.0,109.1997836,23.007714,332.0728323013388,爬升
T013,2080.0,109.1997836,23.007714,347.07283230133874,爬升
T013,2085.0,109.1997836,23.007714,362.0728323013387,爬升
T013,2090.0,109.20012181332658,23.007722659966372,368.4154968261719,巡航
T013,2095.0,109.20070781347789,23.007737664524758,368.4154968261719,巡航
T013,2100.0,109.20129381362922,23.007752669083143,368.4154968261719,巡航
T013,2105.0,109.20187981378054,23.00776767364153,368.4154968261719,巡航
T013,2110.0,109.20246581393187,23.007782678199916,368.4154968261719,巡航
T013,2115.0,109.20305181408318,23.0077976827583,368.4154968261719,巡航
T013,2120.0,109.20363781423451,23.007812687316687,368.4154968261719,巡航
T013,2125.0,109.20422381438583,23.00782769187507,368.4154968261719,巡航
T013,2130.0,109.20480981453716,23.007842696433457,368.4154968261719,巡航
T013,2135.0,109.20539581468847,23.007857700991842,368.4154968261719,巡航
T013,2140.0,109.2059818148398,23.007872705550227,368.4154968261719,巡航
T013,2145.0,109.20656781499112,23.007887710108612,368.4154968261719,巡航
T013,2150.0,109.20715381514243,23.007902714667,368.4154968261719,巡航
T013,2155.0,109.20773981529376,23.007917719225386,368.4154968261719,巡航
T013,2160.0,109.20832581544508,23.00793272378377,368.4154968261719,巡航
T013,2165.0,109.20891181559641,23.007947728342156,368.4154968261719,巡航
T013,2170.0,109.20949781574772,23.00796273290054,368.4154968261719,巡航
T013,2175.0,109.21008381589905,23.007977737458926,368.4154968261719,巡航
T013,2180.0,109.21066981605037,23.00799274201731,368.4154968261719,巡航
T013,2185.0,109.2112558162017,23.008007746575696,368.4154968261719,巡航
T013,2190.0,109.21184181635302,23.00802275113408,368.4154968261719,巡航
T013,2195.0,109.21242781650434,23.00803775569247,368.4154968261719,巡航
T013,2200.0,109.21301381665566,23.008052760250855,368.4154968261719,巡航
T013,2205.0,109.21359981680699,23.00806776480924,368.4154968261719,巡航
T013,2210.0,109.2141858169583,23.008082769367626,368.4154968261719,巡航
T013,2215.0,109.21477181710964,23.00809777392601,368.4154968261719,巡航
T013,2220.0,109.21535781726095,23.008112778484396,368.4154968261719,巡航
T013,2225.0,109.21594381741228,23.00812778304278,368.4154968261719,巡航
T013,2230.0,109.2165298175636,23.008142787601166,368.4154968261719,巡航
T013,2235.0,109.21711581771493,23.00815779215955,368.4154968261719,巡航
T013,2240.0,109.21770181786624,23.00817279671794,368.4154968261719,巡航
T013,2245.0,109.21828781801757,23.008187801276325,368.4154968261719,巡航
T013,2250.0,109.21887381816889,23.00820280583471,368.4154968261719,巡航
T013,2255.0,109.21945981832022,23.008217810393095,368.4154968261719,巡航
T013,2260.0,109.22004581847153,23.00823281495148,368.4154968261719,巡航
T013,2265.0,109.22063181862286,23.008247819509865,368.4154968261719,巡航
T013,2270.0,109.22121781877418,23.00826282406825,368.4154968261719,巡航
T013,2275.0,109.22180381892551,23.008277828626635,368.4154968261719,巡航
T013,2280.0,109.22238981907682,23.00829283318502,368.4154968261719,巡航
T013,2285.0,109.22297581922815,23.00830783774341,368.4154968261719,巡航
T013,2290.0,109.22356181937947,23.008322842301794,368.4154968261719,巡航
T013,2295.0,109.2241478195308,23.00833784686018,368.4154968261719,巡航
T013,2300.0,109.22473381968211,23.008352851418564,368.4154968261719,巡航
T013,2305.0,109.22531981983344,23.00836785597695,368.4154968261719,巡航
T013,2310.0,109.22590581998476,23.008382860535335,368.4154968261719,巡航
T013,2315.0,109.22649182013609,23.00839786509372,368.4154968261719,巡航
T013,2320.0,109.2270778202874,23.008412869652105,368.4154968261719,巡航
T013,2325.0,109.22766382043874,23.00842787421049,368.4154968261719,巡航
T013,2330.0,109.22824982059005,23.00844287876888,368.4154968261719,巡航
T013,2335.0,109.22883582074137,23.008457883327264,368.4154968261719,巡航
T013,2340.0,109.2294218208927,23.00847288788565,368.4154968261719,巡航
T013,2345.0,109.23000782104401,23.008487892444034,368.4154968261719,巡航
T013,2350.0,109.23059382119534,23.00850289700242,368.4154968261719,巡航
T013,2355.0,109.2308517,23.0085095,361.4163231501782,下降
T013,2360.0,109.2308517,23.0085095,348.9163231501782,下降
T013,2365.0,109.2308517,23.0085095,336.41632315017813,下降
T013,2370.0,109.2308517,23.0085095,323.91632315017813,下降
T013,2375.0,109.2308517,23.0085095,311.41632315017813,下降
T013,2380.0,109.2308517,23.0085095,298.91632315017813,下降
T013,2385.0,109.2308517,23.0085095,286.4163231501781,下降
T013,2390.0,109.2308517,23.0085095,273.9163231501781,下降
T013,2395.0,109.2308517,23.0085095,261.4163231501781,下降
T013,2400.0,109.2308517,23.0085095,248.91632315017804,下降
T013,2405.0,109.2308517,23.0085095,236.41632315017802,下降
T013,2410.0,109.2308517,23.0085095,223.91632315017802,下降
T013,2415.0,109.2308517,23.0085095,211.416323150178,下降
T013,2420.0,109.2308517,23.0085095,198.916323150178,下降
T013,2425.0,109.2308517,23.0085095,186.416323150178,下降
T013,2430.0,109.2308517,23.0085095,173.91632315017796,下降
T013,2435.0,109.2308517,23.0085095,161.41632315017796,下降
T013,2440.0,109.2308517,23.0085095,148.91632315017793,下降
T013,2445.0,109.2308517,23.0085095,136.4163231501779,下降
T014,2380.0,109.2308517,23.0085095,140.28540182703196,爬升
T014,2385.0,109.2308517,23.0085095,155.28540182703193,爬升
T014,2390.0,109.2308517,23.0085095,170.2854018270319,爬升
T014,2395.0,109.2308517,23.0085095,185.28540182703185,爬升
T014,2400.0,109.2308517,23.0085095,200.28540182703182,爬升
T014,2405.0,109.2308517,23.0085095,215.28540182703176,爬升
T014,2410.0,109.2308517,23.0085095,230.28540182703176,爬升
T014,2415.0,109.2308517,23.0085095,245.2854018270317,爬升
T014,2420.0,109.2308517,23.0085095,260.28540182703165,爬升
T014,2425.0,109.2308517,23.0085095,275.28540182703165,爬升
T014,2430.0,109.2308517,23.0085095,290.2854018270316,爬升
T014,2435.0,109.2308517,23.0085095,305.28540182703154,爬升
T014,2440.0,109.2308517,23.0085095,320.2854018270315,爬升
T014,2445.0,109.2308517,23.0085095,335.2854018270315,爬升
T014,2450.0,109.2308517,23.0085095,350.2854018270314,爬升
T014,2455.0,109.2308517,23.0085095,365.28540182703136,爬升
T014,2460.0,109.23038798225822,23.008497626487824,368.4154968261719,巡航
T014,2465.0,109.2298019821069,23.00848262192944,368.4154968261719,巡航
T014,2470.0,109.22921598195558,23.008467617371053,368.4154968261719,巡航
T014,2475.0,109.22862998180426,23.00845261281267,368.4154968261719,巡航
T014,2480.0,109.22804398165293,23.008437608254283,368.4154968261719,巡航
T014,2485.0,109.22745798150162,23.008422603695898,368.4154968261719,巡航
T014,2490.0,109.22687198135029,23.008407599137513,368.4154968261719,巡航
T014,2495.0,109.22628598119897,23.008392594579124,368.4154968261719,巡航
T014,2500.0,109.22569998104764,23.00837759002074,368.4154968261719,巡航
T014,2505.0,109.22511398089632,23.008362585462354,368.4154968261719,巡航
T014,2510.0,109.224527980745,23.00834758090397,368.4154968261719,巡航
T014,2515.0,109.22394198059368,23.008332576345584,368.4154968261719,巡航
T014,2520.0,109.22335598044235,23.0083175717872,368.4154968261719,巡航
T014,2525.0,109.22276998029103,23.008302567228814,368.4154968261719,巡航
T014,2530.0,109.2221839801397,23.00828756267043,368.4154968261719,巡航
T014,2535.0,109.22159797998839,23.008272558112044,368.4154968261719,巡航
T014,2540.0,109.22101197983706,23.008257553553655,368.4154968261719,巡航
T014,2545.0,109.22042597968574,23.00824254899527,368.4154968261719,巡航
T014,2550.0,109.21983997953441,23.008227544436885,368.4154968261719,巡航
T014,2555.0,109.2192539793831,23.0082125398785,368.4154968261719,巡航
T014,2560.0,109.21866797923177,23.008197535320114,368.4154968261719,巡航
T014,2565.0,109.21808197908045,23.00818253076173,368.4154968261719,巡航
T014,2570.0,109.21749597892912,23.008167526203344,368.4154968261719,巡航
T014,2575.0,109.2169099787778,23.00815252164496,368.4154968261719,巡航
T014,2580.0,109.21632397862648,23.008137517086574,368.4154968261719,巡航
T014,2585.0,109.21573797847516,23.008122512528185,368.4154968261719,巡航
T014,2590.0,109.21515197832383,23.0081075079698,368.4154968261719,巡航
T014,2595.0,109.21456597817252,23.008092503411415,368.4154968261719,巡航
T014,2600.0,109.21397997802119,23.00807749885303,368.4154968261719,巡航
T014,2605.0,109.21339397786987,23.008062494294645,368.4154968261719,巡航
T014,2610.0,109.21280797771854,23.00804748973626,368.4154968261719,巡航
T014,2615.0,109.21222197756722,23.008032485177875,368.4154968261719,巡航
T014,2620.0,109.21163597741591,23.00801748061949,368.4154968261719,巡航
T014,2625.0,109.21104997726458,23.008002476061105,368.4154968261719,巡航
T014,2630.0,109.21046397711326,23.007987471502716,368.4154968261719,巡航
T014,2635.0,109.20987797696193,23.00797246694433,368.4154968261719,巡航
T014,2640.0,109.20929197681062,23.007957462385946,368.4154968261719,巡航
T014,2645.0,109.20870597665929,23.00794245782756,368.4154968261719,巡航
T014,2650.0,109.20811997650797,23.007927453269176,368.4154968261719,巡航
T014,2655.0,109.20753397635664,23.00791244871079,368.4154968261719,巡航
T014,2660.0,109.20694797620533,23.007897444152405,368.4154968261719,巡航
T014,2665.0,109.206361976054,23.00788243959402,368.4154968261719,巡航
T014,2670.0,109.20577597590268,23.007867435035635,368.4154968261719,巡航
T014,2675.0,109.20518997575135,23.007852430477246,368.4154968261719,巡航
T014,2680.0,109.20460397560004,23.00783742591886,368.4154968261719,巡航
T014,2685.0,109.2040179754487,23.007822421360476,368.4154968261719,巡航
T014,2690.0,109.20343197529739,23.00780741680209,368.4154968261719,巡航
T014,2695.0,109.20284597514606,23.007792412243706,368.4154968261719,巡航
T014,2700.0,109.20225997499475,23.00777740768532,368.4154968261719,巡航
T014,2705.0,109.20167397484342,23.007762403126936,368.4154968261719,巡航
T014,2710.0,109.2010879746921,23.00774739856855,368.4154968261719,巡航
T014,2715.0,109.20050197454077,23.007732394010166,368.4154968261719,巡航
T014,2720.0,109.19991597438946,23.007717389451777,368.4154968261719,巡航
T014,2725.0,109.1997836,23.007714,358.7391818787677,下降
T014,2730.0,109.1997836,23.007714,346.2391818787678,下降
T014,2735.0,109.1997836,23.007714,333.7391818787679,下降
T014,2740.0,109.1997836,23.007714,321.239181878768,下降
T014,2745.0,109.1997836,23.007714,314.8,投送
T014,2750.0,109.1997836,23.007714,314.8,投送
T014,2755.0,109.1997836,23.007714,314.8,投送
T014,2760.0,109.1997836,23.007714,314.8,投送
T014,2765.0,109.1997836,23.007714,314.8,投送
T014,2770.0,109.1997836,23.007714,314.8,投送
T014,2775.0,109.1997836,23.007714,314.8,投送
T014,2780.0,109.1997836,23.007714,314.8,投送
T014,2785.0,109.1997836,23.007714,314.8,投送
T014,2790.0,109.1997836,23.007714,314.8,投送
T014,2795.0,109.1997836,23.007714,314.8,投送
T014,2800.0,109.1997836,23.007714,314.8,投送
T014,2805.0,109.1997836,23.007714,314.8,投送
T014,2810.0,109.1997836,23.007714,314.8,投送
T014,2815.0,109.1997836,23.007714,314.8,投送
T014,2820.0,109.1997836,23.007714,314.8,投送
T014,2825.0,109.1997836,23.007714,314.8,投送
T014,2830.0,109.1997836,23.007714,314.8,投送
T014,2835.0,109.1997836,23.007714,314.8,投送
T014,2840.0,109.1997836,23.007714,314.8,投送
T014,2845.0,109.1997836,23.007714,314.8,投送
T014,2850.0,109.1997836,23.007714,314.8,投送
T014,2855.0,109.1997836,23.007714,314.8,投送
T014,2860.0,109.1997836,23.007714,314.8,投送
T014,2865.0,109.1997836,23.007714,314.8,投送
T014,2870.0,109.1997836,23.007714,314.8,投送
T014,2875.0,109.1997836,23.007714,314.8,投送
T014,2880.0,109.1997836,23.007714,314.8,投送
T014,2885.0,109.1997836,23.007714,314.8,投送
T014,2890.0,109.1997836,23.007714,314.8,投送
T014,2895.0,109.1997836,23.007714,314.8,投送
T014,2900.0,109.1997836,23.007714,314.8,投送
T014,2905.0,109.1997836,23.007714,314.8,投送
T014,2910.0,109.1997836,23.007714,314.8,投送
T014,2915.0,109.1997836,23.007714,314.8,投送
T014,2920.0,109.1997836,23.007714,314.8,投送
T014,2925.0,109.1997836,23.007714,322.0729817454783,爬升
T014,2930.0,109.1997836,23.007714,337.0729817454782,爬升
T014,2935.0,109.1997836,23.007714,352.07298174547816,爬升
T014,2940.0,109.1997836,23.007714,367.07298174547805,爬升
T014,2945.0,109.20031715254864,23.007727661635325,368.4154968261719,巡航
T014,2950.0,109.20090315269995,23.00774266619371,368.4154968261719,巡航
T014,2955.0,109.20148915285128,23.007757670752095,368.4154968261719,巡航
T014,2960.0,109.2020751530026,23.00777267531048,368.4154968261719,巡航
T014,2965.0,109.20266115315393,23.007787679868866,368.4154968261719,巡航
T014,2970.0,109.20324715330524,23.00780268442725,368.4154968261719,巡航
T014,2975.0,109.20383315345657,23.00781768898564,368.4154968261719,巡航
T014,2980.0,109.20441915360789,23.007832693544024,368.4154968261719,巡航
T014,2985.0,109.20500515375922,23.00784769810241,368.4154968261719,巡航
T014,2990.0,109.20559115391053,23.007862702660795,368.4154968261719,巡航
T014,2995.0,109.20617715406186,23.00787770721918,368.4154968261719,巡航
T014,3000.0,109.20676315421318,23.007892711777565,368.4154968261719,巡航
T014,3005.0,109.2073491543645,23.00790771633595,368.4154968261719,巡航
T014,3010.0,109.20793515451582,23.007922720894335,368.4154968261719,巡航
T014,3015.0,109.20852115466714,23.00793772545272,368.4154968261719,巡航
T014,3020.0,109.20910715481847,23.00795273001111,368.4154968261719,巡航
T014,3025.0,109.20969315496978,23.007967734569494,368.4154968261719,巡航
T014,3030.0,109.21027915512111,23.00798273912788,368.4154968261719,巡航
T014,3035.0,109.21086515527243,23.007997743686264,368.4154968261719,巡航
T014,3040.0,109.21145115542376,23.00801274824465,368.4154968261719,巡航
T014,3045.0,109.21203715557508,23.008027752803034,368.4154968261719,巡航
T014,3050.0,109.2126231557264,23.00804275736142,368.4154968261719,巡航
T014,3055.0,109.21320915587772,23.008057761919805,368.4154968261719,巡航
T014,3060.0,109.21379515602905,23.00807276647819,368.4154968261719,巡航
T014,3065.0,109.21438115618037,23.00808777103658,368.4154968261719,巡航
T014,3070.0,109.2149671563317,23.008102775594963,368.4154968261719,巡航
T014,3075.0,109.21555315648301,23.00811778015335,368.4154968261719,巡航
T014,3080.0,109.21613915663434,23.008132784711734,368.4154968261719,巡航
T014,3085.0,109.21672515678566,23.00814778927012,368.4154968261719,巡航
T014,3090.0,109.21731115693699,23.008162793828504,368.4154968261719,巡航
T014,3095.0,109.2178971570883,23.00817779838689,368.4154968261719,巡航
T014,3100.0,109.21848315723963,23.008192802945274,368.4154968261719,巡航
T014,3105.0,109.21906915739095,23.00820780750366,368.4154968261719,巡航
T014,3110.0,109.21965515754228,23.008222812062048,368.4154968261719,巡航
T014,3115.0,109.2202411576936,23.008237816620433,368.4154968261719,巡航
T014,3120.0,109.22082715784492,23.008252821178818,368.4154968261719,巡航
T014,3125.0,109.22141315799624,23.008267825737203,368.4154968261719,巡航
T014,3130.0,109.22199915814757,23.008282830295588,368.4154968261719,巡航
T014,3135.0,109.22258515829888,23.008297834853973,368.4154968261719,巡航
T014,3140.0,109.22317115845021,23.00831283941236,368.4154968261719,巡航
T014,3145.0,109.22375715860153,23.008327843970743,368.4154968261719,巡航
T014,3150.0,109.22434315875286,23.00834284852913,368.4154968261719,巡航
T014,3155.0,109.22492915890417,23.008357853087517,368.4154968261719,巡航
T014,3160.0,109.2255151590555,23.008372857645902,368.4154968261719,巡航
T014,3165.0,109.22610115920682,23.008387862204287,368.4154968261719,巡航
T014,3170.0,109.22668715935815,23.008402866762673,368.4154968261719,巡航
T014,3175.0,109.22727315950947,23.008417871321058,368.4154968261719,巡航
T014,3180.0,109.2278591596608,23.008432875879443,368.4154968261719,巡航
T014,3185.0,109.22844515981211,23.008447880437828,368.4154968261719,巡航
T014,3190.0,109.22903115996343,23.008462884996213,368.4154968261719,巡航
T014,3195.0,109.22961716011476,23.008477889554598,368.4154968261719,巡航
T014,3200.0,109.23020316026607,23.008492894112987,368.4154968261719,巡航
T014,3205.0,109.2307891604174,23.008507898671372,368.4154968261719,巡航
T014,3210.0,109.2308517,23.0085095,357.24953194672867,下降
T014,3215.0,109.2308517,23.0085095,344.74953194672867,下降
T014,3220.0,109.2308517,23.0085095,332.2495319467286,下降
T014,3225.0,109.2308517,23.0085095,319.7495319467286,下降
T014,3230.0,109.2308517,23.0085095,307.2495319467286,下降
T014,3235.0,109.2308517,23.0085095,294.74953194672855,下降
T014,3240.0,109.2308517,23.0085095,282.24953194672855,下降
T014,3245.0,109.2308517,23.0085095,269.74953194672855,下降
T014,3250.0,109.2308517,23.0085095,257.24953194672855,下降
T014,3255.0,109.2308517,23.0085095,244.74953194672852,下降
T014,3260.0,109.2308517,23.0085095,232.2495319467285,下降
T014,3265.0,109.2308517,23.0085095,219.74953194672847,下降
T014,3270.0,109.2308517,23.0085095,207.24953194672847,下降
T014,3275.0,109.2308517,23.0085095,194.74953194672847,下降
T014,3280.0,109.2308517,23.0085095,182.24953194672847,下降
T014,3285.0,109.2308517,23.0085095,169.74953194672844,下降
T014,3290.0,109.2308517,23.0085095,157.2495319467284,下降
T014,3295.0,109.2308517,23.0085095,144.7495319467284,下降
T014,3300.0,109.2308517,23.0085095,132.24953194672838,下降
T015,3240.0,109.2308517,23.0085095,134.63556742962984,爬升
T015,3245.0,109.2308517,23.0085095,147.13556742962987,爬升
T015,3250.0,109.2308517,23.0085095,159.63556742962987,爬升
T015,3255.0,109.2308517,23.0085095,172.1355674296299,爬升
T015,3260.0,109.2308517,23.0085095,184.63556742962993,爬升
T015,3265.0,109.2308517,23.0085095,197.13556742962993,爬升
T015,3270.0,109.2308517,23.0085095,209.63556742963,爬升
T015,3275.0,109.2308517,23.0085095,222.13556742963,爬升
T015,3280.0,109.2308517,23.0085095,234.63556742963002,爬升
T015,3285.0,109.2308517,23.0085095,247.13556742963004,爬升
T015,3290.0,109.2308517,23.0085095,259.63556742963004,爬升
T015,3295.0,109.2308517,23.0085095,272.1355674296301,爬升
T015,3300.0,109.2308517,23.0085095,284.6355674296301,爬升
T015,3305.0,109.23081197139436,23.008597953864182,295.36175537109375,巡航
T015,3310.0,109.23053200511033,23.009221285573414,295.36175537109375,巡航
T015,3315.0,109.23025203882632,23.009844617282642,295.36175537109375,巡航
T015,3320.0,109.22997207254231,23.010467948991874,295.36175537109375,巡航
T015,3325.0,109.2296921062583,23.011091280701105,295.36175537109375,巡航
T015,3330.0,109.22941213997427,23.011714612410334,295.36175537109375,巡航
T015,3335.0,109.22913217369026,23.012337944119565,295.36175537109375,巡航
T015,3340.0,109.22885220740625,23.012961275828797,295.36175537109375,巡航
T015,3345.0,109.22857224112222,23.013584607538025,295.36175537109375,巡航
T015,3350.0,109.22829227483821,23.014207939247257,295.36175537109375,巡航
T015,3355.0,109.2280123085542,23.01483127095649,295.36175537109375,巡航
T015,3360.0,109.22773234227017,23.015454602665717,295.36175537109375,巡航
T015,3365.0,109.22745237598616,23.016077934374948,295.36175537109375,巡航
T015,3370.0,109.22717240970215,23.016701266084176,295.36175537109375,巡航
T015,3375.0,109.22689244341814,23.017324597793408,295.36175537109375,巡航
T015,3380.0,109.22661247713411,23.01794792950264,295.36175537109375,巡航
T015,3385.0,109.2263325108501,23.018571261211868,295.36175537109375,巡航
T015,3390.0,109.22605254456609,23.0191945929211,295.36175537109375,巡航
T015,3395.0,109.22577257828206,23.01981792463033,295.36175537109375,巡航
T015,3400.0,109.22549261199805,23.02044125633956,295.36175537109375,巡航
T015,3405.0,109.22521264571404,23.02106458804879,295.36175537109375,巡航
T015,3410.0,109.22493267943001,23.021687919758023,295.36175537109375,巡航
T015,3415.0,109.224652713146,23.02231125146725,295.36175537109375,巡航
T015,3420.0,109.22437274686199,23.022934583176482,295.36175537109375,巡航
T015,3425.0,109.22409278057798,23.02355791488571,295.36175537109375,巡航
T015,3430.0,109.22381281429395,23.024181246594942,295.36175537109375,巡航
T015,3435.0,109.22353284800994,23.024804578304174,295.36175537109375,巡航
T015,3440.0,109.22325288172593,23.025427910013402,295.36175537109375,巡航
T015,3445.0,109.2229729154419,23.026051241722634,295.36175537109375,巡航
T015,3450.0,109.22269294915789,23.026674573431865,295.36175537109375,巡航
T015,3455.0,109.22241298287388,23.027297905141094,295.36175537109375,巡航
T015,3460.0,109.22213301658985,23.027921236850325,295.36175537109375,巡航
T015,3465.0,109.22185305030584,23.028544568559557,295.36175537109375,巡航
T015,3470.0,109.22157308402183,23.029167900268785,295.36175537109375,巡航
T015,3475.0,109.22129311773782,23.029791231978017,295.36175537109375,巡航
T015,3480.0,109.22101315145379,23.03041456368725,295.36175537109375,巡航
T015,3485.0,109.22073318516978,23.031037895396477,295.36175537109375,巡航
T015,3490.0,109.22045321888577,23.031661227105708,295.36175537109375,巡航
T015,3495.0,109.2203356,23.0319231,289.56293574447955,下降
T015,3500.0,109.2203356,23.0319231,279.5629357444795,下降
T015,3505.0,109.2203356,23.0319231,269.56293574447943,下降
T015,3510.0,109.2203356,23.0319231,259.5629357444794,下降
T015,3515.0,109.2203356,23.0319231,249.56293574447935,下降
T015,3520.0,109.2203356,23.0319231,239.56293574447932,下降
T015,3525.0,109.2203356,23.0319231,229.56293574447926,下降
T015,3530.0,109.2203356,23.0319231,219.5629357444792,下降
T015,3535.0,109.2203356,23.0319231,212.1,投送
T015,3540.0,109.2203356,23.0319231,212.1,投送
T015,3545.0,109.2203356,23.0319231,212.1,投送
T015,3550.0,109.2203356,23.0319231,212.1,投送
T015,3555.0,109.2203356,23.0319231,212.1,投送
T015,3560.0,109.2203356,23.0319231,212.1,投送
T015,3565.0,109.2203356,23.0319231,212.1,投送
T015,3570.0,109.2203356,23.0319231,212.1,投送
T015,3575.0,109.2203356,23.0319231,212.1,投送
T015,3580.0,109.2203356,23.0319231,212.1,投送
T015,3585.0,109.2203356,23.0319231,212.1,投送
T015,3590.0,109.2203356,23.0319231,212.1,投送
T015,3595.0,109.2203356,23.0319231,212.1,投送
T015,3600.0,109.2203356,23.0319231,212.1,投送
T015,3605.0,109.2203356,23.0319231,212.1,投送
T015,3610.0,109.2203356,23.0319231,212.1,投送
T015,3615.0,109.2203356,23.0319231,212.1,投送
T015,3620.0,109.2203356,23.0319231,212.1,投送
T015,3625.0,109.2203356,23.0319231,212.1,投送
T015,3630.0,109.2203356,23.0319231,212.1,投送
T015,3635.0,109.2203356,23.0319231,212.1,投送
T015,3640.0,109.2203356,23.0319231,212.1,投送
T015,3645.0,109.2203356,23.0319231,212.1,投送
T015,3650.0,109.2203356,23.0319231,212.1,投送
T015,3655.0,109.2203356,23.0319231,212.1,投送
T015,3660.0,109.2203356,23.0319231,212.1,投送
T015,3665.0,109.2203356,23.0319231,212.1,投送
T015,3670.0,109.2203356,23.0319231,212.1,投送
T015,3675.0,109.2203356,23.0319231,212.1,投送
T015,3680.0,109.2203356,23.0319231,212.1,投送
T015,3685.0,109.2203356,23.0319231,212.1,投送
T015,3690.0,109.2203356,23.0319231,212.1,投送
T015,3695.0,109.2203356,23.0319231,212.1,投送
T015,3700.0,109.2203356,23.0319231,212.1,投送
T015,3705.0,109.2203356,23.0319231,212.1,投送
T015,3710.0,109.2203356,23.0319231,212.1,投送
T015,3715.0,109.2203356,23.0319231,212.1,投送
T015,3720.0,109.2203356,23.0319231,212.1,投送
T015,3725.0,109.2203356,23.0319231,212.1,投送
T015,3730.0,109.2203356,23.0319231,212.1,投送
T015,3735.0,109.2203356,23.0319231,212.1,投送
T015,3740.0,109.2203356,23.0319231,212.1,投送
T015,3745.0,109.2203356,23.0319231,212.1,投送
T015,3750.0,109.2203356,23.0319231,212.1,投送
T015,3755.0,109.2203356,23.0319231,212.1,投送
T015,3760.0,109.2203356,23.0319231,212.1,投送
T015,3765.0,109.2203356,23.0319231,212.1,投送
T015,3770.0,109.2203356,23.0319231,212.1,投送
T015,3775.0,109.2203356,23.0319231,212.1,投送
T015,3780.0,109.2203356,23.0319231,212.1,投送
T015,3785.0,109.2203356,23.0319231,212.1,投送
T015,3790.0,109.2203356,23.0319231,212.1,投送
T015,3795.0,109.2203356,23.0319231,212.1,投送
T015,3800.0,109.2203356,23.0319231,212.1,投送
T015,3805.0,109.2203356,23.0319231,212.1,投送
T015,3810.0,109.2203356,23.0319231,212.1,投送
T015,3815.0,109.2203356,23.0319231,212.1,投送
T015,3820.0,109.2203356,23.0319231,212.1,投送
T015,3825.0,109.2203356,23.0319231,220.27133031940102,爬升
T015,3830.0,109.2203356,23.0319231,232.77133031940105,爬升
T015,3835.0,109.2203356,23.0319231,245.27133031940105,爬升
T015,3840.0,109.2203356,23.0319231,257.77133031940105,爬升
T015,3845.0,109.2203356,23.0319231,270.27133031940105,爬升
T015,3850.0,109.2203356,23.0319231,282.77133031940105,爬升
T015,3855.0,109.2203356,23.0319231,295.27133031940105,爬升
T015,3860.0,109.2203356,23.0319231,307.77133031940105,爬升
T015,3865.0,109.2203356,23.0319231,320.2713303194011,爬升
T015,3870.0,109.2203356,23.0319231,332.7713303194011,爬升
T015,3875.0,109.2203356,23.0319231,345.27133031940116,爬升
T015,3880.0,109.2203356,23.0319231,357.77133031940116,爬升
T015,3885.0,109.2203356,23.0319231,370.27133031940116,爬升
T015,3890.0,109.2203356,23.0319231,382.77133031940116,爬升
T015,3895.0,109.2203356,23.0319231,395.27133031940116,爬升
T015,3900.0,109.2203356,23.0319231,407.77133031940116,爬升
T015,3905.0,109.22027298707447,23.032315756742264,412.91650390625,巡航
T015,3910.0,109.22016657238494,23.032983102101976,412.91650390625,巡航
T015,3915.0,109.22006015769543,23.03365044746169,412.91650390625,巡航
T015,3920.0,109.21995374300592,23.0343177928214,412.91650390625,巡航
T015,3925.0,109.21984732831639,23.03498513818111,412.91650390625,巡航
T015,3930.0,109.21974091362688,23.035652483540822,412.91650390625,巡航
T015,3935.0,109.21963449893737,23.036319828900535,412.91650390625,巡航
T015,3940.0,109.21952808424786,23.036987174260247,412.91650390625,巡航
T015,3945.0,109.21942166955833,23.03765451961996,412.91650390625,巡航
T015,3950.0,109.21931525486882,23.03832186497967,412.91650390625,巡航
T015,3955.0,109.2192088401793,23.038989210339384,412.91650390625,巡航
T015,3960.0,109.21910242548978,23.039656555699093,412.91650390625,巡航
T015,3965.0,109.21899601080027,23.040323901058805,412.91650390625,巡航
T015,3970.0,109.21888959611076,23.040991246418518,412.91650390625,巡航
T015,3975.0,109.21878318142123,23.04165859177823,412.91650390625,巡航
T015,3980.0,109.21867676673172,23.042325937137942,412.91650390625,巡航
T015,3985.0,109.2185703520422,23.042993282497655,412.91650390625,巡航
T015,3990.0,109.21846393735268,23.043660627857363,412.91650390625,巡航
T015,3995.0,109.21835752266317,23.044327973217076,412.91650390625,巡航
T015,4000.0,109.21825110797366,23.044995318576788,412.91650390625,巡航
T015,4005.0,109.21814469328413,23.0456626639365,412.91650390625,巡航
T015,4010.0,109.21803827859462,23.046330009296213,412.91650390625,巡航
T015,4015.0,109.21793186390511,23.046997354655925,412.91650390625,巡航
T015,4020.0,109.21782544921558,23.047664700015638,412.91650390625,巡航
T015,4025.0,109.21771903452607,23.048332045375346,412.91650390625,巡航
T015,4030.0,109.21761261983656,23.04899939073506,412.91650390625,巡航
T015,4035.0,109.21750620514703,23.04966673609477,412.91650390625,巡航
T015,4040.0,109.21739979045752,23.050334081454483,412.91650390625,巡航
T015,4045.0,109.21729337576801,23.051001426814196,412.91650390625,巡航
T015,4050.0,109.2171869610785,23.051668772173908,412.91650390625,巡航
T015,4055.0,109.21708054638897,23.052336117533617,412.91650390625,巡航
T015,4060.0,109.21697413169946,23.05300346289333,412.91650390625,巡航
T015,4065.0,109.21686771700995,23.05367080825304,412.91650390625,巡航
T015,4070.0,109.21676130232042,23.054338153612754,412.91650390625,巡航
T015,4075.0,109.21665488763091,23.055005498972466,412.91650390625,巡航
T015,4080.0,109.2165484729414,23.05567284433218,412.91650390625,巡航
T015,4085.0,109.21644205825187,23.056340189691888,412.91650390625,巡航
T015,4090.0,109.21633564356236,23.0570075350516,412.91650390625,巡航
T015,4095.0,109.21622922887285,23.057674880411312,412.91650390625,巡航
T015,4100.0,109.21612281418332,23.058342225771025,412.91650390625,巡航
T015,4105.0,109.21601639949381,23.059009571130737,412.91650390625,巡航
T015,4110.0,109.2159099848043,23.05967691649045,412.91650390625,巡航
T015,4115.0,109.21580357011477,23.06034426185016,412.91650390625,巡航
T015,4120.0,109.21569715542526,23.06101160720987,412.91650390625,巡航
T015,4125.0,109.21559074073575,23.061678952569583,412.91650390625,巡航
T015,4130.0,109.21548432604622,23.062346297929295,412.91650390625,巡航
T015,4135.0,109.21537791135671,23.063013643289008,412.91650390625,巡航
T015,4140.0,109.2152714966672,23.06368098864872,412.91650390625,巡航
T015,4145.0,109.21516508197769,23.064348334008432,412.91650390625,巡航
T015,4150.0,109.21505866728816,23.06501567936814,412.91650390625,巡航
T015,4155.0,109.21495225259865,23.065683024727853,412.91650390625,巡航
T015,4160.0,109.21484583790914,23.066350370087566,412.91650390625,巡航
T015,4165.0,109.21473942321961,23.067017715447278,412.91650390625,巡航
T015,4170.0,109.2146330085301,23.06768506080699,412.91650390625,巡航
T015,4175.0,109.21452659384059,23.068352406166703,412.91650390625,巡航
T015,4180.0,109.21442017915106,23.069019751526415,412.91650390625,巡航
T015,4185.0,109.21431376446155,23.069687096886124,412.91650390625,巡航
T015,4190.0,109.21420734977204,23.070354442245836,412.91650390625,巡航
T015,4195.0,109.21410093508251,23.07102178760555,412.91650390625,巡航
T015,4200.0,109.213994520393,23.07168913296526,412.91650390625,巡航
T015,4205.0,109.21388810570349,23.072356478324973,412.91650390625,巡航
T015,4210.0,109.21378169101396,23.073023823684686,412.91650390625,巡航
T015,4215.0,109.21367527632445,23.073691169044395,412.91650390625,巡航
T015,4220.0,109.21356886163494,23.074358514404107,412.91650390625,巡航
T015,4225.0,109.21346244694541,23.07502585976382,412.91650390625,巡航
T015,4230.0,109.2133560322559,23.07569320512353,412.91650390625,巡航
T015,4235.0,109.21324961756639,23.076360550483244,412.91650390625,巡航
T015,4240.0,109.21314320287686,23.077027895842956,412.91650390625,巡航
T015,4245.0,109.21303678818735,23.077695241202665,412.91650390625,巡航
T015,4250.0,109.21293037349784,23.078362586562378,412.91650390625,巡航
T015,4255.0,109.21282395880833,23.07902993192209,412.91650390625,巡航
T015,4260.0,109.2127472,23.0795113,410.12968177441326,下降
T015,4265.0,109.2127472,23.0795113,400.1296817744133,下降
T015,4270.0,109.2127472,23.0795113,390.1296817744133,下降
T015,4275.0,109.2127472,23.0795113,380.1296817744133,下降
T015,4280.0,109.2127472,23.0795113,370.12968177441337,下降
T015,4285.0,109.2127472,23.0795113,360.12968177441337,下降
T015,4290.0,109.2127472,23.0795113,350.1296817744134,下降
T015,4295.0,109.2127472,23.0795113,340.1296817744134,下降
T015,4300.0,109.2127472,23.0795113,330.1296817744135,下降
T015,4305.0,109.2127472,23.0795113,320.1296817744135,下降
T015,4310.0,109.2127472,23.0795113,310.1296817744135,下降
T015,4315.0,109.2127472,23.0795113,300.12968177441354,下降
T015,4320.0,109.2127472,23.0795113,290.12968177441354,下降
T015,4325.0,109.2127472,23.0795113,280.1296817744136,下降
T015,4330.0,109.2127472,23.0795113,270.9,投送
T015,4335.0,109.2127472,23.0795113,270.9,投送
T015,4340.0,109.2127472,23.0795113,270.9,投送
T015,4345.0,109.2127472,23.0795113,270.9,投送
T015,4350.0,109.2127472,23.0795113,270.9,投送
T015,4355.0,109.2127472,23.0795113,270.9,投送
T015,4360.0,109.2127472,23.0795113,270.9,投送
T015,4365.0,109.2127472,23.0795113,270.9,投送
T015,4370.0,109.2127472,23.0795113,270.9,投送
T015,4375.0,109.2127472,23.0795113,270.9,投送
T015,4380.0,109.2127472,23.0795113,270.9,投送
T015,4385.0,109.2127472,23.0795113,270.9,投送
T015,4390.0,109.2127472,23.0795113,270.9,投送
T015,4395.0,109.2127472,23.0795113,270.9,投送
T015,4400.0,109.2127472,23.0795113,270.9,投送
T015,4405.0,109.2127472,23.0795113,270.9,投送
T015,4410.0,109.2127472,23.0795113,270.9,投送
T015,4415.0,109.2127472,23.0795113,270.9,投送
T015,4420.0,109.2127472,23.0795113,270.9,投送
T015,4425.0,109.2127472,23.0795113,270.9,投送
T015,4430.0,109.2127472,23.0795113,270.9,投送
T015,4435.0,109.2127472,23.0795113,270.9,投送
T015,4440.0,109.2127472,23.0795113,270.9,投送
T015,4445.0,109.2127472,23.0795113,270.9,投送
T015,4450.0,109.2127472,23.0795113,270.9,投送
T015,4455.0,109.2127472,23.0795113,270.9,投送
T015,4460.0,109.2127472,23.0795113,270.9,投送
T015,4465.0,109.2127472,23.0795113,270.9,投送
T015,4470.0,109.2127472,23.0795113,270.9,投送
T015,4475.0,109.2127472,23.0795113,270.9,投送
T015,4480.0,109.2127472,23.0795113,270.9,投送
T015,4485.0,109.2127472,23.0795113,270.9,投送
T015,4490.0,109.2127472,23.0795113,270.9,投送
T015,4495.0,109.2127472,23.0795113,270.9,投送
T015,4500.0,109.2127472,23.0795113,270.9,投送
T015,4505.0,109.2127472,23.0795113,270.9,投送
T015,4510.0,109.2127472,23.0795113,270.9,投送
T015,4515.0,109.2127472,23.0795113,270.9,投送
T015,4520.0,109.2127472,23.0795113,270.9,投送
T015,4525.0,109.2127472,23.0795113,270.9,投送
T015,4530.0,109.2127472,23.0795113,270.9,投送
T015,4535.0,109.2127472,23.0795113,270.9,投送
T015,4540.0,109.2127472,23.0795113,270.9,投送
T015,4545.0,109.2127472,23.0795113,270.9,投送
T015,4550.0,109.2127472,23.0795113,270.9,投送
T015,4555.0,109.2127472,23.0795113,270.9,投送
T015,4560.0,109.2127472,23.0795113,270.9,投送
T015,4565.0,109.2127472,23.0795113,270.9,投送
T015,4570.0,109.2127472,23.0795113,270.9,投送
T015,4575.0,109.2127472,23.0795113,270.9,投送
T015,4580.0,109.2127472,23.0795113,270.9,投送
T015,4585.0,109.2127472,23.0795113,270.9,投送
T015,4590.0,109.2127472,23.0795113,270.9,投送
T015,4595.0,109.2127472,23.0795113,270.9,投送
T015,4600.0,109.2127472,23.0795113,270.9,投送
T015,4605.0,109.2127472,23.0795113,270.9,投送
T015,4610.0,109.2127472,23.0795113,270.9,投送
T015,4615.0,109.2127472,23.0795113,270.9,投送
T015,4620.0,109.2127472,23.0795113,270.9,投送
T015,4625.0,109.2127472,23.0795113,270.9,投送
T015,4630.0,109.2127472,23.0795113,270.9,投送
T015,4635.0,109.2127472,23.0795113,270.9,投送
T015,4640.0,109.2127472,23.0795113,270.9,投送
T015,4645.0,109.2127472,23.0795113,270.9,投送
T015,4650.0,109.2127472,23.0795113,270.9,投送
T015,4655.0,109.2127472,23.0795113,270.9,投送
T015,4660.0,109.2127472,23.0795113,270.9,投送
T015,4665.0,109.2127472,23.0795113,270.9,投送
T015,4670.0,109.2127472,23.0795113,270.9,投送
T015,4675.0,109.2127472,23.0795113,270.9,投送
T015,4680.0,109.2127472,23.0795113,270.9,投送
T015,4685.0,109.2127472,23.0795113,270.9,投送
T015,4690.0,109.2127472,23.0795113,271.86289778198295,爬升
T015,4695.0,109.2127472,23.0795113,284.3628977819829,爬升
T015,4700.0,109.2127472,23.0795113,296.86289778198284,爬升
T015,4705.0,109.2127472,23.0795113,309.36289778198284,爬升
T015,4710.0,109.2127472,23.0795113,321.8628977819828,爬升
T015,4715.0,109.2127472,23.0795113,334.3628977819827,爬升
T015,4720.0,109.2127472,23.0795113,346.86289778198267,爬升
T015,4725.0,109.2127472,23.0795113,359.3628977819826,爬升
T015,4730.0,109.21280485279546,23.079285198630043,367.5588684082031,巡航
T015,4735.0,109.2129722912306,23.078628542534318,367.5588684082031,巡航
T015,4740.0,109.21313972966576,23.077971886438593,367.5588684082031,巡航
T015,4745.0,109.21330716810091,23.07731523034287,367.5588684082031,巡航
T015,4750.0,109.21347460653607,23.076658574247144,367.5588684082031,巡航
T015,4755.0,109.21364204497122,23.07600191815142,367.5588684082031,巡航
T015,4760.0,109.21380948340637,23.075345262055695,367.5588684082031,巡航
T015,4765.0,109.21397692184152,23.074688605959967,367.5588684082031,巡航
T015,4770.0,109.21414436027668,23.074031949864242,367.5588684082031,巡航
T015,4775.0,109.21431179871183,23.073375293768517,367.5588684082031,巡航
T015,4780.0,109.21447923714699,23.072718637672793,367.5588684082031,巡航
T015,4785.0,109.21464667558213,23.07206198157707,367.5588684082031,巡航
T015,4790.0,109.21481411401729,23.071405325481344,367.5588684082031,巡航
T015,4795.0,109.21498155245244,23.07074866938562,367.5588684082031,巡航
T015,4800.0,109.2151489908876,23.070092013289894,367.5588684082031,巡航
T015,4805.0,109.21531642932275,23.06943535719417,367.5588684082031,巡航
T015,4810.0,109.2154838677579,23.068778701098445,367.5588684082031,巡航
T015,4815.0,109.21565130619305,23.06812204500272,367.5588684082031,巡航
T015,4820.0,109.21581874462821,23.067465388906996,367.5588684082031,巡航
T015,4825.0,109.21598618306336,23.06680873281127,367.5588684082031,巡航
T015,4830.0,109.21615362149852,23.066152076715547,367.5588684082031,巡航
T015,4835.0,109.21632105993366,23.065495420619822,367.5588684082031,巡航
T015,4840.0,109.21648849836882,23.064838764524097,367.5588684082031,巡航
T015,4845.0,109.21665593680397,23.064182108428373,367.5588684082031,巡航
T015,4850.0,109.21682337523913,23.063525452332645,367.5588684082031,巡航
T015,4855.0,109.21699081367429,23.06286879623692,367.5588684082031,巡航
T015,4860.0,109.21715825210943,23.062212140141195,367.5588684082031,巡航
T015,4865.0,109.21732569054458,23.06155548404547,367.5588684082031,巡航
T015,4870.0,109.21749312897974,23.060898827949746,367.5588684082031,巡航
T015,4875.0,109.2176605674149,23.06024217185402,367.5588684082031,巡航
T015,4880.0,109.21782800585005,23.059585515758297,367.5588684082031,巡航
T015,4885.0,109.2179954442852,23.058928859662572,367.5588684082031,巡航
T015,4890.0,109.21816288272035,23.058272203566847,367.5588684082031,巡航
T015,4895.0,109.2183303211555,23.057615547471123,367.5588684082031,巡航
T015,4900.0,109.21849775959066,23.0569588913754,367.5588684082031,巡航
T015,4905.0,109.21866519802582,23.056302235279674,367.5588684082031,巡航
T015,4910.0,109.21883263646096,23.05564557918395,367.5588684082031,巡航
T015,4915.0,109.21900007489612,23.054988923088224,367.5588684082031,巡航
T015,4920.0,109.21916751333127,23.0543322669925,367.5588684082031,巡航
T015,4925.0,109.21933495176643,23.053675610896775,367.5588684082031,巡航
T015,4930.0,109.21950239020157,23.053018954801047,367.5588684082031,巡航
T015,4935.0,109.21966982863673,23.052362298705322,367.5588684082031,巡航
T015,4940.0,109.21983726707188,23.051705642609598,367.5588684082031,巡航
T015,4945.0,109.22000470550704,23.051048986513873,367.5588684082031,巡航
T015,4950.0,109.2201721439422,23.05039233041815,367.5588684082031,巡航
T015,4955.0,109.22033958237733,23.049735674322424,367.5588684082031,巡航
T015,4960.0,109.22050702081249,23.0490790182267,367.5588684082031,巡航
T015,4965.0,109.22067445924765,23.048422362130975,367.5588684082031,巡航
T015,4970.0,109.2208418976828,23.04776570603525,367.5588684082031,巡航
T015,4975.0,109.22100933611796,23.047109049939525,367.5588684082031,巡航
T015,4980.0,109.2211767745531,23.0464523938438,367.5588684082031,巡航
T015,4985.0,109.22134421298826,23.045795737748076,367.5588684082031,巡航
T015,4990.0,109.22151165142341,23.04513908165235,367.5588684082031,巡航
T015,4995.0,109.22167908985857,23.044482425556627,367.5588684082031,巡航
T015,5000.0,109.22184652829372,23.043825769460902,367.5588684082031,巡航
T015,5005.0,109.22201396672887,23.043169113365177,367.5588684082031,巡航
T015,5010.0,109.22218140516402,23.042512457269453,367.5588684082031,巡航
T015,5015.0,109.22234884359918,23.041855801173725,367.5588684082031,巡航
T015,5020.0,109.22251628203433,23.041199145078,367.5588684082031,巡航
T015,5025.0,109.22268372046949,23.040542488982275,367.5588684082031,巡航
T015,5030.0,109.22285115890463,23.03988583288655,367.5588684082031,巡航
T015,5035.0,109.22301859733979,23.039229176790826,367.5588684082031,巡航
T015,5040.0,109.22318603577494,23.0385725206951,367.5588684082031,巡航
T015,5045.0,109.2233534742101,23.037915864599377,367.5588684082031,巡航
T015,5050.0,109.22352091264526,23.037259208503652,367.5588684082031,巡航
T015,5055.0,109.2236883510804,23.036602552407928,367.5588684082031,巡航
T015,5060.0,109.22385578951555,23.035945896312203,367.5588684082031,巡航
T015,5065.0,109.22402322795071,23.03528924021648,367.5588684082031,巡航
T015,5070.0,109.22419066638587,23.034632584120754,367.5588684082031,巡航
T015,5075.0,109.22435810482102,23.03397592802503,367.5588684082031,巡航
T015,5080.0,109.22452554325616,23.033319271929305,367.5588684082031,巡航
T015,5085.0,109.22469298169132,23.03266261583358,367.5588684082031,巡航
T015,5090.0,109.22486042012648,23.032005959737855,367.5588684082031,巡航
T015,5095.0,109.22502785856163,23.031349303642127,367.5588684082031,巡航
T015,5100.0,109.22519529699679,23.030692647546402,367.5588684082031,巡航
T015,5105.0,109.22536273543193,23.030035991450678,367.5588684082031,巡航
T015,5110.0,109.22553017386709,23.029379335354953,367.5588684082031,巡航
T015,5115.0,109.22569761230224,23.02872267925923,367.5588684082031,巡航
T015,5120.0,109.2258650507374,23.028066023163504,367.5588684082031,巡航
T015,5125.0,109.22603248917255,23.02740936706778,367.5588684082031,巡航
T015,5130.0,109.2261999276077,23.026752710972055,367.5588684082031,巡航
T015,5135.0,109.22636736604285,23.02609605487633,367.5588684082031,巡航
T015,5140.0,109.226534804478,23.025439398780605,367.5588684082031,巡航
T015,5145.0,109.22670224291316,23.02478274268488,367.5588684082031,巡航
T015,5150.0,109.22686968134832,23.024126086589156,367.5588684082031,巡航
T015,5155.0,109.22703711978346,23.02346943049343,367.5588684082031,巡航
T015,5160.0,109.22720455821862,23.022812774397707,367.5588684082031,巡航
T015,5165.0,109.22737199665377,23.022156118301982,367.5588684082031,巡航
T015,5170.0,109.22753943508893,23.021499462206258,367.5588684082031,巡航
T015,5175.0,109.22770687352408,23.020842806110533,367.5588684082031,巡航
T015,5180.0,109.22787431195923,23.020186150014805,367.5588684082031,巡航
T015,5185.0,109.22804175039438,23.01952949391908,367.5588684082031,巡航
T015,5190.0,109.22820918882954,23.018872837823356,367.5588684082031,巡航
T015,5195.0,109.2283766272647,23.01821618172763,367.5588684082031,巡航
T015,5200.0,109.22854406569985,23.017559525631906,367.5588684082031,巡航
T015,5205.0,109.22871150413499,23.01690286953618,367.5588684082031,巡航
T015,5210.0,109.22887894257015,23.016246213440457,367.5588684082031,巡航
T015,5215.0,109.2290463810053,23.015589557344732,367.5588684082031,巡航
T015,5220.0,109.22921381944046,23.014932901249008,367.5588684082031,巡航
T015,5225.0,109.22938125787562,23.014276245153283,367.5588684082031,巡航
T015,5230.0,109.22954869631076,23.01361958905756,367.5588684082031,巡航
T015,5235.0,109.22971613474591,23.012962932961834,367.5588684082031,巡航
T015,5240.0,109.22988357318107,23.01230627686611,367.5588684082031,巡航
T015,5245.0,109.23005101161623,23.011649620770385,367.5588684082031,巡航
T015,5250.0,109.23021845005138,23.01099296467466,367.5588684082031,巡航
T015,5255.0,109.23038588848652,23.010336308578935,367.5588684082031,巡航
T015,5260.0,109.23055332692168,23.009679652483207,367.5588684082031,巡航
T015,5265.0,109.23072076535684,23.009022996387483,367.5588684082031,巡航
T015,5270.0,109.2308517,23.0085095,365.378736232904,下降
T015,5275.0,109.2308517,23.0085095,355.3787362329039,下降
T015,5280.0,109.2308517,23.0085095,345.3787362329039,下降
T015,5285.0,109.2308517,23.0085095,335.37873623290386,下降
T015,5290.0,109.2308517,23.0085095,325.37873623290386,下降
T015,5295.0,109.2308517,23.0085095,315.3787362329038,下降
T015,5300.0,109.2308517,23.0085095,305.3787362329038,下降
T015,5305.0,109.2308517,23.0085095,295.37873623290375,下降
T015,5310.0,109.2308517,23.0085095,285.37873623290375,下降
T015,5315.0,109.2308517,23.0085095,275.3787362329037,下降
T015,5320.0,109.2308517,23.0085095,265.37873623290363,下降
T015,5325.0,109.2308517,23.0085095,255.37873623290363,下降
T015,5330.0,109.2308517,23.0085095,245.3787362329036,下降
T015,5335.0,109.2308517,23.0085095,235.37873623290358,下降
T015,5340.0,109.2308517,23.0085095,225.37873623290355,下降
T015,5345.0,109.2308517,23.0085095,215.37873623290352,下降
T015,5350.0,109.2308517,23.0085095,205.3787362329035,下降
T015,5355.0,109.2308517,23.0085095,195.37873623290346,下降
T015,5360.0,109.2308517,23.0085095,185.37873623290344,下降
T015,5365.0,109.2308517,23.0085095,175.3787362329034,下降
T015,5370.0,109.2308517,23.0085095,165.37873623290338,下降
T015,5375.0,109.2308517,23.0085095,155.37873623290332,下降
T015,5380.0,109.2308517,23.0085095,145.37873623290326,下降
T015,5385.0,109.2308517,23.0085095,135.37873623290324,下降
T016,4160.0,109.2308517,23.0085095,136.42561921427858,爬升
T016,4165.0,109.2308517,23.0085095,148.92561921427856,爬升
T016,4170.0,109.2308517,23.0085095,161.42561921427853,爬升
T016,4175.0,109.2308517,23.0085095,173.9256192142785,爬升
T016,4180.0,109.2308517,23.0085095,186.42561921427847,爬升
T016,4185.0,109.2308517,23.0085095,198.92561921427844,爬升
T016,4190.0,109.2308517,23.0085095,211.4256192142784,爬升
T016,4195.0,109.2308517,23.0085095,223.92561921427838,爬升
T016,4200.0,109.2308517,23.0085095,236.42561921427836,爬升
T016,4205.0,109.2308517,23.0085095,248.92561921427833,爬升
T016,4210.0,109.2308517,23.0085095,261.4256192142783,爬升
T016,4215.0,109.2308517,23.0085095,273.92561921427824,爬升
T016,4220.0,109.2308517,23.0085095,286.42561921427824,爬升
T016,4225.0,109.2308517,23.0085095,298.9256192142782,爬升
T016,4230.0,109.2308517,23.0085095,311.4256192142782,爬升
T016,4235.0,109.2308517,23.0085095,323.92561921427813,爬升
T016,4240.0,109.2308517,23.0085095,336.42561921427813,爬升
T016,4245.0,109.2308517,23.0085095,348.9256192142781,爬升
T016,4250.0,109.2308517,23.0085095,361.4256192142781,爬升
T016,4255.0,109.2308517,23.0085095,373.925619214278,爬升
T016,4260.0,109.2308517,23.0085095,386.42561921427796,爬升
T016,4265.0,109.23085559221431,23.00854636689521,398.2391662597656,巡航
T016,4270.0,109.23092646768869,23.009217696499267,398.2391662597656,巡航
T016,4275.0,109.23099734316308,23.009889026103323,398.2391662597656,巡航
T016,4280.0,109.23106821863747,23.010560355707376,398.2391662597656,巡航
T016,4285.0,109.23113909411187,23.011231685311433,398.2391662597656,巡航
T016,4290.0,109.23120996958625,23.01190301491549,398.2391662597656,巡航
T016,4295.0,109.23128084506064,23.012574344519543,398.2391662597656,巡航
T016,4300.0,109.23135172053503,23.0132456741236,398.2391662597656,巡航
T016,4305.0,109.23142259600942,23.013917003727656,398.2391662597656,巡航
T016,4310.0,109.2314934714838,23.01458833333171,398.2391662597656,巡航
T016,4315.0,109.2315643469582,23.015259662935765,398.2391662597656,巡航
T016,4320.0,109.23163522243259,23.015930992539822,398.2391662597656,巡航
T016,4325.0,109.23170609790698,23.016602322143875,398.2391662597656,巡航
T016,4330.0,109.23177697338137,23.01727365174793,398.2391662597656,巡航
T016,4335.0,109.23184784885575,23.017944981351988,398.2391662597656,巡航
T016,4340.0,109.23191872433014,23.01861631095604,398.2391662597656,巡航
T016,4345.0,109.23198959980454,23.019287640560098,398.2391662597656,巡航
T016,4350.0,109.23206047527893,23.019958970164154,398.2391662597656,巡航
T016,4355.0,109.2321313507533,23.020630299768207,398.2391662597656,巡航
T016,4360.0,109.2322022262277,23.021301629372264,398.2391662597656,巡航
T016,4365.0,109.23227310170209,23.02197295897632,398.2391662597656,巡航
T016,4370.0,109.23234397717648,23.022644288580373,398.2391662597656,巡航
T016,4375.0,109.23241485265086,23.02331561818443,398.2391662597656,巡航
T016,4380.0,109.23248572812525,23.023986947788487,398.2391662597656,巡航
T016,4385.0,109.23255660359965,23.02465827739254,398.2391662597656,巡航
T016,4390.0,109.23262747907404,23.025329606996596,398.2391662597656,巡航
T016,4395.0,109.23269835454842,23.026000936600653,398.2391662597656,巡航
T016,4400.0,109.23276923002281,23.026672266204706,398.2391662597656,巡航
T016,4405.0,109.2328401054972,23.027343595808762,398.2391662597656,巡航
T016,4410.0,109.2329109809716,23.02801492541282,398.2391662597656,巡航
T016,4415.0,109.23298185644597,23.028686255016872,398.2391662597656,巡航
T016,4420.0,109.23305273192037,23.02935758462093,398.2391662597656,巡航
T016,4425.0,109.23312360739476,23.030028914224985,398.2391662597656,巡航
T016,4430.0,109.23319448286915,23.03070024382904,398.2391662597656,巡航
T016,4435.0,109.23326535834354,23.031371573433095,398.2391662597656,巡航
T016,4440.0,109.23333623381792,23.03204290303715,398.2391662597656,巡航
T016,4445.0,109.23340710929232,23.032714232641204,398.2391662597656,巡航
T016,4450.0,109.23347798476671,23.03338556224526,398.2391662597656,巡航
T016,4455.0,109.2335488602411,23.034056891849318,398.2391662597656,巡航
T016,4460.0,109.23361973571548,23.03472822145337,398.2391662597656,巡航
T016,4465.0,109.23369061118987,23.035399551057427,398.2391662597656,巡航
T016,4470.0,109.23376148666426,23.036070880661484,398.2391662597656,巡航
T016,4475.0,109.23383236213866,23.036742210265537,398.2391662597656,巡航
T016,4480.0,109.23390323761303,23.037413539869593,398.2391662597656,巡航
T016,4485.0,109.23397411308743,23.03808486947365,398.2391662597656,巡航
T016,4490.0,109.23404498856182,23.038756199077703,398.2391662597656,巡航
T016,4495.0,109.23411586403621,23.03942752868176,398.2391662597656,巡航
T016,4500.0,109.23418673951059,23.040098858285816,398.2391662597656,巡航
T016,4505.0,109.23425761498498,23.04077018788987,398.2391662597656,巡航
T016,4510.0,109.23432849045938,23.041441517493926,398.2391662597656,巡航
T016,4515.0,109.23439936593377,23.042112847097982,398.2391662597656,巡航
T016,4520.0,109.23447024140815,23.04278417670204,398.2391662597656,巡航
T016,4525.0,109.23454111688254,23.043455506306092,398.2391662597656,巡航
T016,4530.0,109.23461199235693,23.04412683591015,398.2391662597656,巡航
T016,4535.0,109.23468286783132,23.044798165514205,398.2391662597656,巡航
T016,4540.0,109.23475374330572,23.045469495118258,398.2391662597656,巡航
T016,4545.0,109.2348246187801,23.046140824722315,398.2391662597656,巡航
T016,4550.0,109.23489549425449,23.04681215432637,398.2391662597656,巡航
T016,4555.0,109.23496636972888,23.047483483930424,398.2391662597656,巡航
T016,4560.0,109.23503724520327,23.04815481353448,398.2391662597656,巡航
T016,4565.0,109.23510812067765,23.048826143138538,398.2391662597656,巡航
T016,4570.0,109.23517899615204,23.04949747274259,398.2391662597656,巡航
T016,4575.0,109.23524987162644,23.050168802346647,398.2391662597656,巡航
T016,4580.0,109.23532074710083,23.050840131950704,398.2391662597656,巡航
T016,4585.0,109.23539162257521,23.051511461554757,398.2391662597656,巡航
T016,4590.0,109.2354624980496,23.052182791158813,398.2391662597656,巡航
T016,4595.0,109.23553337352399,23.05285412076287,398.2391662597656,巡航
T016,4600.0,109.23560424899838,23.053525450366923,398.2391662597656,巡航
T016,4605.0,109.23567512447276,23.05419677997098,398.2391662597656,巡航
T016,4610.0,109.23574599994716,23.054868109575036,398.2391662597656,巡航
T016,4615.0,109.23581687542155,23.05553943917909,398.2391662597656,巡航
T016,4620.0,109.23588775089594,23.056210768783146,398.2391662597656,巡航
T016,4625.0,109.23595862637032,23.056882098387202,398.2391662597656,巡航
T016,4630.0,109.23602950184471,23.057553427991255,398.2391662597656,巡航
T016,4635.0,109.2361003773191,23.058224757595312,398.2391662597656,巡航
T016,4640.0,109.2361712527935,23.05889608719937,398.2391662597656,巡航
T016,4645.0,109.23624212826788,23.05956741680342,398.2391662597656,巡航
T016,4650.0,109.23631300374227,23.060238746407478,398.2391662597656,巡航
T016,4655.0,109.23638387921666,23.060910076011535,398.2391662597656,巡航
T016,4660.0,109.23645475469105,23.061581405615588,398.2391662597656,巡航
T016,4665.0,109.23652563016545,23.062252735219644,398.2391662597656,巡航
T016,4670.0,109.23659650563982,23.0629240648237,398.2391662597656,巡航
T016,4675.0,109.23666738111422,23.063595394427754,398.2391662597656,巡航
T016,4680.0,109.23673825658861,23.06426672403181,398.2391662597656,巡航
T016,4685.0,109.236809132063,23.064938053635867,398.2391662597656,巡航
T016,4690.0,109.23688000753738,23.06560938323992,398.2391662597656,巡航
T016,4695.0,109.23695088301177,23.066280712843977,398.2391662597656,巡航
T016,4700.0,109.23702175848616,23.066952042448033,398.2391662597656,巡航
T016,4705.0,109.23709263396056,23.067623372052086,398.2391662597656,巡航
T016,4710.0,109.23716350943494,23.068294701656143,398.2391662597656,巡航
T016,4715.0,109.23723438490933,23.0689660312602,398.2391662597656,巡航
T016,4720.0,109.23730526038372,23.069637360864252,398.2391662597656,巡航
T016,4725.0,109.23737613585811,23.07030869046831,398.2391662597656,巡航
T016,4730.0,109.23744701133249,23.070980020072366,398.2391662597656,巡航
T016,4735.0,109.23751788680688,23.07165134967642,398.2391662597656,巡航
T016,4740.0,109.23758876228128,23.072322679280475,398.2391662597656,巡航
T016,4745.0,109.23765963775567,23.072994008884532,398.2391662597656,巡航
T016,4750.0,109.23773051323005,23.073665338488585,398.2391662597656,巡航
T016,4755.0,109.23780138870444,23.07433666809264,398.2391662597656,巡航
T016,4760.0,109.23787226417883,23.075007997696698,398.2391662597656,巡航
T016,4765.0,109.23794313965323,23.07567932730075,398.2391662597656,巡航
T016,4770.0,109.23801401512762,23.076350656904808,398.2391662597656,巡航
T016,4775.0,109.238084890602,23.077021986508864,398.2391662597656,巡航
T016,4780.0,109.23815576607639,23.077693316112917,398.2391662597656,巡航
T016,4785.0,109.2381714,23.0778414,390.44499609636847,下降
T016,4790.0,109.2381714,23.0778414,380.44499609636847,下降
T016,4795.0,109.2381714,23.0778414,370.4449960963685,下降
T016,4800.0,109.2381714,23.0778414,360.4449960963686,下降
T016,4805.0,109.2381714,23.0778414,350.44499609636864,下降
T016,4810.0,109.2381714,23.0778414,340.44499609636864,下降
T016,4815.0,109.2381714,23.0778414,330.4449960963687,下降
T016,4820.0,109.2381714,23.0778414,320.44499609636875,下降
T016,4825.0,109.2381714,23.0778414,310.4449960963688,下降
T016,4830.0,109.2381714,23.0778414,300.44499609636887,下降
T016,4835.0,109.2381714,23.0778414,290.44499609636887,下降
T016,4840.0,109.2381714,23.0778414,280.4449960963689,下降
T016,4845.0,109.2381714,23.0778414,270.444996096369,下降
T016,4850.0,109.2381714,23.0778414,260.444996096369,下降
T016,4855.0,109.2381714,23.0778414,250.44499609636904,下降
T016,4860.0,109.2381714,23.0778414,240.4449960963691,下降
T016,4865.0,109.2381714,23.0778414,230.44499609636915,下降
T016,4870.0,109.2381714,23.0778414,228.3,投送
T016,4875.0,109.2381714,23.0778414,228.3,投送
T016,4880.0,109.2381714,23.0778414,228.3,投送
T016,4885.0,109.2381714,23.0778414,228.3,投送
T016,4890.0,109.2381714,23.0778414,228.3,投送
T016,4895.0,109.2381714,23.0778414,228.3,投送
T016,4900.0,109.2381714,23.0778414,228.3,投送
T016,4905.0,109.2381714,23.0778414,228.3,投送
T016,4910.0,109.2381714,23.0778414,228.3,投送
T016,4915.0,109.2381714,23.0778414,228.3,投送
T016,4920.0,109.2381714,23.0778414,228.3,投送
T016,4925.0,109.2381714,23.0778414,228.3,投送
T016,4930.0,109.2381714,23.0778414,228.3,投送
T016,4935.0,109.2381714,23.0778414,228.3,投送
T016,4940.0,109.2381714,23.0778414,228.3,投送
T016,4945.0,109.2381714,23.0778414,228.3,投送
T016,4950.0,109.2381714,23.0778414,228.3,投送
T016,4955.0,109.2381714,23.0778414,228.3,投送
T016,4960.0,109.2381714,23.0778414,228.3,投送
T016,4965.0,109.2381714,23.0778414,228.3,投送
T016,4970.0,109.2381714,23.0778414,228.3,投送
T016,4975.0,109.2381714,23.0778414,228.3,投送
T016,4980.0,109.2381714,23.0778414,228.3,投送
T016,4985.0,109.2381714,23.0778414,228.3,投送
T016,4990.0,109.2381714,23.0778414,228.3,投送
T016,4995.0,109.2381714,23.0778414,228.3,投送
T016,5000.0,109.2381714,23.0778414,228.3,投送
T016,5005.0,109.2381714,23.0778414,228.3,投送
T016,5010.0,109.2381714,23.0778414,228.3,投送
T016,5015.0,109.2381714,23.0778414,228.3,投送
T016,5020.0,109.2381714,23.0778414,228.3,投送
T016,5025.0,109.2381714,23.0778414,228.3,投送
T016,5030.0,109.2381714,23.0778414,228.3,投送
T016,5035.0,109.2381714,23.0778414,228.3,投送
T016,5040.0,109.2381714,23.0778414,228.3,投送
T016,5045.0,109.2381714,23.0778414,228.3,投送
T016,5050.0,109.2381714,23.0778414,228.3,投送
T016,5055.0,109.2381714,23.0778414,228.3,投送
T016,5060.0,109.2381714,23.0778414,228.3,投送
T016,5065.0,109.2381714,23.0778414,228.3,投送
T016,5070.0,109.2381714,23.0778414,228.3,投送
T016,5075.0,109.2381714,23.0778414,228.3,投送
T016,5080.0,109.2381714,23.0778414,228.3,投送
T016,5085.0,109.2381714,23.0778414,228.3,投送
T016,5090.0,109.2381714,23.0778414,228.3,投送
T016,5095.0,109.2381714,23.0778414,228.3,投送
T016,5100.0,109.2381714,23.0778414,228.3,投送
T016,5105.0,109.2381714,23.0778414,228.3,投送
T016,5110.0,109.2381714,23.0778414,228.3,投送
T016,5115.0,109.2381714,23.0778414,228.3,投送
T016,5120.0,109.2381714,23.0778414,228.3,投送
T016,5125.0,109.2381714,23.0778414,228.3,投送
T016,5130.0,109.2381714,23.0778414,228.3,投送
T016,5135.0,109.2381714,23.0778414,228.3,投送
T016,5140.0,109.2381714,23.0778414,228.3,投送
T016,5145.0,109.2381714,23.0778414,228.3,投送
T016,5150.0,109.2381714,23.0778414,228.3,投送
T016,5155.0,109.2381714,23.0778414,228.3,投送
T016,5160.0,109.2381714,23.0778414,228.3,投送
T016,5165.0,109.2381714,23.0778414,228.3,投送
T016,5170.0,109.2381714,23.0778414,228.3,投送
T016,5175.0,109.2381714,23.0778414,228.3,投送
T016,5180.0,109.2381714,23.0778414,228.3,投送
T016,5185.0,109.2381714,23.0778414,228.3,投送
T016,5190.0,109.2381714,23.0778414,228.3,投送
T016,5195.0,109.2381714,23.0778414,228.3,投送
T016,5200.0,109.2381714,23.0778414,228.3,投送
T016,5205.0,109.2381714,23.0778414,228.3,投送
T016,5210.0,109.2381714,23.0778414,228.3,投送
T016,5215.0,109.2381714,23.0778414,228.3,投送
T016,5220.0,109.2381714,23.0778414,228.3,投送
T016,5225.0,109.2381714,23.0778414,228.3,投送
T016,5230.0,109.2381714,23.0778414,228.3,投送
T016,5235.0,109.2381714,23.0778414,228.3,投送
T016,5240.0,109.2381714,23.0778414,228.3,投送
T016,5245.0,109.2381714,23.0778414,228.3,投送
T016,5250.0,109.2381714,23.0778414,228.3,投送
T016,5255.0,109.2381714,23.0778414,228.3,投送
T016,5260.0,109.2381714,23.0778414,228.3,投送
T016,5265.0,109.2381714,23.0778414,235.61875487953864,爬升
T016,5270.0,109.2381714,23.0778414,248.1187548795387,爬升
T016,5275.0,109.2381714,23.0778414,260.6187548795388,爬升
T016,5280.0,109.2381714,23.0778414,273.11875487953887,爬升
T016,5285.0,109.2381714,23.0778414,285.618754879539,爬升
T016,5290.0,109.2381714,23.0778414,298.11875487953904,爬升
T016,5295.0,109.2381714,23.0778414,310.6187548795391,爬升
T016,5300.0,109.2381714,23.0778414,323.1187548795392,爬升
T016,5305.0,109.2381714,23.0778414,335.61875487953927,爬升
T016,5310.0,109.2381714,23.0778414,348.1187548795393,爬升
T016,5315.0,109.2381714,23.0778414,360.61875487953944,爬升
T016,5320.0,109.2381714,23.0778414,373.1187548795395,爬升
T016,5325.0,109.2381714,23.0778414,385.61875487953955,爬升
T016,5330.0,109.2381714,23.0778414,398.11875487953967,爬升
T016,5335.0,109.2381012072627,23.077176537253884,398.2391662597656,巡航
T016,5340.0,109.23803033178831,23.076505207649827,398.2391662597656,巡航
T016,5345.0,109.23795945631393,23.07583387804577,398.2391662597656,巡航
T016,5350.0,109.23788858083954,23.075162548441714,398.2391662597656,巡航
T016,5355.0,109.23781770536515,23.07449121883766,398.2391662597656,巡航
T016,5360.0,109.23774682989075,23.073819889233604,398.2391662597656,巡航
T016,5365.0,109.23767595441637,23.073148559629548,398.2391662597656,巡航
T016,5370.0,109.23760507894198,23.072477230025495,398.2391662597656,巡航
T016,5375.0,109.23753420346759,23.071805900421438,398.2391662597656,巡航
T016,5380.0,109.2374633279932,23.07113457081738,398.2391662597656,巡航
T016,5385.0,109.23739245251882,23.07046324121333,398.2391662597656,巡航
T016,5390.0,109.23732157704443,23.069791911609272,398.2391662597656,巡航
T016,5395.0,109.23725070157003,23.069120582005215,398.2391662597656,巡航
T016,5400.0,109.23717982609564,23.068449252401162,398.2391662597656,巡航
T016,5405.0,109.23710895062126,23.067777922797106,398.2391662597656,巡航
T016,5410.0,109.23703807514687,23.06710659319305,398.2391662597656,巡航
T016,5415.0,109.23696719967248,23.066435263588996,398.2391662597656,巡航
T016,5420.0,109.23689632419809,23.06576393398494,398.2391662597656,巡航
T016,5425.0,109.2368254487237,23.065092604380883,398.2391662597656,巡航
T016,5430.0,109.23675457324931,23.06442127477683,398.2391662597656,巡航
T016,5435.0,109.23668369777492,23.063749945172773,398.2391662597656,巡航
T016,5440.0,109.23661282230053,23.063078615568717,398.2391662597656,巡航
T016,5445.0,109.23654194682615,23.062407285964664,398.2391662597656,巡航
T016,5450.0,109.23647107135176,23.061735956360607,398.2391662597656,巡航
T016,5455.0,109.23640019587737,23.06106462675655,398.2391662597656,巡航
T016,5460.0,109.23632932040297,23.060393297152498,398.2391662597656,巡航
T016,5465.0,109.23625844492858,23.05972196754844,398.2391662597656,巡航
T016,5470.0,109.2361875694542,23.059050637944384,398.2391662597656,巡航
T016,5475.0,109.23611669397981,23.05837930834033,398.2391662597656,巡航
T016,5480.0,109.23604581850542,23.057707978736275,398.2391662597656,巡航
T016,5485.0,109.23597494303102,23.05703664913222,398.2391662597656,巡航
T016,5490.0,109.23590406755665,23.056365319528165,398.2391662597656,巡航
T016,5495.0,109.23583319208225,23.05569398992411,398.2391662597656,巡航
T016,5500.0,109.23576231660786,23.055022660320052,398.2391662597656,巡航
T016,5505.0,109.23569144113347,23.054351330716,398.2391662597656,巡航
T016,5510.0,109.23562056565909,23.053680001111942,398.2391662597656,巡航
T016,5515.0,109.2355496901847,23.053008671507886,398.2391662597656,巡航
T016,5520.0,109.2354788147103,23.052337341903833,398.2391662597656,巡航
T016,5525.0,109.23540793923591,23.051666012299776,398.2391662597656,巡航
T016,5530.0,109.23533706376153,23.05099468269572,398.2391662597656,巡航
T016,5535.0,109.23526618828714,23.050323353091667,398.2391662597656,巡航
T016,5540.0,109.23519531281275,23.04965202348761,398.2391662597656,巡航
T016,5545.0,109.23512443733836,23.048980693883554,398.2391662597656,巡航
T016,5550.0,109.23505356186398,23.0483093642795,398.2391662597656,巡航
T016,5555.0,109.23498268638959,23.047638034675444,398.2391662597656,巡航
T016,5560.0,109.2349118109152,23.046966705071387,398.2391662597656,巡航
T016,5565.0,109.2348409354408,23.046295375467334,398.2391662597656,巡航
T016,5570.0,109.23477005996641,23.045624045863278,398.2391662597656,巡航
T016,5575.0,109.23469918449203,23.04495271625922,398.2391662597656,巡航
T016,5580.0,109.23462830901764,23.044281386655168,398.2391662597656,巡航
T016,5585.0,109.23455743354324,23.04361005705111,398.2391662597656,巡航
T016,5590.0,109.23448655806885,23.042938727447055,398.2391662597656,巡航
T016,5595.0,109.23441568259447,23.042267397843002,398.2391662597656,巡航
T016,5600.0,109.23434480712008,23.041596068238945,398.2391662597656,巡航
T016,5605.0,109.23427393164569,23.04092473863489,398.2391662597656,巡航
T016,5610.0,109.2342030561713,23.040253409030836,398.2391662597656,巡航
T016,5615.0,109.23413218069692,23.03958207942678,398.2391662597656,巡航
T016,5620.0,109.23406130522253,23.038910749822723,398.2391662597656,巡航
T016,5625.0,109.23399042974813,23.03823942021867,398.2391662597656,巡航
T016,5630.0,109.23391955427374,23.037568090614613,398.2391662597656,巡航
T016,5635.0,109.23384867879936,23.036896761010556,398.2391662597656,巡航
T016,5640.0,109.23377780332497,23.036225431406503,398.2391662597656,巡航
T016,5645.0,109.23370692785058,23.035554101802447,398.2391662597656,巡航
T016,5650.0,109.23363605237618,23.03488277219839,398.2391662597656,巡航
T016,5655.0,109.2335651769018,23.034211442594337,398.2391662597656,巡航
T016,5660.0,109.23349430142741,23.03354011299028,398.2391662597656,巡航
T016,5665.0,109.23342342595302,23.032868783386224,398.2391662597656,巡航
T016,5670.0,109.23335255047863,23.03219745378217,398.2391662597656,巡航
T016,5675.0,109.23328167500424,23.031526124178114,398.2391662597656,巡航
T016,5680.0,109.23321079952986,23.030854794574058,398.2391662597656,巡航
T016,5685.0,109.23313992405546,23.030183464970005,398.2391662597656,巡航
T016,5690.0,109.23306904858107,23.029512135365948,398.2391662597656,巡航
T016,5695.0,109.23299817310668,23.02884080576189,398.2391662597656,巡航
T016,5700.0,109.2329272976323,23.02816947615784,398.2391662597656,巡航
T016,5705.0,109.23285642215791,23.027498146553782,398.2391662597656,巡航
T016,5710.0,109.23278554668352,23.026826816949725,398.2391662597656,巡航
T016,5715.0,109.23271467120912,23.026155487345672,398.2391662597656,巡航
T016,5720.0,109.23264379573475,23.025484157741616,398.2391662597656,巡航
T016,5725.0,109.23257292026035,23.02481282813756,398.2391662597656,巡航
T016,5730.0,109.23250204478596,23.024141498533506,398.2391662597656,巡航
T016,5735.0,109.23243116931157,23.02347016892945,398.2391662597656,巡航
T016,5740.0,109.23236029383719,23.022798839325393,398.2391662597656,巡航
T016,5745.0,109.2322894183628,23.02212750972134,398.2391662597656,巡航
T016,5750.0,109.2322185428884,23.021456180117283,398.2391662597656,巡航
T016,5755.0,109.23214766741401,23.020784850513227,398.2391662597656,巡航
T016,5760.0,109.23207679193963,23.020113520909174,398.2391662597656,巡航
T016,5765.0,109.23200591646524,23.019442191305117,398.2391662597656,巡航
T016,5770.0,109.23193504099085,23.01877086170106,398.2391662597656,巡航
T016,5775.0,109.23186416551646,23.018099532097008,398.2391662597656,巡航
T016,5780.0,109.23179329004206,23.01742820249295,398.2391662597656,巡航
T016,5785.0,109.23172241456768,23.016756872888894,398.2391662597656,巡航
T016,5790.0,109.23165153909329,23.016085543284838,398.2391662597656,巡航
T016,5795.0,109.2315806636189,23.015414213680785,398.2391662597656,巡航
T016,5800.0,109.2315097881445,23.01474288407673,398.2391662597656,巡航
T016,5805.0,109.23143891267013,23.01407155447267,398.2391662597656,巡航
T016,5810.0,109.23136803719574,23.01340022486862,398.2391662597656,巡航
T016,5815.0,109.23129716172134,23.012728895264562,398.2391662597656,巡航
T016,5820.0,109.23122628624695,23.012057565660506,398.2391662597656,巡航
T016,5825.0,109.23115541077257,23.011386236056453,398.2391662597656,巡航
T016,5830.0,109.23108453529818,23.010714906452396,398.2391662597656,巡航
T016,5835.0,109.23101365982379,23.01004357684834,398.2391662597656,巡航
T016,5840.0,109.2309427843494,23.009372247244286,398.2391662597656,巡航
T016,5845.0,109.23087190887502,23.00870091764023,398.2391662597656,巡航
T016,5850.0,109.2308517,23.0085095,391.09048756415905,下降
T016,5855.0,109.2308517,23.0085095,381.090487564159,下降
T016,5860.0,109.2308517,23.0085095,371.090487564159,下降
T016,5865.0,109.2308517,23.0085095,361.09048756415893,下降
T016,5870.0,109.2308517,23.0085095,351.09048756415893,下降
T016,5875.0,109.2308517,23.0085095,341.0904875641589,下降
T016,5880.0,109.2308517,23.0085095,331.0904875641589,下降
T016,5885.0,109.2308517,23.0085095,321.0904875641588,下降
T016,5890.0,109.2308517,23.0085095,311.0904875641588,下降
T016,5895.0,109.2308517,23.0085095,301.09048756415876,下降
T016,5900.0,109.2308517,23.0085095,291.09048756415876,下降
T016,5905.0,109.2308517,23.0085095,281.0904875641587,下降
T016,5910.0,109.2308517,23.0085095,271.0904875641587,下降
T016,5915.0,109.2308517,23.0085095,261.0904875641587,下降
T016,5920.0,109.2308517,23.0085095,251.09048756415865,下降
T016,5925.0,109.2308517,23.0085095,241.0904875641586,下降
T016,5930.0,109.2308517,23.0085095,231.0904875641586,下降
T016,5935.0,109.2308517,23.0085095,221.09048756415856,下降
T016,5940.0,109.2308517,23.0085095,211.09048756415854,下降
T016,5945.0,109.2308517,23.0085095,201.0904875641585,下降
T016,5950.0,109.2308517,23.0085095,191.09048756415848,下降
T016,5955.0,109.2308517,23.0085095,181.09048756415845,下降
T016,5960.0,109.2308517,23.0085095,171.09048756415842,下降
T016,5965.0,109.2308517,23.0085095,161.0904875641584,下降
T016,5970.0,109.2308517,23.0085095,151.09048756415837,下降
T016,5975.0,109.2308517,23.0085095,141.09048756415837,下降
T016,5980.0,109.2308517,23.0085095,131.0904875641583,下降
T017,3790.0,109.2308517,23.0085095,130.3636225022894,爬升
T017,3795.0,109.2308517,23.0085095,145.3636225022894,爬升
T017,3800.0,109.2308517,23.0085095,160.36362250228936,爬升
T017,3805.0,109.2308517,23.0085095,175.36362250228933,爬升
T017,3810.0,109.2308517,23.0085095,190.3636225022893,爬升
T017,3815.0,109.2308517,23.0085095,205.36362250228927,爬升
T017,3820.0,109.2308517,23.0085095,220.36362250228927,爬升
T017,3825.0,109.2308517,23.0085095,235.36362250228925,爬升
T017,3830.0,109.2308517,23.0085095,250.36362250228922,爬升
T017,3835.0,109.2308517,23.0085095,265.3636225022892,爬升
T017,3840.0,109.2308517,23.0085095,280.3636225022892,爬升
T017,3845.0,109.2308517,23.0085095,295.36362250228916,爬升
T017,3850.0,109.2308517,23.0085095,310.36362250228916,爬升
T017,3855.0,109.2308517,23.0085095,325.3636225022891,爬升
T017,3860.0,109.2308517,23.0085095,340.3636225022891,爬升
T017,3865.0,109.2308517,23.0085095,355.3636225022891,爬升
T017,3870.0,109.2308517,23.0085095,370.36362250228905,爬升
T017,3875.0,109.2308517,23.0085095,385.36362250228905,爬升
T017,3880.0,109.2308517,23.0085095,400.363622502289,爬升
T017,3885.0,109.2308517,23.0085095,415.363622502289,爬升
T017,3890.0,109.2308517,23.0085095,430.363622502289,爬升
T017,3895.0,109.2308517,23.0085095,445.36362250228893,爬升
T017,3900.0,109.2308517,23.0085095,460.36362250228893,爬升
T017,3905.0,109.2308517,23.0085095,475.3636225022889,爬升
T017,3910.0,109.2308517,23.0085095,490.3636225022889,爬升
T017,3915.0,109.2308517,23.0085095,505.3636225022889,爬升
T017,3920.0,109.2308517,23.0085095,520.3636225022889,爬升
T017,3925.0,109.2308517,23.0085095,535.3636225022889,爬升
T017,3930.0,109.2308517,23.0085095,550.3636225022889,爬升
T017,3935.0,109.2308517,23.0085095,565.3636225022888,爬升
T017,3940.0,109.23057799048404,23.00880079751031,571.7992553710938,巡航
T017,3945.0,109.2300986038958,23.009310988466364,571.7992553710938,巡航
T017,3950.0,109.22961921730757,23.009821179422417,571.7992553710938,巡航
T017,3955.0,109.22913983071933,23.01033137037847,571.7992553710938,巡航
T017,3960.0,109.2286604441311,23.010841561334523,571.7992553710938,巡航
T017,3965.0,109.22818105754286,23.011351752290576,571.7992553710938,巡航
T017,3970.0,109.22770167095462,23.011861943246632,571.7992553710938,巡航
T017,3975.0,109.22722228436638,23.012372134202685,571.7992553710938,巡航
T017,3980.0,109.22674289777814,23.01288232515874,571.7992553710938,巡航
T017,3985.0,109.2262635111899,23.01339251611479,571.7992553710938,巡航
T017,3990.0,109.22578412460167,23.013902707070844,571.7992553710938,巡航
T017,3995.0,109.22530473801343,23.014412898026897,571.7992553710938,巡航
T017,4000.0,109.2248253514252,23.014923088982954,571.7992553710938,巡航
T017,4005.0,109.22434596483696,23.015433279939007,571.7992553710938,巡航
T017,4010.0,109.22386657824872,23.01594347089506,571.7992553710938,巡航
T017,4015.0,109.22338719166048,23.016453661851113,571.7992553710938,巡航
T017,4020.0,109.22290780507224,23.016963852807166,571.7992553710938,巡航
T017,4025.0,109.22242841848401,23.01747404376322,571.7992553710938,巡航
T017,4030.0,109.22194903189578,23.017984234719275,571.7992553710938,巡航
T017,4035.0,109.22146964530754,23.01849442567533,571.7992553710938,巡航
T017,4040.0,109.2209902587193,23.01900461663138,571.7992553710938,巡航
T017,4045.0,109.22051087213106,23.019514807587434,571.7992553710938,巡航
T017,4050.0,109.22003148554282,23.020024998543487,571.7992553710938,巡航
T017,4055.0,109.21955209895458,23.02053518949954,571.7992553710938,巡航
T017,4060.0,109.21907271236635,23.021045380455597,571.7992553710938,巡航
T017,4065.0,109.21859332577812,23.02155557141165,571.7992553710938,巡航
T017,4070.0,109.21811393918988,23.022065762367703,571.7992553710938,巡航
T017,4075.0,109.21763455260164,23.022575953323756,571.7992553710938,巡航
T017,4080.0,109.2171551660134,23.02308614427981,571.7992553710938,巡航
T017,4085.0,109.21667577942516,23.02359633523586,571.7992553710938,巡航
T017,4090.0,109.21619639283692,23.024106526191918,571.7992553710938,巡航
T017,4095.0,109.21571700624868,23.02461671714797,571.7992553710938,巡航
T017,4100.0,109.21523761966046,23.025126908104024,571.7992553710938,巡航
T017,4105.0,109.21475823307222,23.025637099060077,571.7992553710938,巡航
T017,4110.0,109.21427884648398,23.02614729001613,571.7992553710938,巡航
T017,4115.0,109.21379945989574,23.026657480972183,571.7992553710938,巡航
T017,4120.0,109.2133200733075,23.02716767192824,571.7992553710938,巡航
T017,4125.0,109.21284068671926,23.027677862884293,571.7992553710938,巡航
T017,4130.0,109.21236130013102,23.028188053840346,571.7992553710938,巡航
T017,4135.0,109.2118819135428,23.0286982447964,571.7992553710938,巡航
T017,4140.0,109.21140252695456,23.02920843575245,571.7992553710938,巡航
T017,4145.0,109.21092314036632,23.029718626708505,571.7992553710938,巡航
T017,4150.0,109.21044375377808,23.03022881766456,571.7992553710938,巡航
T017,4155.0,109.20996436718984,23.030739008620614,571.7992553710938,巡航
T017,4160.0,109.2094849806016,23.031249199576667,571.7992553710938,巡航
T017,4165.0,109.20900559401336,23.03175939053272,571.7992553710938,巡航
T017,4170.0,109.20852620742514,23.032269581488773,571.7992553710938,巡航
T017,4175.0,109.2080468208369,23.032779772444826,571.7992553710938,巡航
T017,4180.0,109.20756743424866,23.033289963400883,571.7992553710938,巡航
T017,4185.0,109.20708804766042,23.033800154356936,571.7992553710938,巡航
T017,4190.0,109.20660866107218,23.03431034531299,571.7992553710938,巡航
T017,4195.0,109.20612927448394,23.03482053626904,571.7992553710938,巡航
T017,4200.0,109.2056498878957,23.035330727225094,571.7992553710938,巡航
T017,4205.0,109.20517050130746,23.035840918181147,571.7992553710938,巡航
T017,4210.0,109.20469111471924,23.036351109137204,571.7992553710938,巡航
T017,4215.0,109.204211728131,23.036861300093257,571.7992553710938,巡航
T017,4220.0,109.20373234154276,23.03737149104931,571.7992553710938,巡航
T017,4225.0,109.20325295495452,23.037881682005363,571.7992553710938,巡航
T017,4230.0,109.20277356836628,23.038391872961416,571.7992553710938,巡航
T017,4235.0,109.20229418177804,23.03890206391747,571.7992553710938,巡航
T017,4240.0,109.2018147951898,23.039412254873525,571.7992553710938,巡航
T017,4245.0,109.20133540860158,23.03992244582958,571.7992553710938,巡航
T017,4250.0,109.20085602201334,23.04043263678563,571.7992553710938,巡航
T017,4255.0,109.2003766354251,23.040942827741684,571.7992553710938,巡航
T017,4260.0,109.19989724883686,23.041453018697737,571.7992553710938,巡航
T017,4265.0,109.19941786224862,23.04196320965379,571.7992553710938,巡航
T017,4270.0,109.19893847566038,23.042473400609847,571.7992553710938,巡航
T017,4275.0,109.19845908907214,23.0429835915659,571.7992553710938,巡航
T017,4280.0,109.19797970248392,23.043493782521953,571.7992553710938,巡航
T017,4285.0,109.19750031589568,23.044003973478006,571.7992553710938,巡航
T017,4290.0,109.19702092930744,23.04451416443406,571.7992553710938,巡航
T017,4295.0,109.1965415427192,23.04502435539011,571.7992553710938,巡航
T017,4300.0,109.19606215613096,23.04553454634617,571.7992553710938,巡航
T017,4305.0,109.19558276954272,23.04604473730222,571.7992553710938,巡航
T017,4310.0,109.19510338295449,23.046554928258274,571.7992553710938,巡航
T017,4315.0,109.19462399636625,23.047065119214327,571.7992553710938,巡航
T017,4320.0,109.19414460977802,23.04757531017038,571.7992553710938,巡航
T017,4325.0,109.19366522318978,23.048085501126433,571.7992553710938,巡航
T017,4330.0,109.19318583660154,23.04859569208249,571.7992553710938,巡航
T017,4335.0,109.1927064500133,23.049105883038543,571.7992553710938,巡航
T017,4340.0,109.1923786,23.0494548,567.8479408514372,下降
T017,4345.0,109.1923786,23.0494548,555.3479408514373,下降
T017,4350.0,109.1923786,23.0494548,542.8479408514374,下降
T017,4355.0,109.1923786,23.0494548,530.3479408514376,下降
T017,4360.0,109.1923786,23.0494548,517.8479408514377,下降
T017,4365.0,109.1923786,23.0494548,505.34794085143784,下降
T017,4370.0,109.1923786,23.0494548,492.84794085143795,下降
T017,4375.0,109.1923786,23.0494548,480.34794085143807,下降
T017,4380.0,109.1923786,23.0494548,474.5,投送
T017,4385.0,109.1923786,23.0494548,474.5,投送
T017,4390.0,109.1923786,23.0494548,474.5,投送
T017,4395.0,109.1923786,23.0494548,474.5,投送
T017,4400.0,109.1923786,23.0494548,474.5,投送
T017,4405.0,109.1923786,23.0494548,474.5,投送
T017,4410.0,109.1923786,23.0494548,474.5,投送
T017,4415.0,109.1923786,23.0494548,474.5,投送
T017,4420.0,109.1923786,23.0494548,474.5,投送
T017,4425.0,109.1923786,23.0494548,474.5,投送
T017,4430.0,109.1923786,23.0494548,474.5,投送
T017,4435.0,109.1923786,23.0494548,474.5,投送
T017,4440.0,109.1923786,23.0494548,474.5,投送
T017,4445.0,109.1923786,23.0494548,474.5,投送
T017,4450.0,109.1923786,23.0494548,474.5,投送
T017,4455.0,109.1923786,23.0494548,474.5,投送
T017,4460.0,109.1923786,23.0494548,474.5,投送
T017,4465.0,109.1923786,23.0494548,474.5,投送
T017,4470.0,109.1923786,23.0494548,474.5,投送
T017,4475.0,109.1923786,23.0494548,474.5,投送
T017,4480.0,109.1923786,23.0494548,474.5,投送
T017,4485.0,109.1923786,23.0494548,474.5,投送
T017,4490.0,109.1923786,23.0494548,474.5,投送
T017,4495.0,109.1923786,23.0494548,474.5,投送
T017,4500.0,109.1923786,23.0494548,474.5,投送
T017,4505.0,109.1923786,23.0494548,474.5,投送
T017,4510.0,109.1923786,23.0494548,474.5,投送
T017,4515.0,109.1923786,23.0494548,474.5,投送
T017,4520.0,109.1923786,23.0494548,474.5,投送
T017,4525.0,109.1923786,23.0494548,474.5,投送
T017,4530.0,109.1923786,23.0494548,474.5,投送
T017,4535.0,109.1923786,23.0494548,474.5,投送
T017,4540.0,109.1923786,23.0494548,474.5,投送
T017,4545.0,109.1923786,23.0494548,474.5,投送
T017,4550.0,109.1923786,23.0494548,474.5,投送
T017,4555.0,109.1923786,23.0494548,474.5,投送
T017,4560.0,109.1923786,23.0494548,474.5,投送
T017,4565.0,109.1923786,23.0494548,474.5,投送
T017,4570.0,109.1923786,23.0494548,474.5,投送
T017,4575.0,109.1923786,23.0494548,474.5,投送
T017,4580.0,109.1923786,23.0494548,474.5,投送
T017,4585.0,109.1923786,23.0494548,474.5,投送
T017,4590.0,109.1923786,23.0494548,474.5,投送
T017,4595.0,109.1923786,23.0494548,474.5,投送
T017,4600.0,109.1923786,23.0494548,474.5,投送
T017,4605.0,109.1923786,23.0494548,474.5,投送
T017,4610.0,109.1923786,23.0494548,474.5,投送
T017,4615.0,109.1923786,23.0494548,474.5,投送
T017,4620.0,109.1923786,23.0494548,482.4824709782742,爬升
T017,4625.0,109.1923786,23.0494548,497.482470978274,爬升
T017,4630.0,109.1923786,23.0494548,512.4824709782739,爬升
T017,4635.0,109.1923786,23.0494548,527.4824709782738,爬升
T017,4640.0,109.1923786,23.0494548,542.4824709782736,爬升
T017,4645.0,109.1923786,23.0494548,557.4824709782735,爬升
T017,4650.0,109.19240043495992,23.049431561971744,571.7992553710938,巡航
T017,4655.0,109.19287982154816,23.04892137101569,571.7992553710938,巡航
T017,4660.0,109.1933592081364,23.048411180059638,571.7992553710938,巡航
T017,4665.0,109.19383859472464,23.047900989103585,571.7992553710938,巡航
T017,4670.0,109.19431798131288,23.047390798147532,571.7992553710938,巡航
T017,4675.0,109.19479736790112,23.046880607191476,571.7992553710938,巡航
T017,4680.0,109.19527675448936,23.046370416235423,571.7992553710938,巡航
T017,4685.0,109.1957561410776,23.04586022527937,571.7992553710938,巡航
T017,4690.0,109.19623552766582,23.045350034323317,571.7992553710938,巡航
T017,4695.0,109.19671491425406,23.044839843367264,571.7992553710938,巡航
T017,4700.0,109.1971943008423,23.04432965241121,571.7992553710938,巡航
T017,4705.0,109.19767368743054,23.043819461455154,571.7992553710938,巡航
T017,4710.0,109.19815307401878,23.0433092704991,571.7992553710938,巡航
T017,4715.0,109.19863246060702,23.042799079543048,571.7992553710938,巡航
T017,4720.0,109.19911184719525,23.042288888586995,571.7992553710938,巡航
T017,4725.0,109.19959123378348,23.041778697630942,571.7992553710938,巡航
T017,4730.0,109.20007062037172,23.04126850667489,571.7992553710938,巡航
T017,4735.0,109.20055000695996,23.040758315718833,571.7992553710938,巡航
T017,4740.0,109.2010293935482,23.04024812476278,571.7992553710938,巡航
T017,4745.0,109.20150878013644,23.039737933806727,571.7992553710938,巡航
T017,4750.0,109.20198816672468,23.039227742850674,571.7992553710938,巡航
T017,4755.0,109.20246755331291,23.03871755189462,571.7992553710938,巡航
T017,4760.0,109.20294693990114,23.038207360938568,571.7992553710938,巡航
T017,4765.0,109.20342632648938,23.03769716998251,571.7992553710938,巡航
T017,4770.0,109.20390571307762,23.03718697902646,571.7992553710938,巡航
T017,4775.0,109.20438509966586,23.036676788070405,571.7992553710938,巡航
T017,4780.0,109.2048644862541,23.036166597114352,571.7992553710938,巡航
T017,4785.0,109.20534387284233,23.0356564061583,571.7992553710938,巡航
T017,4790.0,109.20582325943057,23.035146215202246,571.7992553710938,巡航
T017,4795.0,109.20630264601881,23.03463602424619,571.7992553710938,巡航
T017,4800.0,109.20678203260704,23.034125833290137,571.7992553710938,巡航
T017,4805.0,109.20726141919528,23.033615642334084,571.7992553710938,巡航
T017,4810.0,109.20774080578352,23.03310545137803,571.7992553710938,巡航
T017,4815.0,109.20822019237175,23.032595260421978,571.7992553710938,巡航
T017,4820.0,109.20869957896,23.032085069465925,571.7992553710938,巡航
T017,4825.0,109.20917896554823,23.03157487850987,571.7992553710938,巡航
T017,4830.0,109.20965835213647,23.031064687553815,571.7992553710938,巡航
T017,4835.0,109.2101377387247,23.030554496597762,571.7992553710938,巡航
T017,4840.0,109.21061712531294,23.03004430564171,571.7992553710938,巡航
T017,4845.0,109.21109651190118,23.029534114685656,571.7992553710938,巡航
T017,4850.0,109.21157589848941,23.029023923729603,571.7992553710938,巡航
T017,4855.0,109.21205528507765,23.028513732773547,571.7992553710938,巡航
T017,4860.0,109.21253467166589,23.028003541817494,571.7992553710938,巡航
T017,4865.0,109.21301405825413,23.02749335086144,571.7992553710938,巡航
T017,4870.0,109.21349344484236,23.026983159905388,571.7992553710938,巡航
T017,4875.0,109.2139728314306,23.026472968949335,571.7992553710938,巡航
T017,4880.0,109.21445221801883,23.025962777993282,571.7992553710938,巡航
T017,4885.0,109.21493160460707,23.025452587037226,571.7992553710938,巡航
T017,4890.0,109.21541099119531,23.024942396081173,571.7992553710938,巡航
T017,4895.0,109.21589037778355,23.02443220512512,571.7992553710938,巡航
T017,4900.0,109.21636976437179,23.023922014169067,571.7992553710938,巡航
T017,4905.0,109.21684915096003,23.023411823213014,571.7992553710938,巡航
T017,4910.0,109.21732853754825,23.02290163225696,571.7992553710938,巡航
T017,4915.0,109.2178079241365,23.022391441300904,571.7992553710938,巡航
T017,4920.0,109.21828731072473,23.02188125034485,571.7992553710938,巡航
T017,4925.0,109.21876669731297,23.021371059388798,571.7992553710938,巡航
T017,4930.0,109.21924608390121,23.020860868432745,571.7992553710938,巡航
T017,4935.0,109.21972547048945,23.020350677476692,571.7992553710938,巡航
T017,4940.0,109.22020485707769,23.01984048652064,571.7992553710938,巡航
T017,4945.0,109.22068424366591,23.019330295564583,571.7992553710938,巡航
T017,4950.0,109.22116363025415,23.01882010460853,571.7992553710938,巡航
T017,4955.0,109.22164301684239,23.018309913652477,571.7992553710938,巡航
T017,4960.0,109.22212240343063,23.017799722696424,571.7992553710938,巡航
T017,4965.0,109.22260179001887,23.01728953174037,571.7992553710938,巡航
T017,4970.0,109.22308117660711,23.016779340784318,571.7992553710938,巡航
T017,4975.0,109.22356056319535,23.01626914982826,571.7992553710938,巡航
T017,4980.0,109.22403994978357,23.01575895887221,571.7992553710938,巡航
T017,4985.0,109.22451933637181,23.015248767916155,571.7992553710938,巡航
T017,4990.0,109.22499872296005,23.014738576960102,571.7992553710938,巡航
T017,4995.0,109.22547810954829,23.01422838600405,571.7992553710938,巡航
T017,5000.0,109.22595749613653,23.013718195047993,571.7992553710938,巡航
T017,5005.0,109.22643688272477,23.01320800409194,571.7992553710938,巡航
T017,5010.0,109.22691626931301,23.012697813135887,571.7992553710938,巡航
T017,5015.0,109.22739565590125,23.012187622179834,571.7992553710938,巡航
T017,5020.0,109.22787504248947,23.01167743122378,571.7992553710938,巡航
T017,5025.0,109.22835442907771,23.011167240267728,571.7992553710938,巡航
T017,5030.0,109.22883381566595,23.01065704931167,571.7992553710938,巡航
T017,5035.0,109.22931320225419,23.01014685835562,571.7992553710938,巡航
T017,5040.0,109.22979258884243,23.009636667399565,571.7992553710938,巡航
T017,5045.0,109.23027197543067,23.009126476443512,571.7992553710938,巡航
T017,5050.0,109.2307513620189,23.00861628548746,571.7992553710938,巡航
T017,5055.0,109.2308517,23.0085095,561.9155671214512,下降
T017,5060.0,109.2308517,23.0085095,549.4155671214512,下降
T017,5065.0,109.2308517,23.0085095,536.9155671214512,下降
T017,5070.0,109.2308517,23.0085095,524.4155671214511,下降
T017,5075.0,109.2308517,23.0085095,511.9155671214511,下降
T017,5080.0,109.2308517,23.0085095,499.4155671214511,下降
T017,5085.0,109.2308517,23.0085095,486.9155671214511,下降
T017,5090.0,109.2308517,23.0085095,474.41556712145103,下降
T017,5095.0,109.2308517,23.0085095,461.91556712145103,下降
T017,5100.0,109.2308517,23.0085095,449.415567121451,下降
T017,5105.0,109.2308517,23.0085095,436.915567121451,下降
T017,5110.0,109.2308517,23.0085095,424.415567121451,下降
T017,5115.0,109.2308517,23.0085095,411.915567121451,下降
T017,5120.0,109.2308517,23.0085095,399.4155671214509,下降
T017,5125.0,109.2308517,23.0085095,386.91556712145086,下降
T017,5130.0,109.2308517,23.0085095,374.41556712145086,下降
T017,5135.0,109.2308517,23.0085095,361.91556712145086,下降
T017,5140.0,109.2308517,23.0085095,349.41556712145086,下降
T017,5145.0,109.2308517,23.0085095,336.91556712145086,下降
T017,5150.0,109.2308517,23.0085095,324.4155671214508,下降
T017,5155.0,109.2308517,23.0085095,311.9155671214508,下降
T017,5160.0,109.2308517,23.0085095,299.41556712145075,下降
T017,5165.0,109.2308517,23.0085095,286.91556712145075,下降
T017,5170.0,109.2308517,23.0085095,274.41556712145075,下降
T017,5175.0,109.2308517,23.0085095,261.9155671214507,下降
T017,5180.0,109.2308517,23.0085095,249.4155671214507,下降
T017,5185.0,109.2308517,23.0085095,236.91556712145064,下降
T017,5190.0,109.2308517,23.0085095,224.41556712145064,下降
T017,5195.0,109.2308517,23.0085095,211.91556712145064,下降
T017,5200.0,109.2308517,23.0085095,199.41556712145058,下降
T017,5205.0,109.2308517,23.0085095,186.91556712145058,下降
T017,5210.0,109.2308517,23.0085095,174.41556712145052,下降
T017,5215.0,109.2308517,23.0085095,161.91556712145052,下降
T017,5220.0,109.2308517,23.0085095,149.41556712145052,下降
T017,5225.0,109.2308517,23.0085095,136.91556712145047,下降
T018,2410.0,109.2308517,23.0085095,140.28540182703202,爬升
T018,2415.0,109.2308517,23.0085095,155.28540182703202,爬升
T018,2420.0,109.2308517,23.0085095,170.28540182703205,爬升
T018,2425.0,109.2308517,23.0085095,185.28540182703205,爬升
T018,2430.0,109.2308517,23.0085095,200.28540182703205,爬升
T018,2435.0,109.2308517,23.0085095,215.28540182703205,爬升
T018,2440.0,109.2308517,23.0085095,230.28540182703208,爬升
T018,2445.0,109.2308517,23.0085095,245.2854018270321,爬升
T018,2450.0,109.2308517,23.0085095,260.2854018270321,爬升
T018,2455.0,109.2308517,23.0085095,275.2854018270321,爬升
T018,2460.0,109.2308517,23.0085095,290.2854018270321,爬升
T018,2465.0,109.2308517,23.0085095,305.2854018270321,爬升
T018,2470.0,109.2308517,23.0085095,320.2854018270321,爬升
T018,2475.0,109.2308517,23.0085095,335.28540182703216,爬升
T018,2480.0,109.2308517,23.0085095,350.28540182703216,爬升
T018,2485.0,109.2308517,23.0085095,365.28540182703216,爬升
T018,2490.0,109.2308517,23.0085095,380.2854018270322,爬升
T018,2495.0,109.2308517,23.0085095,395.28540182703216,爬升
T018,2500.0,109.2308517,23.0085095,410.28540182703216,爬升
T018,2505.0,109.2308517,23.0085095,425.28540182703216,爬升
T018,2510.0,109.2308517,23.0085095,440.2854018270322,爬升
T018,2515.0,109.2308517,23.0085095,455.2854018270322,爬升
T018,2520.0,109.2308517,23.0085095,470.2854018270322,爬升
T018,2525.0,109.2308517,23.0085095,485.2854018270322,爬升
T018,2530.0,109.2308517,23.0085095,500.2854018270322,爬升
T018,2535.0,109.2308517,23.0085095,515.2854018270323,爬升
T018,2540.0,109.2308517,23.0085095,530.2854018270323,爬升
T018,2545.0,109.2308517,23.0085095,545.2854018270323,爬升
T018,2550.0,109.2308517,23.0085095,560.2854018270323,爬升
T018,2555.0,109.23039129652281,23.008745382711076,561.8041381835938,巡航
T018,2560.0,109.22987902613477,23.00900783886947,561.8041381835938,巡航
T018,2565.0,109.22936675574674,23.00927029502786,561.8041381835938,巡航
T018,2570.0,109.2288544853587,23.009532751186253,561.8041381835938,巡航
T018,2575.0,109.22834221497067,23.00979520734465,561.8041381835938,巡航
T018,2580.0,109.22782994458262,23.01005766350304,561.8041381835938,巡航
T018,2585.0,109.22731767419458,23.010320119661433,561.8041381835938,巡航
T018,2590.0,109.22680540380655,23.01058257581983,561.8041381835938,巡航
T018,2595.0,109.22629313341851,23.01084503197822,561.8041381835938,巡航
T018,2600.0,109.22578086303048,23.011107488136613,561.8041381835938,巡航
T018,2605.0,109.22526859264244,23.011369944295005,561.8041381835938,巡航
T018,2610.0,109.2247563222544,23.0116324004534,561.8041381835938,巡航
T018,2615.0,109.22424405186636,23.011894856611793,561.8041381835938,巡航
T018,2620.0,109.22373178147832,23.012157312770185,561.8041381835938,巡航
T018,2625.0,109.22321951109029,23.012419768928577,561.8041381835938,巡航
T018,2630.0,109.22270724070225,23.012682225086973,561.8041381835938,巡航
T018,2635.0,109.2221949703142,23.012944681245365,561.8041381835938,巡航
T018,2640.0,109.22168269992618,23.013207137403757,561.8041381835938,巡航
T018,2645.0,109.22117042953813,23.013469593562153,561.8041381835938,巡航
T018,2650.0,109.2206581591501,23.013732049720545,561.8041381835938,巡航
T018,2655.0,109.22014588876206,23.013994505878937,561.8041381835938,巡航
T018,2660.0,109.21963361837402,23.01425696203733,561.8041381835938,巡航
T018,2665.0,109.21912134798599,23.014519418195725,561.8041381835938,巡航
T018,2670.0,109.21860907759795,23.014781874354117,561.8041381835938,巡航
T018,2675.0,109.21809680720992,23.01504433051251,561.8041381835938,巡航
T018,2680.0,109.21758453682187,23.015306786670905,561.8041381835938,巡航
T018,2685.0,109.21707226643383,23.015569242829297,561.8041381835938,巡航
T018,2690.0,109.2165599960458,23.01583169898769,561.8041381835938,巡航
T018,2695.0,109.21604772565776,23.01609415514608,561.8041381835938,巡航
T018,2700.0,109.21553545526973,23.016356611304477,561.8041381835938,巡航
T018,2705.0,109.21502318488169,23.01661906746287,561.8041381835938,巡航
T018,2710.0,109.21451091449364,23.01688152362126,561.8041381835938,巡航
T018,2715.0,109.21399864410562,23.017143979779654,561.8041381835938,巡航
T018,2720.0,109.21348637371757,23.01740643593805,561.8041381835938,巡航
T018,2725.0,109.21297410332954,23.01766889209644,561.8041381835938,巡航
T018,2730.0,109.2124618329415,23.017931348254834,561.8041381835938,巡航
T018,2735.0,109.21194956255346,23.01819380441323,561.8041381835938,巡航
T018,2740.0,109.21143729216543,23.01845626057162,561.8041381835938,巡航
T018,2745.0,109.21092502177738,23.018718716730014,561.8041381835938,巡航
T018,2750.0,109.21041275138936,23.018981172888406,561.8041381835938,巡航
T018,2755.0,109.20990048100131,23.0192436290468,561.8041381835938,巡航
T018,2760.0,109.20938821061327,23.019506085205194,561.8041381835938,巡航
T018,2765.0,109.20887594022524,23.019768541363586,561.8041381835938,巡航
T018,2770.0,109.2083636698372,23.020030997521978,561.8041381835938,巡航
T018,2775.0,109.20785139944917,23.020293453680374,561.8041381835938,巡航
T018,2780.0,109.20733912906113,23.020555909838766,561.8041381835938,巡航
T018,2785.0,109.20682685867308,23.020818365997158,561.8041381835938,巡航
T018,2790.0,109.20631458828505,23.021080822155554,561.8041381835938,巡航
T018,2795.0,109.20580231789701,23.021343278313946,561.8041381835938,巡航
T018,2800.0,109.20529004750898,23.021605734472338,561.8041381835938,巡航
T018,2805.0,109.20477777712094,23.02186819063073,561.8041381835938,巡航
T018,2810.0,109.2042655067329,23.022130646789126,561.8041381835938,巡航
T018,2815.0,109.20375323634487,23.022393102947518,561.8041381835938,巡航
T018,2820.0,109.20324096595682,23.02265555910591,561.8041381835938,巡航
T018,2825.0,109.2027286955688,23.022918015264306,561.8041381835938,巡航
T018,2830.0,109.20221642518075,23.023180471422698,561.8041381835938,巡航
T018,2835.0,109.20170415479271,23.02344292758109,561.8041381835938,巡航
T018,2840.0,109.20119188440468,23.023705383739482,561.8041381835938,巡航
T018,2845.0,109.20067961401664,23.023967839897878,561.8041381835938,巡航
T018,2850.0,109.20016734362859,23.02423029605627,561.8041381835938,巡航
T018,2855.0,109.19965507324056,23.024492752214663,561.8041381835938,巡航
T018,2860.0,109.19914280285252,23.024755208373055,561.8041381835938,巡航
T018,2865.0,109.19863053246449,23.02501766453145,561.8041381835938,巡航
T018,2870.0,109.19811826207645,23.025280120689843,561.8041381835938,巡航
T018,2875.0,109.1976059916884,23.025542576848235,561.8041381835938,巡航
T018,2880.0,109.19709372130038,23.02580503300663,561.8041381835938,巡航
T018,2885.0,109.19658145091233,23.026067489165023,561.8041381835938,巡航
T018,2890.0,109.1960691805243,23.026329945323415,561.8041381835938,巡航
T018,2895.0,109.19555691013626,23.026592401481807,561.8041381835938,巡航
T018,2900.0,109.19504463974822,23.026854857640203,561.8041381835938,巡航
T018,2905.0,109.19453236936019,23.027117313798595,561.8041381835938,巡航
T018,2910.0,109.19402009897215,23.027379769956987,561.8041381835938,巡航
T018,2915.0,109.19350782858412,23.027642226115383,561.8041381835938,巡航
T018,2920.0,109.19299555819607,23.027904682273775,561.8041381835938,巡航
T018,2925.0,109.19248328780803,23.028167138432167,561.8041381835938,巡航
T018,2930.0,109.19197101742,23.02842959459056,561.8041381835938,巡航
T018,2935.0,109.19145874703196,23.028692050748955,561.8041381835938,巡航
T018,2940.0,109.19094647664393,23.028954506907347,561.8041381835938,巡航
T018,2945.0,109.19043420625589,23.02921696306574,561.8041381835938,巡航
T018,2950.0,109.18992193586784,23.02947941922413,561.8041381835938,巡航
T018,2955.0,109.18940966547981,23.029741875382527,561.8041381835938,巡航
T018,2960.0,109.18889739509177,23.03000433154092,561.8041381835938,巡航
T018,2965.0,109.18838512470374,23.03026678769931,561.8041381835938,巡航
T018,2970.0,109.1878728543157,23.030529243857707,561.8041381835938,巡航
T018,2975.0,109.18736058392766,23.0307917000161,561.8041381835938,巡航
T018,2980.0,109.18684831353963,23.03105415617449,561.8041381835938,巡航
T018,2985.0,109.18633604315158,23.031316612332883,561.8041381835938,巡航
T018,2990.0,109.18582377276356,23.03157906849128,561.8041381835938,巡航
T018,2995.0,109.18531150237551,23.03184152464967,561.8041381835938,巡航
T018,3000.0,109.18479923198747,23.032103980808063,561.8041381835938,巡航
T018,3005.0,109.18428696159944,23.03236643696646,561.8041381835938,巡航
T018,3010.0,109.1837746912114,23.03262889312485,561.8041381835938,巡航
T018,3015.0,109.18326242082337,23.032891349283243,561.8041381835938,巡航
T018,3020.0,109.18275015043533,23.033153805441636,561.8041381835938,巡航
T018,3025.0,109.18223788004728,23.03341626160003,561.8041381835938,巡航
T018,3030.0,109.18172560965925,23.033678717758423,561.8041381835938,巡航
T018,3035.0,109.18121333927121,23.033941173916816,561.8041381835938,巡航
T018,3040.0,109.18070106888318,23.034203630075208,561.8041381835938,巡航
T018,3045.0,109.18018879849514,23.034466086233603,561.8041381835938,巡航
T018,3050.0,109.1796765281071,23.034728542391996,561.8041381835938,巡航
T018,3055.0,109.17916425771907,23.034990998550388,561.8041381835938,巡航
T018,3060.0,109.17865198733102,23.035253454708783,561.8041381835938,巡航
T018,3065.0,109.178139716943,23.035515910867176,561.8041381835938,巡航
T018,3070.0,109.17762744655495,23.035778367025568,561.8041381835938,巡航
T018,3075.0,109.17711517616691,23.03604082318396,561.8041381835938,巡航
T018,3080.0,109.17660290577888,23.036303279342356,561.8041381835938,巡航
T018,3085.0,109.17609063539084,23.036565735500748,561.8041381835938,巡航
T018,3090.0,109.1755783650028,23.03682819165914,561.8041381835938,巡航
T018,3095.0,109.17506609461476,23.037090647817532,561.8041381835938,巡航
T018,3100.0,109.17455382422672,23.037353103975928,561.8041381835938,巡航
T018,3105.0,109.17404155383869,23.03761556013432,561.8041381835938,巡航
T018,3110.0,109.17352928345065,23.037878016292712,561.8041381835938,巡航
T018,3115.0,109.17301701306262,23.038140472451108,561.8041381835938,巡航
T018,3120.0,109.17250474267458,23.0384029286095,561.8041381835938,巡航
T018,3125.0,109.17199247228653,23.038665384767892,561.8041381835938,巡航
T018,3130.0,109.1714802018985,23.038927840926284,561.8041381835938,巡航
T018,3135.0,109.17096793151046,23.03919029708468,561.8041381835938,巡航
T018,3140.0,109.17045566112243,23.039452753243072,561.8041381835938,巡航
T018,3145.0,109.16994339073439,23.039715209401464,561.8041381835938,巡航
T018,3150.0,109.16943112034635,23.03997766555986,561.8041381835938,巡航
T018,3155.0,109.16891884995832,23.040240121718252,561.8041381835938,巡航
T018,3160.0,109.1688578,23.0402714,550.793828973369,下降
T018,3165.0,109.1688578,23.0402714,538.293828973369,下降
T018,3170.0,109.1688578,23.0402714,525.793828973369,下降
T018,3175.0,109.1688578,23.0402714,513.293828973369,下降
T018,3180.0,109.1688578,23.0402714,500.79382897336905,下降
T018,3185.0,109.1688578,23.0402714,488.29382897336905,下降
T018,3190.0,109.1688578,23.0402714,475.79382897336905,下降
T018,3195.0,109.1688578,23.0402714,463.29382897336905,下降
T018,3200.0,109.1688578,23.0402714,450.79382897336905,下降
T018,3205.0,109.1688578,23.0402714,438.29382897336905,下降
T018,3210.0,109.1688578,23.0402714,425.79382897336905,下降
T018,3215.0,109.1688578,23.0402714,413.29382897336905,下降
T018,3220.0,109.1688578,23.0402714,400.79382897336905,下降
T018,3225.0,109.1688578,23.0402714,388.29382897336905,下降
T018,3230.0,109.1688578,23.0402714,375.79382897336905,下降
T018,3235.0,109.1688578,23.0402714,363.29382897336905,下降
T018,3240.0,109.1688578,23.0402714,350.79382897336905,下降
T018,3245.0,109.1688578,23.0402714,338.5,投送
T018,3250.0,109.1688578,23.0402714,338.5,投送
T018,3255.0,109.1688578,23.0402714,338.5,投送
T018,3260.0,109.1688578,23.0402714,338.5,投送
T018,3265.0,109.1688578,23.0402714,338.5,投送
T018,3270.0,109.1688578,23.0402714,338.5,投送
T018,3275.0,109.1688578,23.0402714,338.5,投送
T018,3280.0,109.1688578,23.0402714,338.5,投送
T018,3285.0,109.1688578,23.0402714,338.5,投送
T018,3290.0,109.1688578,23.0402714,338.5,投送
T018,3295.0,109.1688578,23.0402714,338.5,投送
T018,3300.0,109.1688578,23.0402714,338.5,投送
T018,3305.0,109.1688578,23.0402714,338.5,投送
T018,3310.0,109.1688578,23.0402714,338.5,投送
T018,3315.0,109.1688578,23.0402714,338.5,投送
T018,3320.0,109.1688578,23.0402714,338.5,投送
T018,3325.0,109.1688578,23.0402714,338.5,投送
T018,3330.0,109.1688578,23.0402714,338.5,投送
T018,3335.0,109.1688578,23.0402714,338.5,投送
T018,3340.0,109.1688578,23.0402714,338.5,投送
T018,3345.0,109.1688578,23.0402714,338.5,投送
T018,3350.0,109.1688578,23.0402714,338.5,投送
T018,3355.0,109.1688578,23.0402714,338.5,投送
T018,3360.0,109.1688578,23.0402714,338.5,投送
T018,3365.0,109.1688578,23.0402714,338.5,投送
T018,3370.0,109.1688578,23.0402714,338.5,投送
T018,3375.0,109.1688578,23.0402714,338.5,投送
T018,3380.0,109.1688578,23.0402714,338.5,投送
T018,3385.0,109.1688578,23.0402714,338.5,投送
T018,3390.0,109.1688578,23.0402714,338.5,投送
T018,3395.0,109.1688578,23.0402714,338.5,投送
T018,3400.0,109.1688578,23.0402714,338.5,投送
T018,3405.0,109.1688578,23.0402714,338.5,投送
T018,3410.0,109.1688578,23.0402714,338.5,投送
T018,3415.0,109.1688578,23.0402714,338.5,投送
T018,3420.0,109.1688578,23.0402714,338.5,投送
T018,3425.0,109.1688578,23.0402714,338.5,投送
T018,3430.0,109.1688578,23.0402714,338.5,投送
T018,3435.0,109.1688578,23.0402714,338.5,投送
T018,3440.0,109.1688578,23.0402714,338.5,投送
T018,3445.0,109.1688578,23.0402714,338.5,投送
T018,3450.0,109.1688578,23.0402714,338.5,投送
T018,3455.0,109.1688578,23.0402714,338.74740523195715,爬升
T018,3460.0,109.1688578,23.0402714,353.7474052319571,爬升
T018,3465.0,109.1688578,23.0402714,368.7474052319571,爬升
T018,3470.0,109.1688578,23.0402714,383.74740523195703,爬升
T018,3475.0,109.1688578,23.0402714,398.74740523195703,爬升
T018,3480.0,109.1688578,23.0402714,413.747405231957,爬升
T018,3485.0,109.1688578,23.0402714,428.747405231957,爬升
T018,3490.0,109.1688578,23.0402714,443.7474052319569,爬升
T018,3495.0,109.1688578,23.0402714,458.7474052319569,爬升
T018,3500.0,109.1688578,23.0402714,473.7474052319569,爬升
T018,3505.0,109.1688578,23.0402714,488.7474052319568,爬升
T018,3510.0,109.1688578,23.0402714,503.7474052319568,爬升
T018,3515.0,109.1688578,23.0402714,518.7474052319568,爬升
T018,3520.0,109.1688578,23.0402714,533.7474052319567,爬升
T018,3525.0,109.1688578,23.0402714,548.7474052319567,爬升
T018,3530.0,109.168924165211,23.040237398506385,561.8041381835938,巡航
T018,3535.0,109.16943643559902,23.039974942347992,561.8041381835938,巡航
T018,3540.0,109.16994870598707,23.0397124861896,561.8041381835938,巡航
T018,3545.0,109.17046097637511,23.039450030031205,561.8041381835938,巡航
T018,3550.0,109.17097324676314,23.039187573872812,561.8041381835938,巡航
T018,3555.0,109.17148551715118,23.03892511771442,561.8041381835938,巡航
T018,3560.0,109.17199778753921,23.038662661556028,561.8041381835938,巡航
T018,3565.0,109.17251005792725,23.038400205397632,561.8041381835938,巡航
T018,3570.0,109.1730223283153,23.03813774923924,561.8041381835938,巡航
T018,3575.0,109.17353459870333,23.037875293080848,561.8041381835938,巡航
T018,3580.0,109.17404686909137,23.037612836922452,561.8041381835938,巡航
T018,3585.0,109.1745591394794,23.03735038076406,561.8041381835938,巡航
T018,3590.0,109.17507140986744,23.037087924605668,561.8041381835938,巡航
T018,3595.0,109.17558368025549,23.036825468447276,561.8041381835938,巡航
T018,3600.0,109.17609595064351,23.03656301228888,561.8041381835938,巡航
T018,3605.0,109.17660822103156,23.036300556130488,561.8041381835938,巡航
T018,3610.0,109.17712049141959,23.036038099972096,561.8041381835938,巡航
T018,3615.0,109.17763276180763,23.035775643813704,561.8041381835938,巡航
T018,3620.0,109.17814503219567,23.035513187655308,561.8041381835938,巡航
T018,3625.0,109.1786573025837,23.035250731496916,561.8041381835938,巡航
T018,3630.0,109.17916957297174,23.034988275338524,561.8041381835938,巡航
T018,3635.0,109.17968184335977,23.034725819180128,561.8041381835938,巡航
T018,3640.0,109.18019411374782,23.034463363021736,561.8041381835938,巡航
T018,3645.0,109.18070638413586,23.034200906863344,561.8041381835938,巡航
T018,3650.0,109.18121865452389,23.03393845070495,561.8041381835938,巡航
T018,3655.0,109.18173092491193,23.033675994546556,561.8041381835938,巡航
T018,3660.0,109.18224319529996,23.033413538388164,561.8041381835938,巡航
T018,3665.0,109.182755465688,23.03315108222977,561.8041381835938,巡航
T018,3670.0,109.18326773607605,23.032888626071376,561.8041381835938,巡航
T018,3675.0,109.18378000646408,23.032626169912984,561.8041381835938,巡航
T018,3680.0,109.18429227685212,23.03236371375459,561.8041381835938,巡航
T018,3685.0,109.18480454724015,23.0321012575962,561.8041381835938,巡航
T018,3690.0,109.18531681762819,23.031838801437804,561.8041381835938,巡航
T018,3695.0,109.18582908801623,23.03157634527941,561.8041381835938,巡航
T018,3700.0,109.18634135840426,23.03131388912102,561.8041381835938,巡航
T018,3705.0,109.1868536287923,23.031051432962627,561.8041381835938,巡航
T018,3710.0,109.18736589918035,23.03078897680423,561.8041381835938,巡航
T018,3715.0,109.18787816956838,23.03052652064584,561.8041381835938,巡航
T018,3720.0,109.18839043995642,23.030264064487447,561.8041381835938,巡航
T018,3725.0,109.18890271034445,23.03000160832905,561.8041381835938,巡航
T018,3730.0,109.1894149807325,23.02973915217066,561.8041381835938,巡航
T018,3735.0,109.18992725112054,23.029476696012267,561.8041381835938,巡航
T018,3740.0,109.19043952150857,23.029214239853875,561.8041381835938,巡航
T018,3745.0,109.19095179189661,23.02895178369548,561.8041381835938,巡航
T018,3750.0,109.19146406228464,23.028689327537087,561.8041381835938,巡航
T018,3755.0,109.19197633267268,23.028426871378695,561.8041381835938,巡航
T018,3760.0,109.19248860306072,23.0281644152203,561.8041381835938,巡航
T018,3765.0,109.19300087344875,23.027901959061907,561.8041381835938,巡航
T018,3770.0,109.1935131438368,23.027639502903515,561.8041381835938,巡航
T018,3775.0,109.19402541422482,23.027377046745123,561.8041381835938,巡航
T018,3780.0,109.19453768461287,23.027114590586727,561.8041381835938,巡航
T018,3785.0,109.19504995500091,23.026852134428335,561.8041381835938,巡航
T018,3790.0,109.19556222538894,23.026589678269943,561.8041381835938,巡航
T018,3795.0,109.19607449577698,23.02632722211155,561.8041381835938,巡航
T018,3800.0,109.19658676616501,23.026064765953155,561.8041381835938,巡航
T018,3805.0,109.19709903655306,23.025802309794763,561.8041381835938,巡航
T018,3810.0,109.1976113069411,23.02553985363637,561.8041381835938,巡航
T018,3815.0,109.19812357732913,23.025277397477975,561.8041381835938,巡航
T018,3820.0,109.19863584771717,23.025014941319583,561.8041381835938,巡航
T018,3825.0,109.1991481181052,23.02475248516119,561.8041381835938,巡航
T018,3830.0,109.19966038849324,23.0244900290028,561.8041381835938,巡航
T018,3835.0,109.20017265888129,23.024227572844403,561.8041381835938,巡航
T018,3840.0,109.20068492926931,23.02396511668601,561.8041381835938,巡航
T018,3845.0,109.20119719965736,23.02370266052762,561.8041381835938,巡航
T018,3850.0,109.20170947004539,23.023440204369226,561.8041381835938,巡航
T018,3855.0,109.20222174043343,23.02317774821083,561.8041381835938,巡航
T018,3860.0,109.20273401082147,23.02291529205244,561.8041381835938,巡航
T018,3865.0,109.2032462812095,23.022652835894046,561.8041381835938,巡航
T018,3870.0,109.20375855159755,23.02239037973565,561.8041381835938,巡航
T018,3875.0,109.20427082198557,23.02212792357726,561.8041381835938,巡航
T018,3880.0,109.20478309237362,23.021865467418866,561.8041381835938,巡航
T018,3885.0,109.20529536276166,23.021603011260474,561.8041381835938,巡航
T018,3890.0,109.20580763314969,23.02134055510208,561.8041381835938,巡航
T018,3895.0,109.20631990353773,23.021078098943686,561.8041381835938,巡航
T018,3900.0,109.20683217392576,23.020815642785294,561.8041381835938,巡航
T018,3905.0,109.2073444443138,23.0205531866269,561.8041381835938,巡航
T018,3910.0,109.20785671470185,23.020290730468506,561.8041381835938,巡航
T018,3915.0,109.20836898508988,23.020028274310114,561.8041381835938,巡航
T018,3920.0,109.20888125547792,23.019765818151722,561.8041381835938,巡航
T018,3925.0,109.20939352586595,23.019503361993326,561.8041381835938,巡航
T018,3930.0,109.20990579625399,23.019240905834934,561.8041381835938,巡航
T018,3935.0,109.21041806664203,23.018978449676542,561.8041381835938,巡航
T018,3940.0,109.21093033703006,23.01871599351815,561.8041381835938,巡航
T018,3945.0,109.2114426074181,23.018453537359754,561.8041381835938,巡航
T018,3950.0,109.21195487780614,23.018191081201362,561.8041381835938,巡航
T018,3955.0,109.21246714819418,23.01792862504297,561.8041381835938,巡航
T018,3960.0,109.21297941858222,23.017666168884574,561.8041381835938,巡航
T018,3965.0,109.21349168897025,23.017403712726182,561.8041381835938,巡航
T018,3970.0,109.2140039593583,23.01714125656779,561.8041381835938,巡航
T018,3975.0,109.21451622974632,23.016878800409398,561.8041381835938,巡航
T018,3980.0,109.21502850013437,23.016616344251002,561.8041381835938,巡航
T018,3985.0,109.21554077052241,23.01635388809261,561.8041381835938,巡航
T018,3990.0,109.21605304091044,23.016091431934218,561.8041381835938,巡航
T018,3995.0,109.21656531129848,23.015828975775822,561.8041381835938,巡航
T018,4000.0,109.21707758168651,23.01556651961743,561.8041381835938,巡航
T018,4005.0,109.21758985207455,23.015304063459038,561.8041381835938,巡航
T018,4010.0,109.2181021224626,23.015041607300645,561.8041381835938,巡航
T018,4015.0,109.21861439285063,23.01477915114225,561.8041381835938,巡航
T018,4020.0,109.21912666323867,23.014516694983858,561.8041381835938,巡航
T018,4025.0,109.2196389336267,23.014254238825465,561.8041381835938,巡航
T018,4030.0,109.22015120401474,23.013991782667073,561.8041381835938,巡航
T018,4035.0,109.22066347440278,23.013729326508678,561.8041381835938,巡航
T018,4040.0,109.22117574479081,23.013466870350285,561.8041381835938,巡航
T018,4045.0,109.22168801517886,23.013204414191893,561.8041381835938,巡航
T018,4050.0,109.2222002855669,23.012941958033498,561.8041381835938,巡航
T018,4055.0,109.22271255595493,23.012679501875105,561.8041381835938,巡航
T018,4060.0,109.22322482634297,23.012417045716713,561.8041381835938,巡航
T018,4065.0,109.223737096731,23.01215458955832,561.8041381835938,巡航
T018,4070.0,109.22424936711904,23.011892133399925,561.8041381835938,巡航
T018,4075.0,109.22476163750709,23.011629677241533,561.8041381835938,巡航
T018,4080.0,109.22527390789512,23.01136722108314,561.8041381835938,巡航
T018,4085.0,109.22578617828316,23.011104764924745,561.8041381835938,巡航
T018,4090.0,109.22629844867119,23.010842308766353,561.8041381835938,巡航
T018,4095.0,109.22681071905923,23.01057985260796,561.8041381835938,巡航
T018,4100.0,109.22732298944727,23.01031739644957,561.8041381835938,巡航
T018,4105.0,109.2278352598353,23.010054940291173,561.8041381835938,巡航
T018,4110.0,109.22834753022335,23.00979248413278,561.8041381835938,巡航
T018,4115.0,109.22885980061137,23.00953002797439,561.8041381835938,巡航
T018,4120.0,109.22937207099942,23.009267571815997,561.8041381835938,巡航
T018,4125.0,109.22988434138746,23.0090051156576,561.8041381835938,巡航
T018,4130.0,109.23039661177549,23.00874265949921,561.8041381835938,巡航
T018,4135.0,109.2308517,23.0085095,560.408826135932,下降
T018,4140.0,109.2308517,23.0085095,547.908826135932,下降
T018,4145.0,109.2308517,23.0085095,535.408826135932,下降
T018,4150.0,109.2308517,23.0085095,522.9088261359319,下降
T018,4155.0,109.2308517,23.0085095,510.4088261359319,下降
T018,4160.0,109.2308517,23.0085095,497.9088261359319,下降
T018,4165.0,109.2308517,23.0085095,485.4088261359319,下降
T018,4170.0,109.2308517,23.0085095,472.9088261359319,下降
T018,4175.0,109.2308517,23.0085095,460.40882613593186,下降
T018,4180.0,109.2308517,23.0085095,447.90882613593186,下降
T018,4185.0,109.2308517,23.0085095,435.4088261359318,下降
T018,4190.0,109.2308517,23.0085095,422.9088261359318,下降
T018,4195.0,109.2308517,23.0085095,410.4088261359318,下降
T018,4200.0,109.2308517,23.0085095,397.90882613593175,下降
T018,4205.0,109.2308517,23.0085095,385.40882613593175,下降
T018,4210.0,109.2308517,23.0085095,372.9088261359317,下降
T018,4215.0,109.2308517,23.0085095,360.4088261359317,下降
T018,4220.0,109.2308517,23.0085095,347.9088261359317,下降
T018,4225.0,109.2308517,23.0085095,335.40882613593163,下降
T018,4230.0,109.2308517,23.0085095,322.90882613593163,下降
T018,4235.0,109.2308517,23.0085095,310.40882613593163,下降
T018,4240.0,109.2308517,23.0085095,297.9088261359316,下降
T018,4245.0,109.2308517,23.0085095,285.4088261359316,下降
T018,4250.0,109.2308517,23.0085095,272.9088261359316,下降
T018,4255.0,109.2308517,23.0085095,260.4088261359315,下降
T018,4260.0,109.2308517,23.0085095,247.90882613593146,下降
T018,4265.0,109.2308517,23.0085095,235.40882613593146,下降
T018,4270.0,109.2308517,23.0085095,222.90882613593146,下降
T018,4275.0,109.2308517,23.0085095,210.4088261359314,下降
T018,4280.0,109.2308517,23.0085095,197.9088261359314,下降
T018,4285.0,109.2308517,23.0085095,185.4088261359314,下降
T018,4290.0,109.2308517,23.0085095,172.90882613593135,下降
T018,4295.0,109.2308517,23.0085095,160.40882613593135,下降
T018,4300.0,109.2308517,23.0085095,147.90882613593135,下降
T018,4305.0,109.2308517,23.0085095,135.40882613593135,下降
T019,5870.0,109.2308517,23.0085095,130.60157970887096,爬升
T019,5875.0,109.2308517,23.0085095,143.10157970887096,爬升
T019,5880.0,109.2308517,23.0085095,155.601579708871,爬升
T019,5885.0,109.2308517,23.0085095,168.10157970887101,爬升
T019,5890.0,109.2308517,23.0085095,180.60157970887104,爬升
T019,5895.0,109.2308517,23.0085095,193.10157970887104,爬升
T019,5900.0,109.2308517,23.0085095,205.6015797088711,爬升
T019,5905.0,109.2308517,23.0085095,218.1015797088711,爬升
T019,5910.0,109.2308517,23.0085095,230.6015797088711,爬升
T019,5915.0,109.2308517,23.0085095,243.10157970887116,爬升
T019,5920.0,109.2308517,23.0085095,255.60157970887116,爬升
T019,5925.0,109.2308517,23.0085095,268.10157970887116,爬升
T019,5930.0,109.2308517,23.0085095,280.6015797088712,爬升
T019,5935.0,109.2308517,23.0085095,293.1015797088712,爬升
T019,5940.0,109.2308517,23.0085095,305.60157970887127,爬升
T019,5945.0,109.2308517,23.0085095,318.10157970887127,爬升
T019,5950.0,109.2308517,23.0085095,330.60157970887127,爬升
T019,5955.0,109.2308517,23.0085095,343.1015797088713,爬升
T019,5960.0,109.2308517,23.0085095,355.6015797088713,爬升
T019,5965.0,109.2308517,23.0085095,368.1015797088714,爬升
T019,5970.0,109.2308517,23.0085095,380.6015797088714,爬升
T019,5975.0,109.2308517,23.0085095,393.1015797088714,爬升
T019,5980.0,109.2308517,23.0085095,405.60157970887144,爬升
T019,5985.0,109.2308517,23.0085095,418.10157970887144,爬升
T019,5990.0,109.2308517,23.0085095,430.60157970887144,爬升
T019,5995.0,109.2308517,23.0085095,443.1015797088715,爬升
T019,6000.0,109.2308517,23.0085095,455.6015797088715,爬升
T019,6005.0,109.2308517,23.0085095,468.1015797088715,爬升
T019,6010.0,109.2308517,23.0085095,480.60157970887155,爬升
T019,6015.0,109.2308517,23.0085095,493.10157970887155,爬升
T019,6020.0,109.2308517,23.0085095,505.60157970887155,爬升
T019,6025.0,109.2308517,23.0085095,518.1015797088716,爬升
T019,6030.0,109.2308517,23.0085095,530.6015797088717,爬升
T019,6035.0,109.2308517,23.0085095,543.1015797088717,爬升
T019,6040.0,109.2308517,23.0085095,555.6015797088717,爬升
T019,6045.0,109.23052910071863,23.008674780231043,561.8041381835938,巡航
T019,6050.0,109.22988876273358,23.009002850429034,561.8041381835938,巡航
T019,6055.0,109.22924842474853,23.009330920627026,561.8041381835938,巡航
T019,6060.0,109.22860808676349,23.009658990825017,561.8041381835938,巡航
T019,6065.0,109.22796774877844,23.009987061023008,561.8041381835938,巡航
T019,6070.0,109.2273274107934,23.010315131221,561.8041381835938,巡航
T019,6075.0,109.22668707280835,23.01064320141899,561.8041381835938,巡航
T019,6080.0,109.2260467348233,23.01097127161698,561.8041381835938,巡航
T019,6085.0,109.22540639683825,23.011299341814972,561.8041381835938,巡航
T019,6090.0,109.2247660588532,23.011627412012963,561.8041381835938,巡航
T019,6095.0,109.22412572086816,23.011955482210958,561.8041381835938,巡航
T019,6100.0,109.22348538288311,23.01228355240895,561.8041381835938,巡航
T019,6105.0,109.22284504489807,23.01261162260694,561.8041381835938,巡航
T019,6110.0,109.22220470691302,23.01293969280493,561.8041381835938,巡航
T019,6115.0,109.22156436892797,23.013267763002922,561.8041381835938,巡航
T019,6120.0,109.22092403094292,23.013595833200913,561.8041381835938,巡航
T019,6125.0,109.22028369295788,23.013923903398904,561.8041381835938,巡航
T019,6130.0,109.21964335497283,23.014251973596895,561.8041381835938,巡航
T019,6135.0,109.21900301698778,23.014580043794886,561.8041381835938,巡航
T019,6140.0,109.21836267900274,23.014908113992878,561.8041381835938,巡航
T019,6145.0,109.21772234101769,23.01523618419087,561.8041381835938,巡航
T019,6150.0,109.21708200303264,23.015564254388863,561.8041381835938,巡航
T019,6155.0,109.2164416650476,23.015892324586854,561.8041381835938,巡航
T019,6160.0,109.21580132706255,23.016220394784845,561.8041381835938,巡航
T019,6165.0,109.2151609890775,23.016548464982836,561.8041381835938,巡航
T019,6170.0,109.21452065109246,23.016876535180828,561.8041381835938,巡航
T019,6175.0,109.21388031310741,23.01720460537882,561.8041381835938,巡航
T019,6180.0,109.21323997512236,23.01753267557681,561.8041381835938,巡航
T019,6185.0,109.21259963713732,23.0178607457748,561.8041381835938,巡航
T019,6190.0,109.21195929915227,23.018188815972792,561.8041381835938,巡航
T019,6195.0,109.21131896116722,23.018516886170783,561.8041381835938,巡航
T019,6200.0,109.21067862318218,23.018844956368778,561.8041381835938,巡航
T019,6205.0,109.21003828519713,23.01917302656677,561.8041381835938,巡航
T019,6210.0,109.20939794721208,23.01950109676476,561.8041381835938,巡航
T019,6215.0,109.20875760922704,23.01982916696275,561.8041381835938,巡航
T019,6220.0,109.20811727124199,23.020157237160742,561.8041381835938,巡航
T019,6225.0,109.20747693325694,23.020485307358733,561.8041381835938,巡航
T019,6230.0,109.2068365952719,23.020813377556724,561.8041381835938,巡航
T019,6235.0,109.20619625728685,23.021141447754715,561.8041381835938,巡航
T019,6240.0,109.2055559193018,23.021469517952706,561.8041381835938,巡航
T019,6245.0,109.20491558131675,23.021797588150697,561.8041381835938,巡航
T019,6250.0,109.20427524333171,23.02212565834869,561.8041381835938,巡航
T019,6255.0,109.20363490534666,23.022453728546683,561.8041381835938,巡航
T019,6260.0,109.20299456736161,23.022781798744674,561.8041381835938,巡航
T019,6265.0,109.20235422937657,23.023109868942665,561.8041381835938,巡航
T019,6270.0,109.20171389139152,23.023437939140656,561.8041381835938,巡航
T019,6275.0,109.20107355340647,23.023766009338647,561.8041381835938,巡航
T019,6280.0,109.20043321542143,23.02409407953664,561.8041381835938,巡航
T019,6285.0,109.19979287743638,23.02442214973463,561.8041381835938,巡航
T019,6290.0,109.19915253945133,23.02475021993262,561.8041381835938,巡航
T019,6295.0,109.19851220146629,23.02507829013061,561.8041381835938,巡航
T019,6300.0,109.19787186348124,23.025406360328603,561.8041381835938,巡航
T019,6305.0,109.19723152549618,23.025734430526597,561.8041381835938,巡航
T019,6310.0,109.19659118751113,23.02606250072459,561.8041381835938,巡航
T019,6315.0,109.19595084952608,23.02639057092258,561.8041381835938,巡航
T019,6320.0,109.19531051154104,23.02671864112057,561.8041381835938,巡航
T019,6325.0,109.19467017355599,23.02704671131856,561.8041381835938,巡航
T019,6330.0,109.19402983557094,23.027374781516553,561.8041381835938,巡航
T019,6335.0,109.1933894975859,23.027702851714544,561.8041381835938,巡航
T019,6340.0,109.19274915960085,23.028030921912535,561.8041381835938,巡航
T019,6345.0,109.1921088216158,23.028358992110526,561.8041381835938,巡航
T019,6350.0,109.19146848363076,23.028687062308517,561.8041381835938,巡航
T019,6355.0,109.19082814564571,23.029015132506508,561.8041381835938,巡航
T019,6360.0,109.19018780766066,23.029343202704503,561.8041381835938,巡航
T019,6365.0,109.18954746967562,23.029671272902494,561.8041381835938,巡航
T019,6370.0,109.18890713169057,23.029999343100485,561.8041381835938,巡航
T019,6375.0,109.18826679370552,23.030327413298476,561.8041381835938,巡航
T019,6380.0,109.18762645572048,23.030655483496467,561.8041381835938,巡航
T019,6385.0,109.18698611773543,23.03098355369446,561.8041381835938,巡航
T019,6390.0,109.18634577975038,23.03131162389245,561.8041381835938,巡航
T019,6395.0,109.18570544176534,23.03163969409044,561.8041381835938,巡航
T019,6400.0,109.18506510378029,23.03196776428843,561.8041381835938,巡航
T019,6405.0,109.18442476579524,23.032295834486423,561.8041381835938,巡航
T019,6410.0,109.1837844278102,23.032623904684417,561.8041381835938,巡航
T019,6415.0,109.18314408982515,23.03295197488241,561.8041381835938,巡航
T019,6420.0,109.1825037518401,23.0332800450804,561.8041381835938,巡航
T019,6425.0,109.18186341385506,23.03360811527839,561.8041381835938,巡航
T019,6430.0,109.18122307587001,23.03393618547638,561.8041381835938,巡航
T019,6435.0,109.18058273788496,23.034264255674373,561.8041381835938,巡航
T019,6440.0,109.17994239989991,23.034592325872364,561.8041381835938,巡航
T019,6445.0,109.17930206191487,23.034920396070355,561.8041381835938,巡航
T019,6450.0,109.17866172392982,23.035248466268346,561.8041381835938,巡航
T019,6455.0,109.17802138594477,23.035576536466337,561.8041381835938,巡航
T019,6460.0,109.17738104795973,23.03590460666433,561.8041381835938,巡航
T019,6465.0,109.17674070997468,23.036232676862323,561.8041381835938,巡航
T019,6470.0,109.17610037198963,23.036560747060314,561.8041381835938,巡航
T019,6475.0,109.17546003400459,23.036888817258305,561.8041381835938,巡航
T019,6480.0,109.17481969601954,23.037216887456296,561.8041381835938,巡航
T019,6485.0,109.1741793580345,23.037544957654287,561.8041381835938,巡航
T019,6490.0,109.17353902004945,23.037873027852278,561.8041381835938,巡航
T019,6495.0,109.1728986820644,23.03820109805027,561.8041381835938,巡航
T019,6500.0,109.17225834407935,23.03852916824826,561.8041381835938,巡航
T019,6505.0,109.1716180060943,23.03885723844625,561.8041381835938,巡航
T019,6510.0,109.17097766810926,23.039185308644242,561.8041381835938,巡航
T019,6515.0,109.17033733012421,23.039513378842237,561.8041381835938,巡航
T019,6520.0,109.16969699213917,23.039841449040228,561.8041381835938,巡航
T019,6525.0,109.16905665415412,23.04016951923822,561.8041381835938,巡航
T019,6530.0,109.1688578,23.0402714,554.9095943453285,下降
T019,6535.0,109.1688578,23.0402714,544.9095943453285,下降
T019,6540.0,109.1688578,23.0402714,534.9095943453285,下降
T019,6545.0,109.1688578,23.0402714,524.9095943453285,下降
T019,6550.0,109.1688578,23.0402714,514.9095943453285,下降
T019,6555.0,109.1688578,23.0402714,504.9095943453285,下降
T019,6560.0,109.1688578,23.0402714,494.9095943453285,下降
T019,6565.0,109.1688578,23.0402714,484.9095943453285,下降
T019,6570.0,109.1688578,23.0402714,474.9095943453285,下降
T019,6575.0,109.1688578,23.0402714,464.9095943453285,下降
T019,6580.0,109.1688578,23.0402714,454.9095943453285,下降
T019,6585.0,109.1688578,23.0402714,444.9095943453285,下降
T019,6590.0,109.1688578,23.0402714,434.9095943453285,下降
T019,6595.0,109.1688578,23.0402714,424.9095943453285,下降
T019,6600.0,109.1688578,23.0402714,414.9095943453285,下降
T019,6605.0,109.1688578,23.0402714,404.9095943453285,下降
T019,6610.0,109.1688578,23.0402714,394.9095943453285,下降
T019,6615.0,109.1688578,23.0402714,384.9095943453285,下降
T019,6620.0,109.1688578,23.0402714,374.9095943453285,下降
T019,6625.0,109.1688578,23.0402714,364.9095943453285,下降
T019,6630.0,109.1688578,23.0402714,354.9095943453285,下降
T019,6635.0,109.1688578,23.0402714,344.9095943453285,下降
T019,6640.0,109.1688578,23.0402714,338.5,投送
T019,6645.0,109.1688578,23.0402714,338.5,投送
T019,6650.0,109.1688578,23.0402714,338.5,投送
T019,6655.0,109.1688578,23.0402714,338.5,投送
T019,6660.0,109.1688578,23.0402714,338.5,投送
T019,6665.0,109.1688578,23.0402714,338.5,投送
T019,6670.0,109.1688578,23.0402714,338.5,投送
T019,6675.0,109.1688578,23.0402714,338.5,投送
T019,6680.0,109.1688578,23.0402714,338.5,投送
T019,6685.0,109.1688578,23.0402714,338.5,投送
T019,6690.0,109.1688578,23.0402714,338.5,投送
T019,6695.0,109.1688578,23.0402714,338.5,投送
T019,6700.0,109.1688578,23.0402714,338.5,投送
T019,6705.0,109.1688578,23.0402714,338.5,投送
T019,6710.0,109.1688578,23.0402714,338.5,投送
T019,6715.0,109.1688578,23.0402714,338.5,投送
T019,6720.0,109.1688578,23.0402714,338.5,投送
T019,6725.0,109.1688578,23.0402714,338.5,投送
T019,6730.0,109.1688578,23.0402714,338.5,投送
T019,6735.0,109.1688578,23.0402714,338.5,投送
T019,6740.0,109.1688578,23.0402714,338.5,投送
T019,6745.0,109.1688578,23.0402714,338.5,投送
T019,6750.0,109.1688578,23.0402714,338.5,投送
T019,6755.0,109.1688578,23.0402714,338.5,投送
T019,6760.0,109.1688578,23.0402714,338.5,投送
T019,6765.0,109.1688578,23.0402714,338.5,投送
T019,6770.0,109.1688578,23.0402714,338.5,投送
T019,6775.0,109.1688578,23.0402714,338.5,投送
T019,6780.0,109.1688578,23.0402714,338.5,投送
T019,6785.0,109.1688578,23.0402714,338.5,投送
T019,6790.0,109.1688578,23.0402714,338.5,投送
T019,6795.0,109.1688578,23.0402714,338.5,投送
T019,6800.0,109.1688578,23.0402714,338.5,投送
T019,6805.0,109.1688578,23.0402714,338.5,投送
T019,6810.0,109.1688578,23.0402714,338.5,投送
T019,6815.0,109.1688578,23.0402714,338.5,投送
T019,6820.0,109.1688578,23.0402714,338.5,投送
T019,6825.0,109.1688578,23.0402714,338.5,投送
T019,6830.0,109.1688578,23.0402714,338.5,投送
T019,6835.0,109.1688578,23.0402714,338.5,投送
T019,6840.0,109.1688578,23.0402714,338.5,投送
T019,6845.0,109.1688578,23.0402714,338.5,投送
T019,6850.0,109.1688578,23.0402714,338.5,投送
T019,6855.0,109.1688578,23.0402714,338.5,投送
T019,6860.0,109.1688578,23.0402714,338.5,投送
T019,6865.0,109.1688578,23.0402714,338.5,投送
T019,6870.0,109.1688578,23.0402714,338.5,投送
T019,6875.0,109.1688578,23.0402714,338.5,投送
T019,6880.0,109.1688578,23.0402714,338.5,投送
T019,6885.0,109.1688578,23.0402714,338.5,投送
T019,6890.0,109.1688578,23.0402714,338.5,投送
T019,6895.0,109.1688578,23.0402714,338.5,投送
T019,6900.0,109.1688578,23.0402714,338.5,投送
T019,6905.0,109.1688578,23.0402714,338.5,投送
T019,6910.0,109.1688578,23.0402714,338.5,投送
T019,6915.0,109.1688578,23.0402714,338.5,投送
T019,6920.0,109.1688578,23.0402714,338.5,投送
T019,6925.0,109.1688578,23.0402714,338.5,投送
T019,6930.0,109.1688578,23.0402714,338.5,投送
T019,6935.0,109.1688578,23.0402714,338.5,投送
T019,6940.0,109.1688578,23.0402714,338.5,投送
T019,6945.0,109.1688578,23.0402714,338.5,投送
T019,6950.0,109.1688578,23.0402714,338.5,投送
T019,6955.0,109.1688578,23.0402714,338.5,投送
T019,6960.0,109.1688578,23.0402714,338.5,投送
T019,6965.0,109.1688578,23.0402714,338.5,投送
T019,6970.0,109.1688578,23.0402714,338.5,投送
T019,6975.0,109.1688578,23.0402714,338.5,投送
T019,6980.0,109.1688578,23.0402714,338.5,投送
T019,6985.0,109.1688578,23.0402714,338.5,投送
T019,6990.0,109.1688578,23.0402714,338.5,投送
T019,6995.0,109.1688578,23.0402714,338.5,投送
T019,7000.0,109.1688578,23.0402714,338.5,投送
T019,7005.0,109.1688578,23.0402714,338.5,投送
T019,7010.0,109.1688578,23.0402714,338.5,投送
T019,7015.0,109.1688578,23.0402714,338.5,投送
T019,7020.0,109.1688578,23.0402714,338.5,投送
T019,7025.0,109.1688578,23.0402714,338.5,投送
T019,7030.0,109.1688578,23.0402714,338.5,投送
T019,7035.0,109.1688578,23.0402714,340.48800706833936,爬升
T019,7040.0,109.1688578,23.0402714,352.98800706833936,爬升
T019,7045.0,109.1688578,23.0402714,365.48800706833936,爬升
T019,7050.0,109.1688578,23.0402714,377.98800706833936,爬升
T019,7055.0,109.1688578,23.0402714,390.48800706833936,爬升
T019,7060.0,109.1688578,23.0402714,402.98800706833936,爬升
T019,7065.0,109.1688578,23.0402714,415.48800706833936,爬升
T019,7070.0,109.1688578,23.0402714,427.98800706833936,爬升
T019,7075.0,109.1688578,23.0402714,440.48800706833936,爬升
T019,7080.0,109.1688578,23.0402714,452.98800706833936,爬升
T019,7085.0,109.1688578,23.0402714,465.48800706833936,爬升
T019,7090.0,109.1688578,23.0402714,477.98800706833936,爬升
T019,7095.0,109.1688578,23.0402714,490.48800706833936,爬升
T019,7100.0,109.1688578,23.0402714,502.98800706833936,爬升
T019,7105.0,109.1688578,23.0402714,515.4880070683394,爬升
T019,7110.0,109.1688578,23.0402714,527.9880070683394,爬升
T019,7115.0,109.1688578,23.0402714,540.4880070683394,爬升
T019,7120.0,109.1688578,23.0402714,552.9880070683394,爬升
T019,7125.0,109.1690465136943,23.04017471459245,561.8041381835938,巡航
T019,7130.0,109.16968685167934,23.03984664439446,561.8041381835938,巡航
T019,7135.0,109.1703271896644,23.039518574196467,561.8041381835938,巡航
T019,7140.0,109.17096752764945,23.039190503998476,561.8041381835938,巡航
T019,7145.0,109.1716078656345,23.038862433800485,561.8041381835938,巡航
T019,7150.0,109.17224820361955,23.038534363602494,561.8041381835938,巡航
T019,7155.0,109.17288854160459,23.038206293404503,561.8041381835938,巡航
T019,7160.0,109.17352887958964,23.037878223206512,561.8041381835938,巡航
T019,7165.0,109.17416921757469,23.037550153008517,561.8041381835938,巡航
T019,7170.0,109.17480955555973,23.037222082810526,561.8041381835938,巡航
T019,7175.0,109.17544989354478,23.036894012612535,561.8041381835938,巡航
T019,7180.0,109.17609023152983,23.036565942414544,561.8041381835938,巡航
T019,7185.0,109.17673056951487,23.036237872216553,561.8041381835938,巡航
T019,7190.0,109.17737090749992,23.035909802018562,561.8041381835938,巡航
T019,7195.0,109.17801124548497,23.03558173182057,561.8041381835938,巡航
T019,7200.0,109.17865158347001,23.03525366162258,561.8041381835938,巡航
T019,7205.0,109.17929192145506,23.03492559142459,561.8041381835938,巡航
T019,7210.0,109.17993225944011,23.034597521226598,561.8041381835938,巡航
T019,7215.0,109.18057259742515,23.034269451028603,561.8041381835938,巡航
T019,7220.0,109.1812129354102,23.033941380830612,561.8041381835938,巡航
T019,7225.0,109.18185327339525,23.03361331063262,561.8041381835938,巡航
T019,7230.0,109.1824936113803,23.03328524043463,561.8041381835938,巡航
T019,7235.0,109.18313394936534,23.03295717023664,561.8041381835938,巡航
T019,7240.0,109.18377428735039,23.032629100038648,561.8041381835938,巡航
T019,7245.0,109.18441462533544,23.032301029840657,561.8041381835938,巡航
T019,7250.0,109.18505496332048,23.031972959642665,561.8041381835938,巡航
T019,7255.0,109.18569530130553,23.031644889444674,561.8041381835938,巡航
T019,7260.0,109.18633563929058,23.031316819246683,561.8041381835938,巡航
T019,7265.0,109.18697597727562,23.030988749048692,561.8041381835938,巡航
T019,7270.0,109.18761631526067,23.030660678850698,561.8041381835938,巡航
T019,7275.0,109.18825665324572,23.030332608652706,561.8041381835938,巡航
T019,7280.0,109.18889699123076,23.030004538454715,561.8041381835938,巡航
T019,7285.0,109.18953732921581,23.029676468256724,561.8041381835938,巡航
T019,7290.0,109.19017766720086,23.029348398058733,561.8041381835938,巡航
T019,7295.0,109.1908180051859,23.029020327860742,561.8041381835938,巡航
T019,7300.0,109.19145834317095,23.02869225766275,561.8041381835938,巡航
T019,7305.0,109.192098681156,23.02836418746476,561.8041381835938,巡航
T019,7310.0,109.19273901914104,23.02803611726677,561.8041381835938,巡航
T019,7315.0,109.19337935712609,23.027708047068778,561.8041381835938,巡航
T019,7320.0,109.19401969511114,23.027379976870783,561.8041381835938,巡航
T019,7325.0,109.19466003309618,23.027051906672792,561.8041381835938,巡航
T019,7330.0,109.19530037108123,23.0267238364748,561.8041381835938,巡航
T019,7335.0,109.19594070906628,23.02639576627681,561.8041381835938,巡航
T019,7340.0,109.19658104705132,23.02606769607882,561.8041381835938,巡航
T019,7345.0,109.19722138503637,23.025739625880828,561.8041381835938,巡航
T019,7350.0,109.19786172302142,23.025411555682837,561.8041381835938,巡航
T019,7355.0,109.19850206100647,23.025083485484846,561.8041381835938,巡航
T019,7360.0,109.19914239899151,23.024755415286855,561.8041381835938,巡航
T019,7365.0,109.19978273697656,23.024427345088863,561.8041381835938,巡航
T019,7370.0,109.2004230749616,23.024099274890872,561.8041381835938,巡航
T019,7375.0,109.20106341294665,23.023771204692878,561.8041381835938,巡航
T019,7380.0,109.2017037509317,23.023443134494887,561.8041381835938,巡航
T019,7385.0,109.20234408891675,23.023115064296896,561.8041381835938,巡航
T019,7390.0,109.20298442690179,23.022786994098905,561.8041381835938,巡航
T019,7395.0,109.20362476488684,23.022458923900913,561.8041381835938,巡航
T019,7400.0,109.20426510287189,23.022130853702922,561.8041381835938,巡航
T019,7405.0,109.20490544085693,23.02180278350493,561.8041381835938,巡航
T019,7410.0,109.20554577884198,23.02147471330694,561.8041381835938,巡航
T019,7415.0,109.20618611682703,23.02114664310895,561.8041381835938,巡航
T019,7420.0,109.20682645481207,23.020818572910958,561.8041381835938,巡航
T019,7425.0,109.20746679279712,23.020490502712963,561.8041381835938,巡航
T019,7430.0,109.20810713078217,23.020162432514972,561.8041381835938,巡航
T019,7435.0,109.20874746876721,23.01983436231698,561.8041381835938,巡航
T019,7440.0,109.20938780675226,23.01950629211899,561.8041381835938,巡航
T019,7445.0,109.21002814473731,23.019178221921,561.8041381835938,巡航
T019,7450.0,109.21066848272235,23.018850151723008,561.8041381835938,巡航
T019,7455.0,109.2113088207074,23.018522081525017,561.8041381835938,巡航
T019,7460.0,109.21194915869245,23.018194011327026,561.8041381835938,巡航
T019,7465.0,109.2125894966775,23.017865941129035,561.8041381835938,巡航
T019,7470.0,109.21322983466254,23.017537870931044,561.8041381835938,巡航
T019,7475.0,109.21387017264759,23.01720980073305,561.8041381835938,巡航
T019,7480.0,109.21451051063264,23.016881730535058,561.8041381835938,巡航
T019,7485.0,109.21515084861768,23.016553660337067,561.8041381835938,巡航
T019,7490.0,109.21579118660273,23.016225590139076,561.8041381835938,巡航
T019,7495.0,109.21643152458778,23.015897519941085,561.8041381835938,巡航
T019,7500.0,109.21707186257282,23.015569449743094,561.8041381835938,巡航
T019,7505.0,109.21771220055787,23.015241379545103,561.8041381835938,巡航
T019,7510.0,109.21835253854292,23.01491330934711,561.8041381835938,巡航
T019,7515.0,109.21899287652796,23.01458523914912,561.8041381835938,巡航
T019,7520.0,109.21963321451301,23.01425716895113,561.8041381835938,巡航
T019,7525.0,109.22027355249806,23.013929098753138,561.8041381835938,巡航
T019,7530.0,109.2209138904831,23.013601028555144,561.8041381835938,巡航
T019,7535.0,109.22155422846815,23.013272958357152,561.8041381835938,巡航
T019,7540.0,109.2221945664532,23.01294488815916,561.8041381835938,巡航
T019,7545.0,109.22283490443824,23.01261681796117,561.8041381835938,巡航
T019,7550.0,109.22347524242329,23.01228874776318,561.8041381835938,巡航
T019,7555.0,109.22411558040834,23.011960677565188,561.8041381835938,巡航
T019,7560.0,109.22475591839338,23.011632607367197,561.8041381835938,巡航
T019,7565.0,109.22539625637843,23.011304537169206,561.8041381835938,巡航
T019,7570.0,109.22603659436348,23.010976466971215,561.8041381835938,巡航
T019,7575.0,109.22667693234852,23.010648396773224,561.8041381835938,巡航
T019,7580.0,109.22731727033357,23.01032032657523,561.8041381835938,巡航
T019,7585.0,109.22795760831862,23.009992256377238,561.8041381835938,巡航
T019,7590.0,109.22859794630367,23.009664186179247,561.8041381835938,巡航
T019,7595.0,109.22923828428871,23.009336115981256,561.8041381835938,巡航
T019,7600.0,109.22987862227376,23.009008045783265,561.8041381835938,巡航
T019,7605.0,109.2305189602588,23.008679975585274,561.8041381835938,巡航
T019,7610.0,109.2308517,23.0085095,557.0004524577544,下降
T019,7615.0,109.2308517,23.0085095,547.0004524577544,下降
T019,7620.0,109.2308517,23.0085095,537.0004524577544,下降
T019,7625.0,109.2308517,23.0085095,527.0004524577544,下降
T019,7630.0,109.2308517,23.0085095,517.0004524577542,下降
T019,7635.0,109.2308517,23.0085095,507.00045245775425,下降
T019,7640.0,109.2308517,23.0085095,497.00045245775425,下降
T019,7645.0,109.2308517,23.0085095,487.00045245775425,下降
T019,7650.0,109.2308517,23.0085095,477.00045245775425,下降
T019,7655.0,109.2308517,23.0085095,467.0004524577542,下降
T019,7660.0,109.2308517,23.0085095,457.0004524577542,下降
T019,7665.0,109.2308517,23.0085095,447.0004524577542,下降
T019,7670.0,109.2308517,23.0085095,437.00045245775414,下降
T019,7675.0,109.2308517,23.0085095,427.00045245775414,下降
T019,7680.0,109.2308517,23.0085095,417.00045245775414,下降
T019,7685.0,109.2308517,23.0085095,407.00045245775414,下降
T019,7690.0,109.2308517,23.0085095,397.0004524577541,下降
T019,7695.0,109.2308517,23.0085095,387.000452457754,下降
T019,7700.0,109.2308517,23.0085095,377.000452457754,下降
T019,7705.0,109.2308517,23.0085095,367.000452457754,下降
T019,7710.0,109.2308517,23.0085095,357.000452457754,下降
T019,7715.0,109.2308517,23.0085095,347.000452457754,下降
T019,7720.0,109.2308517,23.0085095,337.00045245775397,下降
T019,7725.0,109.2308517,23.0085095,327.00045245775397,下降
T019,7730.0,109.2308517,23.0085095,317.0004524577539,下降
T019,7735.0,109.2308517,23.0085095,307.0004524577539,下降
T019,7740.0,109.2308517,23.0085095,297.0004524577539,下降
T019,7745.0,109.2308517,23.0085095,287.0004524577539,下降
T019,7750.0,109.2308517,23.0085095,277.0004524577539,下降
T019,7755.0,109.2308517,23.0085095,267.00045245775385,下降
T019,7760.0,109.2308517,23.0085095,257.00045245775385,下降
T019,7765.0,109.2308517,23.0085095,247.00045245775385,下降
T019,7770.0,109.2308517,23.0085095,237.0004524577538,下降
T019,7775.0,109.2308517,23.0085095,227.0004524577538,下降
T019,7780.0,109.2308517,23.0085095,217.0004524577538,下降
T019,7785.0,109.2308517,23.0085095,207.00045245775374,下降
T019,7790.0,109.2308517,23.0085095,197.00045245775374,下降
T019,7795.0,109.2308517,23.0085095,187.00045245775374,下降
T019,7800.0,109.2308517,23.0085095,177.00045245775368,下降
T019,7805.0,109.2308517,23.0085095,167.00045245775368,下降
T019,7810.0,109.2308517,23.0085095,157.00045245775368,下降
T019,7815.0,109.2308517,23.0085095,147.00045245775362,下降
T019,7820.0,109.2308517,23.0085095,137.00045245775362,下降
T020,3805.0,109.2308517,23.0085095,127.71172366565607,爬升
T020,3810.0,109.2308517,23.0085095,142.71172366565608,爬升
T020,3815.0,109.2308517,23.0085095,157.7117236656561,爬升
T020,3820.0,109.2308517,23.0085095,172.71172366565614,爬升
T020,3825.0,109.2308517,23.0085095,187.71172366565617,爬升
T020,3830.0,109.2308517,23.0085095,202.71172366565617,爬升
T020,3835.0,109.2308517,23.0085095,217.71172366565622,爬升
T020,3840.0,109.2308517,23.0085095,232.71172366565622,爬升
T020,3845.0,109.2308517,23.0085095,247.71172366565628,爬升
T020,3850.0,109.2308517,23.0085095,262.7117236656563,爬升
T020,3855.0,109.2308517,23.0085095,277.7117236656563,爬升
T020,3860.0,109.2308517,23.0085095,292.71172366565634,爬升
T020,3865.0,109.2308517,23.0085095,307.71172366565634,爬升
T020,3870.0,109.23106579841333,23.008987296191922,311.21807861328125,巡航
T020,3875.0,109.2313452116182,23.009610853196353,311.21807861328125,巡航
T020,3880.0,109.23162462482308,23.010234410200784,311.21807861328125,巡航
T020,3885.0,109.23190403802798,23.01085796720521,311.21807861328125,巡航
T020,3890.0,109.23218345123286,23.011481524209643,311.21807861328125,巡航
T020,3895.0,109.23246286443774,23.012105081214074,311.21807861328125,巡航
T020,3900.0,109.23274227764261,23.012728638218505,311.21807861328125,巡航
T020,3905.0,109.2330216908475,23.013352195222932,311.21807861328125,巡航
T020,3910.0,109.23330110405239,23.013975752227363,311.21807861328125,巡航
T020,3915.0,109.23358051725727,23.014599309231794,311.21807861328125,巡航
T020,3920.0,109.23385993046215,23.015222866236225,311.21807861328125,巡航
T020,3925.0,109.23413934366702,23.015846423240657,311.21807861328125,巡航
T020,3930.0,109.23441875687192,23.016469980245084,311.21807861328125,巡航
T020,3935.0,109.2346981700768,23.017093537249515,311.21807861328125,巡航
T020,3940.0,109.23497758328168,23.017717094253946,311.21807861328125,巡航
T020,3945.0,109.23525699648656,23.018340651258377,311.21807861328125,巡航
T020,3950.0,109.23553640969143,23.018964208262805,311.21807861328125,巡航
T020,3955.0,109.23581582289633,23.019587765267236,311.21807861328125,巡航
T020,3960.0,109.2360952361012,23.020211322271667,311.21807861328125,巡航
T020,3965.0,109.23637464930609,23.020834879276098,311.21807861328125,巡航
T020,3970.0,109.23665406251096,23.02145843628053,311.21807861328125,巡航
T020,3975.0,109.23693347571584,23.022081993284957,311.21807861328125,巡航
T020,3980.0,109.23721288892074,23.022705550289388,311.21807861328125,巡航
T020,3985.0,109.23749230212562,23.02332910729382,311.21807861328125,巡航
T020,3990.0,109.2377717153305,23.02395266429825,311.21807861328125,巡航
T020,3995.0,109.23805112853537,23.024576221302677,311.21807861328125,巡航
T020,4000.0,109.23833054174025,23.02519977830711,311.21807861328125,巡航
T020,4005.0,109.23860995494515,23.02582333531154,311.21807861328125,巡航
T020,4010.0,109.23888936815003,23.02644689231597,311.21807861328125,巡航
T020,4015.0,109.2391687813549,23.0270704493204,311.21807861328125,巡航
T020,4020.0,109.23944819455978,23.02769400632483,311.21807861328125,巡航
T020,4025.0,109.23972760776466,23.02831756332926,311.21807861328125,巡航
T020,4030.0,109.24000702096956,23.02894112033369,311.21807861328125,巡航
T020,4035.0,109.24028643417444,23.029564677338122,311.21807861328125,巡航
T020,4040.0,109.24056584737932,23.03018823434255,311.21807861328125,巡航
T020,4045.0,109.2408452605842,23.03081179134698,311.21807861328125,巡航
T020,4050.0,109.24112467378909,23.031435348351412,311.21807861328125,巡航
T020,4055.0,109.24140408699397,23.032058905355843,311.21807861328125,巡航
T020,4060.0,109.24168350019885,23.032682462360274,311.21807861328125,巡航
T020,4065.0,109.24196291340373,23.0333060193647,311.21807861328125,巡航
T020,4070.0,109.2422423266086,23.033929576369133,311.21807861328125,巡航
T020,4075.0,109.2425217398135,23.034553133373564,311.21807861328125,巡航
T020,4080.0,109.24280115301838,23.035176690377995,311.21807861328125,巡航
T020,4085.0,109.24308056622326,23.035800247382422,311.21807861328125,巡航
T020,4090.0,109.24335997942813,23.036423804386853,311.21807861328125,巡航
T020,4095.0,109.24363939263301,23.037047361391284,311.21807861328125,巡航
T020,4100.0,109.24391880583791,23.037670918395715,311.21807861328125,巡航
T020,4105.0,109.24419821904279,23.038294475400146,311.21807861328125,巡航
T020,4110.0,109.24447763224767,23.038918032404574,311.21807861328125,巡航
T020,4115.0,109.24475704545254,23.039541589409005,311.21807861328125,巡航
T020,4120.0,109.24503645865742,23.040165146413436,311.21807861328125,巡航
T020,4125.0,109.24531587186232,23.040788703417867,311.21807861328125,巡航
T020,4130.0,109.2455952850672,23.041412260422295,311.21807861328125,巡航
T020,4135.0,109.24587469827208,23.042035817426726,311.21807861328125,巡航
T020,4140.0,109.24615411147695,23.042659374431157,311.21807861328125,巡航
T020,4145.0,109.24643352468183,23.043282931435588,311.21807861328125,巡航
T020,4150.0,109.24671293788673,23.04390648844002,311.21807861328125,巡航
T020,4155.0,109.2469923510916,23.044530045444446,311.21807861328125,巡航
T020,4160.0,109.24727176429649,23.045153602448877,311.21807861328125,巡航
T020,4165.0,109.24755117750136,23.04577715945331,311.21807861328125,巡航
T020,4170.0,109.24783059070626,23.04640071645774,311.21807861328125,巡航
T020,4175.0,109.24811000391114,23.047024273462167,311.21807861328125,巡航
T020,4180.0,109.24838941711602,23.047647830466598,311.21807861328125,巡航
T020,4185.0,109.2486688303209,23.04827138747103,311.21807861328125,巡航
T020,4190.0,109.24894824352577,23.04889494447546,311.21807861328125,巡航
T020,4195.0,109.24922765673067,23.04951850147989,311.21807861328125,巡航
T020,4200.0,109.24950706993555,23.05014205848432,311.21807861328125,巡航
T020,4205.0,109.24978648314043,23.05076561548875,311.21807861328125,巡航
T020,4210.0,109.2500658963453,23.05138917249318,311.21807861328125,巡航
T020,4215.0,109.25034530955018,23.052012729497612,311.21807861328125,巡航
T020,4220.0,109.25062472275508,23.05263628650204,311.21807861328125,巡航
T020,4225.0,109.25090413595996,23.05325984350647,311.21807861328125,巡航
T020,4230.0,109.25118354916484,23.0538834005109,311.21807861328125,巡航
T020,4235.0,109.25146296236971,23.054506957515333,311.21807861328125,巡航
T020,4240.0,109.2517423755746,23.055130514519764,311.21807861328125,巡航
T020,4245.0,109.25202178877949,23.05575407152419,311.21807861328125,巡航
T020,4250.0,109.25230120198437,23.056377628528622,311.21807861328125,巡航
T020,4255.0,109.25258061518925,23.057001185533053,311.21807861328125,巡航
T020,4260.0,109.25286002839412,23.057624742537485,311.21807861328125,巡航
T020,4265.0,109.253139441599,23.058248299541912,311.21807861328125,巡航
T020,4270.0,109.2534188548039,23.058871856546343,311.21807861328125,巡航
T020,4275.0,109.25369826800878,23.059495413550774,311.21807861328125,巡航
T020,4280.0,109.25397768121366,23.060118970555205,311.21807861328125,巡航
T020,4285.0,109.25425709441853,23.060742527559636,311.21807861328125,巡航
T020,4290.0,109.25453650762341,23.061366084564064,311.21807861328125,巡航
T020,4295.0,109.2548159208283,23.061989641568495,311.21807861328125,巡航
T020,4300.0,109.25509533403319,23.062613198572926,311.21807861328125,巡航
T020,4305.0,109.25537474723806,23.063236755577357,311.21807861328125,巡航
T020,4310.0,109.25565416044294,23.063860312581784,311.21807861328125,巡航
T020,4315.0,109.25593357364784,23.064483869586216,311.21807861328125,巡航
T020,4320.0,109.25621298685272,23.065107426590647,311.21807861328125,巡航
T020,4325.0,109.2564924000576,23.065730983595078,311.21807861328125,巡航
T020,4330.0,109.25677181326247,23.06635454059951,311.21807861328125,巡航
T020,4335.0,109.25705122646735,23.066978097603936,311.21807861328125,巡航
T020,4340.0,109.25733063967225,23.067601654608367,311.21807861328125,巡航
T020,4345.0,109.25761005287713,23.0682252116128,311.21807861328125,巡航
T020,4350.0,109.257889466082,23.06884876861723,311.21807861328125,巡航
T020,4355.0,109.25816887928688,23.069472325621657,311.21807861328125,巡航
T020,4360.0,109.25844829249176,23.070095882626088,311.21807861328125,巡航
T020,4365.0,109.2585519,23.0703271,303.3531274594297,下降
T020,4370.0,109.2585519,23.0703271,290.8531274594295,下降
T020,4375.0,109.2585519,23.0703271,278.3531274594294,下降
T020,4380.0,109.2585519,23.0703271,265.8531274594293,下降
T020,4385.0,109.2585519,23.0703271,253.35312745942917,下降
T020,4390.0,109.2585519,23.0703271,240.85312745942906,下降
T020,4395.0,109.2585519,23.0703271,228.35312745942892,下降
T020,4400.0,109.2585519,23.0703271,219.5,投送
T020,4405.0,109.2585519,23.0703271,219.5,投送
T020,4410.0,109.2585519,23.0703271,219.5,投送
T020,4415.0,109.2585519,23.0703271,219.5,投送
T020,4420.0,109.2585519,23.0703271,219.5,投送
T020,4425.0,109.2585519,23.0703271,219.5,投送
T020,4430.0,109.2585519,23.0703271,219.5,投送
T020,4435.0,109.2585519,23.0703271,219.5,投送
T020,4440.0,109.2585519,23.0703271,219.5,投送
T020,4445.0,109.2585519,23.0703271,219.5,投送
T020,4450.0,109.2585519,23.0703271,219.5,投送
T020,4455.0,109.2585519,23.0703271,219.5,投送
T020,4460.0,109.2585519,23.0703271,219.5,投送
T020,4465.0,109.2585519,23.0703271,219.5,投送
T020,4470.0,109.2585519,23.0703271,219.5,投送
T020,4475.0,109.2585519,23.0703271,219.5,投送
T020,4480.0,109.2585519,23.0703271,219.5,投送
T020,4485.0,109.2585519,23.0703271,219.5,投送
T020,4490.0,109.2585519,23.0703271,219.5,投送
T020,4495.0,109.2585519,23.0703271,219.5,投送
T020,4500.0,109.2585519,23.0703271,219.5,投送
T020,4505.0,109.2585519,23.0703271,219.5,投送
T020,4510.0,109.2585519,23.0703271,219.5,投送
T020,4515.0,109.2585519,23.0703271,219.5,投送
T020,4520.0,109.2585519,23.0703271,219.5,投送
T020,4525.0,109.2585519,23.0703271,219.5,投送
T020,4530.0,109.2585519,23.0703271,219.5,投送
T020,4535.0,109.2585519,23.0703271,219.5,投送
T020,4540.0,109.2585519,23.0703271,219.5,投送
T020,4545.0,109.2585519,23.0703271,219.5,投送
T020,4550.0,109.2585519,23.0703271,219.5,投送
T020,4555.0,109.2585519,23.0703271,219.5,投送
T020,4560.0,109.2585519,23.0703271,219.5,投送
T020,4565.0,109.2585519,23.0703271,219.5,投送
T020,4570.0,109.2585519,23.0703271,219.5,投送
T020,4575.0,109.2585519,23.0703271,219.5,投送
T020,4580.0,109.2585519,23.0703271,219.5,投送
T020,4585.0,109.2585519,23.0703271,219.5,投送
T020,4590.0,109.2585519,23.0703271,219.5,投送
T020,4595.0,109.2585519,23.0703271,219.5,投送
T020,4600.0,109.2585519,23.0703271,219.5,投送
T020,4605.0,109.2585519,23.0703271,219.5,投送
T020,4610.0,109.2585519,23.0703271,223.8762470486854,爬升
T020,4615.0,109.2585519,23.0703271,238.8762470486854,爬升
T020,4620.0,109.2585519,23.0703271,253.8762470486854,爬升
T020,4625.0,109.2585519,23.0703271,268.8762470486854,爬升
T020,4630.0,109.2585519,23.0703271,283.8762470486854,爬升
T020,4635.0,109.2585519,23.0703271,298.8762470486854,爬升
T020,4640.0,109.25850238484256,23.070216598696877,311.21807861328125,巡航
T020,4645.0,109.25822297163768,23.069593041692446,311.21807861328125,巡航
T020,4650.0,109.2579435584328,23.068969484688015,311.21807861328125,巡航
T020,4655.0,109.2576641452279,23.068345927683584,311.21807861328125,巡航
T020,4660.0,109.25738473202303,23.067722370679157,311.21807861328125,巡航
T020,4665.0,109.25710531881815,23.067098813674725,311.21807861328125,巡航
T020,4670.0,109.25682590561327,23.066475256670294,311.21807861328125,巡航
T020,4675.0,109.25654649240838,23.065851699665863,311.21807861328125,巡航
T020,4680.0,109.2562670792035,23.065228142661436,311.21807861328125,巡航
T020,4685.0,109.25598766599862,23.064604585657005,311.21807861328125,巡航
T020,4690.0,109.25570825279374,23.063981028652574,311.21807861328125,巡航
T020,4695.0,109.25542883958886,23.063357471648143,311.21807861328125,巡航
T020,4700.0,109.25514942638397,23.06273391464371,311.21807861328125,巡航
T020,4705.0,109.25487001317909,23.062110357639284,311.21807861328125,巡航
T020,4710.0,109.25459059997421,23.061486800634853,311.21807861328125,巡航
T020,4715.0,109.25431118676933,23.060863243630422,311.21807861328125,巡航
T020,4720.0,109.25403177356445,23.06023968662599,311.21807861328125,巡航
T020,4725.0,109.25375236035956,23.059616129621563,311.21807861328125,巡航
T020,4730.0,109.25347294715468,23.058992572617132,311.21807861328125,巡航
T020,4735.0,109.2531935339498,23.0583690156127,311.21807861328125,巡航
T020,4740.0,109.25291412074492,23.05774545860827,311.21807861328125,巡航
T020,4745.0,109.25263470754004,23.05712190160384,311.21807861328125,巡航
T020,4750.0,109.25235529433515,23.05649834459941,311.21807861328125,巡航
T020,4755.0,109.25207588113027,23.05587478759498,311.21807861328125,巡航
T020,4760.0,109.25179646792539,23.05525123059055,311.21807861328125,巡航
T020,4765.0,109.25151705472051,23.05462767358612,311.21807861328125,巡航
T020,4770.0,109.25123764151563,23.05400411658169,311.21807861328125,巡航
T020,4775.0,109.25095822831074,23.05338055957726,311.21807861328125,巡航
T020,4780.0,109.25067881510586,23.05275700257283,311.21807861328125,巡航
T020,4785.0,109.25039940190098,23.052133445568398,311.21807861328125,巡航
T020,4790.0,109.2501199886961,23.051509888563967,311.21807861328125,巡航
T020,4795.0,109.2498405754912,23.05088633155954,311.21807861328125,巡航
T020,4800.0,109.24956116228633,23.050262774555108,311.21807861328125,巡航
T020,4805.0,109.24928174908145,23.049639217550677,311.21807861328125,巡航
T020,4810.0,109.24900233587657,23.049015660546246,311.21807861328125,巡航
T020,4815.0,109.24872292267169,23.04839210354182,311.21807861328125,巡航
T020,4820.0,109.2484435094668,23.047768546537387,311.21807861328125,巡航
T020,4825.0,109.24816409626192,23.047144989532956,311.21807861328125,巡航
T020,4830.0,109.24788468305704,23.046521432528525,311.21807861328125,巡航
T020,4835.0,109.24760526985216,23.045897875524094,311.21807861328125,巡航
T020,4840.0,109.24732585664728,23.045274318519667,311.21807861328125,巡航
T020,4845.0,109.24704644344239,23.044650761515236,311.21807861328125,巡航
T020,4850.0,109.2467670302375,23.044027204510805,311.21807861328125,巡航
T020,4855.0,109.24648761703263,23.043403647506373,311.21807861328125,巡航
T020,4860.0,109.24620820382775,23.042780090501946,311.21807861328125,巡航
T020,4865.0,109.24592879062287,23.042156533497515,311.21807861328125,巡航
T020,4870.0,109.24564937741798,23.041532976493084,311.21807861328125,巡航
T020,4875.0,109.2453699642131,23.040909419488653,311.21807861328125,巡航
T020,4880.0,109.24509055100822,23.04028586248422,311.21807861328125,巡航
T020,4885.0,109.24481113780334,23.039662305479794,311.21807861328125,巡航
T020,4890.0,109.24453172459846,23.039038748475363,311.21807861328125,巡航
T020,4895.0,109.24425231139357,23.038415191470932,311.21807861328125,巡航
T020,4900.0,109.24397289818869,23.0377916344665,311.21807861328125,巡航
T020,4905.0,109.24369348498381,23.037168077462074,311.21807861328125,巡航
T020,4910.0,109.24341407177893,23.036544520457642,311.21807861328125,巡航
T020,4915.0,109.24313465857405,23.03592096345321,311.21807861328125,巡航
T020,4920.0,109.24285524536916,23.03529740644878,311.21807861328125,巡航
T020,4925.0,109.24257583216428,23.03467384944435,311.21807861328125,巡航
T020,4930.0,109.2422964189594,23.03405029243992,311.21807861328125,巡航
T020,4935.0,109.24201700575452,23.03342673543549,311.21807861328125,巡航
T020,4940.0,109.24173759254963,23.03280317843106,311.21807861328125,巡航
T020,4945.0,109.24145817934475,23.03217962142663,311.21807861328125,巡航
T020,4950.0,109.24117876613987,23.0315560644222,311.21807861328125,巡航
T020,4955.0,109.24089935293499,23.03093250741777,311.21807861328125,巡航
T020,4960.0,109.24061993973011,23.03030895041334,311.21807861328125,巡航
T020,4965.0,109.24034052652522,23.029685393408908,311.21807861328125,巡航
T020,4970.0,109.24006111332034,23.029061836404477,311.21807861328125,巡航
T020,4975.0,109.23978170011546,23.02843827940005,311.21807861328125,巡航
T020,4980.0,109.23950228691058,23.027814722395618,311.21807861328125,巡航
T020,4985.0,109.2392228737057,23.027191165391187,311.21807861328125,巡航
T020,4990.0,109.2389434605008,23.026567608386756,311.21807861328125,巡航
T020,4995.0,109.23866404729593,23.02594405138233,311.21807861328125,巡航
T020,5000.0,109.23838463409105,23.025320494377898,311.21807861328125,巡航
T020,5005.0,109.23810522088617,23.024696937373466,311.21807861328125,巡航
T020,5010.0,109.23782580768129,23.024073380369035,311.21807861328125,巡航
T020,5015.0,109.2375463944764,23.023449823364604,311.21807861328125,巡航
T020,5020.0,109.23726698127152,23.022826266360177,311.21807861328125,巡航
T020,5025.0,109.23698756806664,23.022202709355746,311.21807861328125,巡航
T020,5030.0,109.23670815486176,23.021579152351315,311.21807861328125,巡航
T020,5035.0,109.23642874165688,23.020955595346884,311.21807861328125,巡航
T020,5040.0,109.23614932845199,23.020332038342456,311.21807861328125,巡航
T020,5045.0,109.23586991524711,23.019708481338025,311.21807861328125,巡航
T020,5050.0,109.23559050204223,23.019084924333594,311.21807861328125,巡航
T020,5055.0,109.23531108883735,23.018461367329163,311.21807861328125,巡航
T020,5060.0,109.23503167563246,23.017837810324732,311.21807861328125,巡航
T020,5065.0,109.23475226242758,23.017214253320304,311.21807861328125,巡航
T020,5070.0,109.2344728492227,23.016590696315873,311.21807861328125,巡航
T020,5075.0,109.23419343601782,23.015967139311442,311.21807861328125,巡航
T020,5080.0,109.23391402281294,23.01534358230701,311.21807861328125,巡航
T020,5085.0,109.23363460960805,23.014720025302584,311.21807861328125,巡航
T020,5090.0,109.23335519640317,23.014096468298153,311.21807861328125,巡航
T020,5095.0,109.23307578319829,23.01347291129372,311.21807861328125,巡航
T020,5100.0,109.23279636999341,23.01284935428929,311.21807861328125,巡航
T020,5105.0,109.23251695678853,23.01222579728486,311.21807861328125,巡航
T020,5110.0,109.23223754358364,23.011602240280432,311.21807861328125,巡航
T020,5115.0,109.23195813037876,23.010978683276,311.21807861328125,巡航
T020,5120.0,109.23167871717388,23.01035512627157,311.21807861328125,巡航
T020,5125.0,109.231399303969,23.00973156926714,311.21807861328125,巡航
T020,5130.0,109.23111989076412,23.00910801226271,311.21807861328125,巡航
T020,5135.0,109.2308517,23.0085095,310.7160246402377,下降
T020,5140.0,109.2308517,23.0085095,298.2160246402377,下降
T020,5145.0,109.2308517,23.0085095,285.71602464023766,下降
T020,5150.0,109.2308517,23.0085095,273.21602464023766,下降
T020,5155.0,109.2308517,23.0085095,260.71602464023766,下降
T020,5160.0,109.2308517,23.0085095,248.21602464023763,下降
T020,5165.0,109.2308517,23.0085095,235.7160246402376,下降
T020,5170.0,109.2308517,23.0085095,223.21602464023758,下降
T020,5175.0,109.2308517,23.0085095,210.71602464023755,下降
T020,5180.0,109.2308517,23.0085095,198.21602464023755,下降
T020,5185.0,109.2308517,23.0085095,185.71602464023752,下降
T020,5190.0,109.2308517,23.0085095,173.21602464023752,下降
T020,5195.0,109.2308517,23.0085095,160.7160246402375,下降
T020,5200.0,109.2308517,23.0085095,148.21602464023746,下降
T020,5205.0,109.2308517,23.0085095,135.71602464023746,下降
T021,5570.0,109.2308517,23.0085095,133.08077043171235,爬升
T021,5575.0,109.2308517,23.0085095,148.0807704317124,爬升
T021,5580.0,109.2308517,23.0085095,163.08077043171244,爬升
T021,5585.0,109.2308517,23.0085095,178.0807704317125,爬升
T021,5590.0,109.2308517,23.0085095,193.08077043171255,爬升
T021,5595.0,109.2308517,23.0085095,208.08077043171258,爬升
T021,5600.0,109.2308517,23.0085095,223.08077043171264,爬升
T021,5605.0,109.2308517,23.0085095,238.08077043171266,爬升
T021,5610.0,109.2308517,23.0085095,253.08077043171272,爬升
T021,5615.0,109.2308517,23.0085095,268.0807704317128,爬升
T021,5620.0,109.2308517,23.0085095,283.08077043171284,爬升
T021,5625.0,109.2308517,23.0085095,298.08077043171284,爬升
T021,5630.0,109.2308517,23.0085095,313.0807704317129,爬升
T021,5635.0,109.2308517,23.0085095,328.08077043171295,爬升
T021,5640.0,109.2308517,23.0085095,343.080770431713,爬升
T021,5645.0,109.2308517,23.0085095,358.08077043171306,爬升
T021,5650.0,109.2306238790801,23.008503666635814,368.4154968261719,巡航
T021,5655.0,109.22989137889095,23.008484910937835,368.4154968261719,巡航
T021,5660.0,109.2291588787018,23.00846615523985,368.4154968261719,巡航
T021,5665.0,109.22842637851264,23.00844739954187,368.4154968261719,巡航
T021,5670.0,109.22769387832349,23.00842864384389,368.4154968261719,巡航
T021,5675.0,109.22696137813433,23.008409888145906,368.4154968261719,巡航
T021,5680.0,109.22622887794519,23.008391132447926,368.4154968261719,巡航
T021,5685.0,109.22549637775603,23.008372376749943,368.4154968261719,巡航
T021,5690.0,109.22476387756687,23.00835362105196,368.4154968261719,巡航
T021,5695.0,109.22403137737773,23.00833486535398,368.4154968261719,巡航
T021,5700.0,109.22329887718857,23.008316109655997,368.4154968261719,巡航
T021,5705.0,109.22256637699941,23.008297353958014,368.4154968261719,巡航
T021,5710.0,109.22183387681027,23.008278598260034,368.4154968261719,巡航
T021,5715.0,109.2211013766211,23.00825984256205,368.4154968261719,巡航
T021,5720.0,109.22036887643196,23.008241086864068,368.4154968261719,巡航
T021,5725.0,109.2196363762428,23.00822233116609,368.4154968261719,巡航
T021,5730.0,109.21890387605364,23.008203575468105,368.4154968261719,巡航
T021,5735.0,109.2181713758645,23.008184819770126,368.4154968261719,巡航
T021,5740.0,109.21743887567534,23.008166064072142,368.4154968261719,巡航
T021,5745.0,109.2167063754862,23.00814730837416,368.4154968261719,巡航
T021,5750.0,109.21597387529704,23.00812855267618,368.4154968261719,巡航
T021,5755.0,109.21524137510788,23.008109796978196,368.4154968261719,巡航
T021,5760.0,109.21450887491874,23.008091041280213,368.4154968261719,巡航
T021,5765.0,109.21377637472958,23.008072285582234,368.4154968261719,巡航
T021,5770.0,109.21304387454043,23.00805352988425,368.4154968261719,巡航
T021,5775.0,109.21231137435127,23.008034774186267,368.4154968261719,巡航
T021,5780.0,109.21157887416211,23.008016018488288,368.4154968261719,巡航
T021,5785.0,109.21084637397297,23.007997262790305,368.4154968261719,巡航
T021,5790.0,109.21011387378381,23.007978507092325,368.4154968261719,巡航
T021,5795.0,109.20938137359467,23.007959751394342,368.4154968261719,巡航
T021,5800.0,109.20864887340551,23.00794099569636,368.4154968261719,巡航
T021,5805.0,109.20791637321635,23.00792223999838,368.4154968261719,巡航
T021,5810.0,109.2071838730272,23.007903484300396,368.4154968261719,巡航
T021,5815.0,109.20645137283805,23.007884728602413,368.4154968261719,巡航
T021,5820.0,109.2057188726489,23.007865972904433,368.4154968261719,巡航
T021,5825.0,109.20498637245974,23.00784721720645,368.4154968261719,巡航
T021,5830.0,109.20425387227058,23.007828461508467,368.4154968261719,巡航
T021,5835.0,109.20352137208144,23.007809705810487,368.4154968261719,巡航
T021,5840.0,109.20278887189228,23.007790950112504,368.4154968261719,巡航
T021,5845.0,109.20205637170312,23.00777219441452,368.4154968261719,巡航
T021,5850.0,109.20132387151398,23.00775343871654,368.4154968261719,巡航
T021,5855.0,109.20059137132482,23.00773468301856,368.4154968261719,巡航
T021,5860.0,109.19985887113567,23.00771592732058,368.4154968261719,巡航
T021,5865.0,109.1997836,23.007714,357.19998686420274,下降
T021,5870.0,109.1997836,23.007714,344.6999868642026,下降
T021,5875.0,109.1997836,23.007714,332.19998686420246,下降
T021,5880.0,109.1997836,23.007714,319.6999868642023,下降
T021,5885.0,109.1997836,23.007714,314.8,投送
T021,5890.0,109.1997836,23.007714,314.8,投送
T021,5895.0,109.1997836,23.007714,314.8,投送
T021,5900.0,109.1997836,23.007714,314.8,投送
T021,5905.0,109.1997836,23.007714,314.8,投送
T021,5910.0,109.1997836,23.007714,314.8,投送
T021,5915.0,109.1997836,23.007714,314.8,投送
T021,5920.0,109.1997836,23.007714,314.8,投送
T021,5925.0,109.1997836,23.007714,314.8,投送
T021,5930.0,109.1997836,23.007714,314.8,投送
T021,5935.0,109.1997836,23.007714,314.8,投送
T021,5940.0,109.1997836,23.007714,314.8,投送
T021,5945.0,109.1997836,23.007714,314.8,投送
T021,5950.0,109.1997836,23.007714,314.8,投送
T021,5955.0,109.1997836,23.007714,314.8,投送
T021,5960.0,109.1997836,23.007714,314.8,投送
T021,5965.0,109.1997836,23.007714,314.8,投送
T021,5970.0,109.1997836,23.007714,314.8,投送
T021,5975.0,109.1997836,23.007714,314.8,投送
T021,5980.0,109.1997836,23.007714,314.8,投送
T021,5985.0,109.1997836,23.007714,314.8,投送
T021,5990.0,109.1997836,23.007714,314.8,投送
T021,5995.0,109.1997836,23.007714,314.8,投送
T021,6000.0,109.1997836,23.007714,314.8,投送
T021,6005.0,109.1997836,23.007714,314.8,投送
T021,6010.0,109.1997836,23.007714,314.8,投送
T021,6015.0,109.1997836,23.007714,314.8,投送
T021,6020.0,109.1997836,23.007714,314.8,投送
T021,6025.0,109.1997836,23.007714,314.8,投送
T021,6030.0,109.1997836,23.007714,314.8,投送
T021,6035.0,109.1997836,23.007714,314.8,投送
T021,6040.0,109.1997836,23.007714,314.8,投送
T021,6045.0,109.1997836,23.007714,314.8,投送
T021,6050.0,109.1997836,23.007714,314.8,投送
T021,6055.0,109.1997836,23.007714,314.8,投送
T021,6060.0,109.1997836,23.007714,314.8,投送
T021,6065.0,109.1997836,23.007714,314.8,投送
T021,6070.0,109.1997836,23.007714,314.8,投送
T021,6075.0,109.1997836,23.007714,314.8,投送
T021,6080.0,109.1997836,23.007714,314.8,投送
T021,6085.0,109.1997836,23.007714,314.8,投送
T021,6090.0,109.1997836,23.007714,314.8,投送
T021,6095.0,109.1997836,23.007714,323.9200157629575,爬升
T021,6100.0,109.1997836,23.007714,338.92001576295786,爬升
T021,6105.0,109.1997836,23.007714,353.92001576295814,爬升
T021,6110.0,109.19980823734778,23.00771463084032,368.4154968261719,巡航
T021,6115.0,109.20054073753693,23.007733386538302,368.4154968261719,巡航
T021,6120.0,109.20127323772608,23.007752142236285,368.4154968261719,巡航
T021,6125.0,109.20200573791524,23.007770897934265,368.4154968261719,巡航
T021,6130.0,109.20273823810439,23.007789653632248,368.4154968261719,巡航
T021,6135.0,109.20347073829355,23.00780840933023,368.4154968261719,巡航
T021,6140.0,109.20420323848269,23.00782716502821,368.4154968261719,巡航
T021,6145.0,109.20493573867185,23.007845920726194,368.4154968261719,巡航
T021,6150.0,109.20566823886101,23.007864676424177,368.4154968261719,巡航
T021,6155.0,109.20640073905015,23.007883432122156,368.4154968261719,巡航
T021,6160.0,109.20713323923931,23.00790218782014,368.4154968261719,巡航
T021,6165.0,109.20786573942847,23.00792094351812,368.4154968261719,巡航
T021,6170.0,109.20859823961761,23.007939699216102,368.4154968261719,巡航
T021,6175.0,109.20933073980677,23.007958454914085,368.4154968261719,巡航
T021,6180.0,109.21006323999592,23.007977210612065,368.4154968261719,巡航
T021,6185.0,109.21079574018508,23.007995966310048,368.4154968261719,巡航
T021,6190.0,109.21152824037424,23.00801472200803,368.4154968261719,巡航
T021,6195.0,109.21226074056338,23.00803347770601,368.4154968261719,巡航
T021,6200.0,109.21299324075254,23.008052233403994,368.4154968261719,巡航
T021,6205.0,109.21372574094168,23.008070989101977,368.4154968261719,巡航
T021,6210.0,109.21445824113084,23.008089744799957,368.4154968261719,巡航
T021,6215.0,109.21519074132,23.00810850049794,368.4154968261719,巡航
T021,6220.0,109.21592324150915,23.008127256195923,368.4154968261719,巡航
T021,6225.0,109.2166557416983,23.008146011893903,368.4154968261719,巡航
T021,6230.0,109.21738824188745,23.008164767591886,368.4154968261719,巡航
T021,6235.0,109.21812074207661,23.008183523289865,368.4154968261719,巡航
T021,6240.0,109.21885324226577,23.00820227898785,368.4154968261719,巡航
T021,6245.0,109.21958574245491,23.008221034685832,368.4154968261719,巡航
T021,6250.0,109.22031824264407,23.00823979038381,368.4154968261719,巡航
T021,6255.0,109.22105074283321,23.008258546081795,368.4154968261719,巡航
T021,6260.0,109.22178324302237,23.008277301779778,368.4154968261719,巡航
T021,6265.0,109.22251574321153,23.008296057477757,368.4154968261719,巡航
T021,6270.0,109.22324824340068,23.00831481317574,368.4154968261719,巡航
T021,6275.0,109.22398074358983,23.008333568873724,368.4154968261719,巡航
T021,6280.0,109.22471324377898,23.008352324571703,368.4154968261719,巡航
T021,6285.0,109.22544574396814,23.008371080269686,368.4154968261719,巡航
T021,6290.0,109.2261782441573,23.008389835967666,368.4154968261719,巡航
T021,6295.0,109.22691074434644,23.00840859166565,368.4154968261719,巡航
T021,6300.0,109.2276432445356,23.008427347363632,368.4154968261719,巡航
T021,6305.0,109.22837574472476,23.008446103061612,368.4154968261719,巡航
T021,6310.0,109.2291082449139,23.008464858759595,368.4154968261719,巡航
T021,6315.0,109.22984074510306,23.008483614457578,368.4154968261719,巡航
T021,6320.0,109.2305732452922,23.008502370155558,368.4154968261719,巡航
T021,6325.0,109.2308517,23.0085095,360.6672824214984,下降
T021,6330.0,109.2308517,23.0085095,348.1672824214984,下降
T021,6335.0,109.2308517,23.0085095,335.6672824214983,下降
T021,6340.0,109.2308517,23.0085095,323.1672824214983,下降
T021,6345.0,109.2308517,23.0085095,310.6672824214983,下降
T021,6350.0,109.2308517,23.0085095,298.1672824214983,下降
T021,6355.0,109.2308517,23.0085095,285.66728242149827,下降
T021,6360.0,109.2308517,23.0085095,273.16728242149827,下降
T021,6365.0,109.2308517,23.0085095,260.66728242149827,下降
T021,6370.0,109.2308517,23.0085095,248.16728242149824,下降
T021,6375.0,109.2308517,23.0085095,235.66728242149824,下降
T021,6380.0,109.2308517,23.0085095,223.16728242149821,下降
T021,6385.0,109.2308517,23.0085095,210.6672824214982,下降
T021,6390.0,109.2308517,23.0085095,198.1672824214982,下降
T021,6395.0,109.2308517,23.0085095,185.6672824214982,下降
T021,6400.0,109.2308517,23.0085095,173.16728242149816,下降
T021,6405.0,109.2308517,23.0085095,160.66728242149816,下降
T021,6410.0,109.2308517,23.0085095,148.16728242149813,下降
T021,6415.0,109.2308517,23.0085095,135.6672824214981,下降
T022,2780.0,109.2308517,23.0085095,132.24041221978516,爬升
T022,2785.0,109.2308517,23.0085095,147.24041221978518,爬升
T022,2790.0,109.2308517,23.0085095,162.2404122197852,爬升
T022,2795.0,109.2308517,23.0085095,177.24041221978524,爬升
T022,2800.0,109.2308517,23.0085095,192.24041221978527,爬升
T022,2805.0,109.2308517,23.0085095,207.2404122197853,爬升
T022,2810.0,109.2308517,23.0085095,222.24041221978533,爬升
T022,2815.0,109.2308517,23.0085095,237.24041221978536,爬升
T022,2820.0,109.2308517,23.0085095,252.24041221978538,爬升
T022,2825.0,109.2308517,23.0085095,267.2404122197854,爬升
T022,2830.0,109.23100015842729,23.008810287743607,273.0566101074219,巡航
T022,2835.0,109.23124263712862,23.00930156750976,273.0566101074219,巡航
T022,2840.0,109.23148511582993,23.009792847275907,273.0566101074219,巡航
T022,2845.0,109.23172759453125,23.010284127042056,273.0566101074219,巡航
T022,2850.0,109.23197007323256,23.010775406808207,273.0566101074219,巡航
T022,2855.0,109.23221255193388,23.011266686574356,273.0566101074219,巡航
T022,2860.0,109.2324550306352,23.011757966340507,273.0566101074219,巡航
T022,2865.0,109.23269750933652,23.012249246106656,273.0566101074219,巡航
T022,2870.0,109.23293998803783,23.012740525872807,273.0566101074219,巡航
T022,2875.0,109.23318246673915,23.013231805638956,273.0566101074219,巡航
T022,2880.0,109.23342494544046,23.013723085405108,273.0566101074219,巡航
T022,2885.0,109.23366742414179,23.014214365171256,273.0566101074219,巡航
T022,2890.0,109.23390990284311,23.014705644937404,273.0566101074219,巡航
T022,2895.0,109.23415238154442,23.015196924703556,273.0566101074219,巡航
T022,2900.0,109.23439486024574,23.015688204469704,273.0566101074219,巡航
T022,2905.0,109.23463733894705,23.016179484235856,273.0566101074219,巡航
T022,2910.0,109.23487981764838,23.016670764002004,273.0566101074219,巡航
T022,2915.0,109.23512229634969,23.017162043768156,273.0566101074219,巡航
T022,2920.0,109.23536477505101,23.017653323534304,273.0566101074219,巡航
T022,2925.0,109.23560725375232,23.018144603300456,273.0566101074219,巡航
T022,2930.0,109.23584973245364,23.018635883066604,273.0566101074219,巡航
T022,2935.0,109.23609221115495,23.019127162832756,273.0566101074219,巡航
T022,2940.0,109.23633468985628,23.019618442598905,273.0566101074219,巡航
T022,2945.0,109.23657716855759,23.020109722365053,273.0566101074219,巡航
T022,2950.0,109.23681964725891,23.020601002131205,273.0566101074219,巡航
T022,2955.0,109.23706212596024,23.021092281897353,273.0566101074219,巡航
T022,2960.0,109.23730460466155,23.021583561663505,273.0566101074219,巡航
T022,2965.0,109.23754708336287,23.022074841429653,273.0566101074219,巡航
T022,2970.0,109.23778956206418,23.022566121195805,273.0566101074219,巡航
T022,2975.0,109.2380320407655,23.023057400961953,273.0566101074219,巡航
T022,2980.0,109.23827451946681,23.023548680728105,273.0566101074219,巡航
T022,2985.0,109.23851699816814,23.024039960494253,273.0566101074219,巡航
T022,2990.0,109.23875947686945,23.0245312402604,273.0566101074219,巡航
T022,2995.0,109.23900195557077,23.025022520026553,273.0566101074219,巡航
T022,3000.0,109.23924443427208,23.0255137997927,273.0566101074219,巡航
T022,3005.0,109.2394869129734,23.026005079558853,273.0566101074219,巡航
T022,3010.0,109.23972939167473,23.026496359325,273.0566101074219,巡航
T022,3015.0,109.23997187037604,23.026987639091153,273.0566101074219,巡航
T022,3020.0,109.24021434907736,23.0274789188573,273.0566101074219,巡航
T022,3025.0,109.24045682777867,23.027970198623454,273.0566101074219,巡航
T022,3030.0,109.24069930648,23.028461478389602,273.0566101074219,巡航
T022,3035.0,109.2409417851813,23.028952758155754,273.0566101074219,巡航
T022,3040.0,109.24118426388263,23.029444037921902,273.0566101074219,巡航
T022,3045.0,109.24142674258394,23.02993531768805,273.0566101074219,巡航
T022,3050.0,109.24166922128526,23.030426597454202,273.0566101074219,巡航
T022,3055.0,109.24191169998657,23.03091787722035,273.0566101074219,巡航
T022,3060.0,109.2421541786879,23.031409156986502,273.0566101074219,巡航
T022,3065.0,109.24239665738921,23.03190043675265,273.0566101074219,巡航
T022,3070.0,109.24263913609053,23.032391716518802,273.0566101074219,巡航
T022,3075.0,109.24288161479186,23.03288299628495,273.0566101074219,巡航
T022,3080.0,109.24312409349317,23.033374276051102,273.0566101074219,巡航
T022,3085.0,109.2432319,23.0335927,266.11413465730766,下降
T022,3090.0,109.2432319,23.0335927,253.6141346573076,下降
T022,3095.0,109.2432319,23.0335927,241.11413465730757,下降
T022,3100.0,109.2432319,23.0335927,228.61413465730755,下降
T022,3105.0,109.2432319,23.0335927,216.11413465730752,下降
T022,3110.0,109.2432319,23.0335927,203.6141346573075,下降
T022,3115.0,109.2432319,23.0335927,191.11413465730743,下降
T022,3120.0,109.2432319,23.0335927,184.0,投送
T022,3125.0,109.2432319,23.0335927,184.0,投送
T022,3130.0,109.2432319,23.0335927,184.0,投送
T022,3135.0,109.2432319,23.0335927,184.0,投送
T022,3140.0,109.2432319,23.0335927,184.0,投送
T022,3145.0,109.2432319,23.0335927,184.0,投送
T022,3150.0,109.2432319,23.0335927,184.0,投送
T022,3155.0,109.2432319,23.0335927,184.0,投送
T022,3160.0,109.2432319,23.0335927,184.0,投送
T022,3165.0,109.2432319,23.0335927,184.0,投送
T022,3170.0,109.2432319,23.0335927,184.0,投送
T022,3175.0,109.2432319,23.0335927,184.0,投送
T022,3180.0,109.2432319,23.0335927,184.0,投送
T022,3185.0,109.2432319,23.0335927,184.0,投送
T022,3190.0,109.2432319,23.0335927,184.0,投送
T022,3195.0,109.2432319,23.0335927,184.0,投送
T022,3200.0,109.2432319,23.0335927,184.0,投送
T022,3205.0,109.2432319,23.0335927,184.0,投送
T022,3210.0,109.2432319,23.0335927,184.0,投送
T022,3215.0,109.2432319,23.0335927,184.0,投送
T022,3220.0,109.2432319,23.0335927,184.0,投送
T022,3225.0,109.2432319,23.0335927,184.0,投送
T022,3230.0,109.2432319,23.0335927,184.0,投送
T022,3235.0,109.2432319,23.0335927,184.0,投送
T022,3240.0,109.2432319,23.0335927,184.0,投送
T022,3245.0,109.2432319,23.0335927,184.0,投送
T022,3250.0,109.2432319,23.0335927,184.0,投送
T022,3255.0,109.2432319,23.0335927,184.0,投送
T022,3260.0,109.2432319,23.0335927,184.0,投送
T022,3265.0,109.2432319,23.0335927,184.0,投送
T022,3270.0,109.2432319,23.0335927,184.0,投送
T022,3275.0,109.2432319,23.0335927,184.0,投送
T022,3280.0,109.2432319,23.0335927,184.0,投送
T022,3285.0,109.2432319,23.0335927,184.0,投送
T022,3290.0,109.2432319,23.0335927,184.0,投送
T022,3295.0,109.2432319,23.0335927,184.0,投送
T022,3300.0,109.2432319,23.0335927,190.46303841123105,爬升
T022,3305.0,109.2432319,23.0335927,205.46303841123097,爬升
T022,3310.0,109.2432319,23.0335927,220.4630384112309,爬升
T022,3315.0,109.2432319,23.0335927,235.46303841123083,爬升
T022,3320.0,109.2432319,23.0335927,250.46303841123074,爬升
T022,3325.0,109.2432319,23.0335927,265.4630384112307,爬升
T022,3330.0,109.2431121732589,23.03335012477566,273.0566101074219,巡航
T022,3335.0,109.24286969455758,23.03285884500951,273.0566101074219,巡航
T022,3340.0,109.24262721585626,23.03236756524336,273.0566101074219,巡航
T022,3345.0,109.24238473715495,23.03187628547721,273.0566101074219,巡航
T022,3350.0,109.24214225845363,23.031385005711062,273.0566101074219,巡航
T022,3355.0,109.24189977975232,23.03089372594491,273.0566101074219,巡航
T022,3360.0,109.24165730105099,23.030402446178762,273.0566101074219,巡航
T022,3365.0,109.24141482234967,23.02991116641261,273.0566101074219,巡航
T022,3370.0,109.24117234364836,23.029419886646462,273.0566101074219,巡航
T022,3375.0,109.24092986494703,23.02892860688031,273.0566101074219,巡航
T022,3380.0,109.24068738624572,23.028437327114162,273.0566101074219,巡航
T022,3385.0,109.2404449075444,23.02794604734801,273.0566101074219,巡航
T022,3390.0,109.24020242884309,23.02745476758186,273.0566101074219,巡航
T022,3395.0,109.23995995014177,23.02696348781571,273.0566101074219,巡航
T022,3400.0,109.23971747144046,23.02647220804956,273.0566101074219,巡航
T022,3405.0,109.23947499273913,23.025980928283413,273.0566101074219,巡航
T022,3410.0,109.23923251403782,23.02548964851726,273.0566101074219,巡航
T022,3415.0,109.2389900353365,23.024998368751113,273.0566101074219,巡航
T022,3420.0,109.23874755663519,23.02450708898496,273.0566101074219,巡航
T022,3425.0,109.23850507793387,23.024015809218813,273.0566101074219,巡航
T022,3430.0,109.23826259923254,23.02352452945266,273.0566101074219,巡航
T022,3435.0,109.23802012053123,23.023033249686513,273.0566101074219,巡航
T022,3440.0,109.23777764182991,23.02254196992036,273.0566101074219,巡航
T022,3445.0,109.2375351631286,23.022050690154213,273.0566101074219,巡航
T022,3450.0,109.23729268442727,23.021559410388065,273.0566101074219,巡航
T022,3455.0,109.23705020572596,23.021068130621913,273.0566101074219,巡航
T022,3460.0,109.23680772702464,23.020576850855765,273.0566101074219,巡航
T022,3465.0,109.23656524832333,23.020085571089613,273.0566101074219,巡航
T022,3470.0,109.236322769622,23.019594291323465,273.0566101074219,巡航
T022,3475.0,109.2360802909207,23.019103011557313,273.0566101074219,巡航
T022,3480.0,109.23583781221937,23.018611731791164,273.0566101074219,巡航
T022,3485.0,109.23559533351806,23.018120452025013,273.0566101074219,巡航
T022,3490.0,109.23535285481674,23.017629172258864,273.0566101074219,巡航
T022,3495.0,109.23511037611541,23.017137892492713,273.0566101074219,巡航
T022,3500.0,109.2348678974141,23.016646612726564,273.0566101074219,巡航
T022,3505.0,109.23462541871278,23.016155332960416,273.0566101074219,巡航
T022,3510.0,109.23438294001147,23.015664053194264,273.0566101074219,巡航
T022,3515.0,109.23414046131015,23.015172773428116,273.0566101074219,巡航
T022,3520.0,109.23389798260884,23.014681493661964,273.0566101074219,巡航
T022,3525.0,109.23365550390751,23.014190213895816,273.0566101074219,巡航
T022,3530.0,109.2334130252062,23.013698934129664,273.0566101074219,巡航
T022,3535.0,109.23317054650488,23.013207654363516,273.0566101074219,巡航
T022,3540.0,109.23292806780357,23.012716374597364,273.0566101074219,巡航
T022,3545.0,109.23268558910225,23.012225094831216,273.0566101074219,巡航
T022,3550.0,109.23244311040092,23.011733815065067,273.0566101074219,巡航
T022,3555.0,109.23220063169961,23.011242535298916,273.0566101074219,巡航
T022,3560.0,109.23195815299829,23.010751255532767,273.0566101074219,巡航
T022,3565.0,109.23171567429698,23.010259975766616,273.0566101074219,巡航
T022,3570.0,109.23147319559565,23.009768696000467,273.0566101074219,巡航
T022,3575.0,109.23123071689434,23.009277416234315,273.0566101074219,巡航
T022,3580.0,109.23098823819302,23.008786136468167,273.0566101074219,巡航
T022,3585.0,109.2308517,23.0085095,267.59527949777,下降
T022,3590.0,109.2308517,23.0085095,255.09527949776995,下降
T022,3595.0,109.2308517,23.0085095,242.59527949776992,下降
T022,3600.0,109.2308517,23.0085095,230.0952794977699,下降
T022,3605.0,109.2308517,23.0085095,217.59527949776987,下降
T022,3610.0,109.2308517,23.0085095,205.09527949776987,下降
T022,3615.0,109.2308517,23.0085095,192.5952794977698,下降
T022,3620.0,109.2308517,23.0085095,180.0952794977698,下降
T022,3625.0,109.2308517,23.0085095,167.59527949776975,下降
T022,3630.0,109.2308517,23.0085095,155.09527949776975,下降
T022,3635.0,109.2308517,23.0085095,142.59527949776972,下降
T022,3640.0,109.2308517,23.0085095,130.0952794977697,下降
T023,2780.0,109.2308517,23.0085095,132.24041221978516,爬升
T023,2785.0,109.2308517,23.0085095,147.24041221978518,爬升
T023,2790.0,109.2308517,23.0085095,162.2404122197852,爬升
T023,2795.0,109.2308517,23.0085095,177.24041221978524,爬升
T023,2800.0,109.2308517,23.0085095,192.24041221978527,爬升
T023,2805.0,109.2308517,23.0085095,207.2404122197853,爬升
T023,2810.0,109.2308517,23.0085095,222.24041221978533,爬升
T023,2815.0,109.2308517,23.0085095,237.24041221978536,爬升
T023,2820.0,109.2308517,23.0085095,252.24041221978538,爬升
T023,2825.0,109.2308517,23.0085095,267.2404122197854,爬升
T023,2830.0,109.23100015842729,23.008810287743607,273.0566101074219,巡航
T023,2835.0,109.23124263712862,23.00930156750976,273.0566101074219,巡航
T023,2840.0,109.23148511582993,23.009792847275907,273.0566101074219,巡航
T023,2845.0,109.23172759453125,23.010284127042056,273.0566101074219,巡航
T023,2850.0,109.23197007323256,23.010775406808207,273.0566101074219,巡航
T023,2855.0,109.23221255193388,23.011266686574356,273.0566101074219,巡航
T023,2860.0,109.2324550306352,23.011757966340507,273.0566101074219,巡航
T023,2865.0,109.23269750933652,23.012249246106656,273.0566101074219,巡航
T023,2870.0,109.23293998803783,23.012740525872807,273.0566101074219,巡航
T023,2875.0,109.23318246673915,23.013231805638956,273.0566101074219,巡航
T023,2880.0,109.23342494544046,23.013723085405108,273.0566101074219,巡航
T023,2885.0,109.23366742414179,23.014214365171256,273.0566101074219,巡航
T023,2890.0,109.23390990284311,23.014705644937404,273.0566101074219,巡航
T023,2895.0,109.23415238154442,23.015196924703556,273.0566101074219,巡航
T023,2900.0,109.23439486024574,23.015688204469704,273.0566101074219,巡航
T023,2905.0,109.23463733894705,23.016179484235856,273.0566101074219,巡航
T023,2910.0,109.23487981764838,23.016670764002004,273.0566101074219,巡航
T023,2915.0,109.23512229634969,23.017162043768156,273.0566101074219,巡航
T023,2920.0,109.23536477505101,23.017653323534304,273.0566101074219,巡航
T023,2925.0,109.23560725375232,23.018144603300456,273.0566101074219,巡航
T023,2930.0,109.23584973245364,23.018635883066604,273.0566101074219,巡航
T023,2935.0,109.23609221115495,23.019127162832756,273.0566101074219,巡航
T023,2940.0,109.23633468985628,23.019618442598905,273.0566101074219,巡航
T023,2945.0,109.23657716855759,23.020109722365053,273.0566101074219,巡航
T023,2950.0,109.23681964725891,23.020601002131205,273.0566101074219,巡航
T023,2955.0,109.23706212596024,23.021092281897353,273.0566101074219,巡航
T023,2960.0,109.23730460466155,23.021583561663505,273.0566101074219,巡航
T023,2965.0,109.23754708336287,23.022074841429653,273.0566101074219,巡航
T023,2970.0,109.23778956206418,23.022566121195805,273.0566101074219,巡航
T023,2975.0,109.2380320407655,23.023057400961953,273.0566101074219,巡航
T023,2980.0,109.23827451946681,23.023548680728105,273.0566101074219,巡航
T023,2985.0,109.23851699816814,23.024039960494253,273.0566101074219,巡航
T023,2990.0,109.23875947686945,23.0245312402604,273.0566101074219,巡航
T023,2995.0,109.23900195557077,23.025022520026553,273.0566101074219,巡航
T023,3000.0,109.23924443427208,23.0255137997927,273.0566101074219,巡航
T023,3005.0,109.2394869129734,23.026005079558853,273.0566101074219,巡航
T023,3010.0,109.23972939167473,23.026496359325,273.0566101074219,巡航
T023,3015.0,109.23997187037604,23.026987639091153,273.0566101074219,巡航
T023,3020.0,109.24021434907736,23.0274789188573,273.0566101074219,巡航
T023,3025.0,109.24045682777867,23.027970198623454,273.0566101074219,巡航
T023,3030.0,109.24069930648,23.028461478389602,273.0566101074219,巡航
T023,3035.0,109.2409417851813,23.028952758155754,273.0566101074219,巡航
T023,3040.0,109.24118426388263,23.029444037921902,273.0566101074219,巡航
T023,3045.0,109.24142674258394,23.02993531768805,273.0566101074219,巡航
T023,3050.0,109.24166922128526,23.030426597454202,273.0566101074219,巡航
T023,3055.0,109.24191169998657,23.03091787722035,273.0566101074219,巡航
T023,3060.0,109.2421541786879,23.031409156986502,273.0566101074219,巡航
T023,3065.0,109.24239665738921,23.03190043675265,273.0566101074219,巡航
T023,3070.0,109.24263913609053,23.032391716518802,273.0566101074219,巡航
T023,3075.0,109.24288161479186,23.03288299628495,273.0566101074219,巡航
T023,3080.0,109.24312409349317,23.033374276051102,273.0566101074219,巡航
T023,3085.0,109.2432319,23.0335927,266.11413465730766,下降
T023,3090.0,109.2432319,23.0335927,253.6141346573076,下降
T023,3095.0,109.2432319,23.0335927,241.11413465730757,下降
T023,3100.0,109.2432319,23.0335927,228.61413465730755,下降
T023,3105.0,109.2432319,23.0335927,216.11413465730752,下降
T023,3110.0,109.2432319,23.0335927,203.6141346573075,下降
T023,3115.0,109.2432319,23.0335927,191.11413465730743,下降
T023,3120.0,109.2432319,23.0335927,184.0,投送
T023,3125.0,109.2432319,23.0335927,184.0,投送
T023,3130.0,109.2432319,23.0335927,184.0,投送
T023,3135.0,109.2432319,23.0335927,184.0,投送
T023,3140.0,109.2432319,23.0335927,184.0,投送
T023,3145.0,109.2432319,23.0335927,184.0,投送
T023,3150.0,109.2432319,23.0335927,184.0,投送
T023,3155.0,109.2432319,23.0335927,184.0,投送
T023,3160.0,109.2432319,23.0335927,184.0,投送
T023,3165.0,109.2432319,23.0335927,184.0,投送
T023,3170.0,109.2432319,23.0335927,184.0,投送
T023,3175.0,109.2432319,23.0335927,184.0,投送
T023,3180.0,109.2432319,23.0335927,184.0,投送
T023,3185.0,109.2432319,23.0335927,184.0,投送
T023,3190.0,109.2432319,23.0335927,184.0,投送
T023,3195.0,109.2432319,23.0335927,184.0,投送
T023,3200.0,109.2432319,23.0335927,184.0,投送
T023,3205.0,109.2432319,23.0335927,184.0,投送
T023,3210.0,109.2432319,23.0335927,184.0,投送
T023,3215.0,109.2432319,23.0335927,184.0,投送
T023,3220.0,109.2432319,23.0335927,184.0,投送
T023,3225.0,109.2432319,23.0335927,184.0,投送
T023,3230.0,109.2432319,23.0335927,184.0,投送
T023,3235.0,109.2432319,23.0335927,184.0,投送
T023,3240.0,109.2432319,23.0335927,184.0,投送
T023,3245.0,109.2432319,23.0335927,184.0,投送
T023,3250.0,109.2432319,23.0335927,184.0,投送
T023,3255.0,109.2432319,23.0335927,184.0,投送
T023,3260.0,109.2432319,23.0335927,184.0,投送
T023,3265.0,109.2432319,23.0335927,184.0,投送
T023,3270.0,109.2432319,23.0335927,184.0,投送
T023,3275.0,109.2432319,23.0335927,184.0,投送
T023,3280.0,109.2432319,23.0335927,184.0,投送
T023,3285.0,109.2432319,23.0335927,184.0,投送
T023,3290.0,109.2432319,23.0335927,184.0,投送
T023,3295.0,109.2432319,23.0335927,184.0,投送
T023,3300.0,109.2432319,23.0335927,190.46303841123105,爬升
T023,3305.0,109.2432319,23.0335927,205.46303841123097,爬升
T023,3310.0,109.2432319,23.0335927,220.4630384112309,爬升
T023,3315.0,109.2432319,23.0335927,235.46303841123083,爬升
T023,3320.0,109.2432319,23.0335927,250.46303841123074,爬升
T023,3325.0,109.2432319,23.0335927,265.4630384112307,爬升
T023,3330.0,109.2431121732589,23.03335012477566,273.0566101074219,巡航
T023,3335.0,109.24286969455758,23.03285884500951,273.0566101074219,巡航
T023,3340.0,109.24262721585626,23.03236756524336,273.0566101074219,巡航
T023,3345.0,109.24238473715495,23.03187628547721,273.0566101074219,巡航
T023,3350.0,109.24214225845363,23.031385005711062,273.0566101074219,巡航
T023,3355.0,109.24189977975232,23.03089372594491,273.0566101074219,巡航
T023,3360.0,109.24165730105099,23.030402446178762,273.0566101074219,巡航
T023,3365.0,109.24141482234967,23.02991116641261,273.0566101074219,巡航
T023,3370.0,109.24117234364836,23.029419886646462,273.0566101074219,巡航
T023,3375.0,109.24092986494703,23.02892860688031,273.0566101074219,巡航
T023,3380.0,109.24068738624572,23.028437327114162,273.0566101074219,巡航
T023,3385.0,109.2404449075444,23.02794604734801,273.0566101074219,巡航
T023,3390.0,109.24020242884309,23.02745476758186,273.0566101074219,巡航
T023,3395.0,109.23995995014177,23.02696348781571,273.0566101074219,巡航
T023,3400.0,109.23971747144046,23.02647220804956,273.0566101074219,巡航
T023,3405.0,109.23947499273913,23.025980928283413,273.0566101074219,巡航
T023,3410.0,109.23923251403782,23.02548964851726,273.0566101074219,巡航
T023,3415.0,109.2389900353365,23.024998368751113,273.0566101074219,巡航
T023,3420.0,109.23874755663519,23.02450708898496,273.0566101074219,巡航
T023,3425.0,109.23850507793387,23.024015809218813,273.0566101074219,巡航
T023,3430.0,109.23826259923254,23.02352452945266,273.0566101074219,巡航
T023,3435.0,109.23802012053123,23.023033249686513,273.0566101074219,巡航
T023,3440.0,109.23777764182991,23.02254196992036,273.0566101074219,巡航
T023,3445.0,109.2375351631286,23.022050690154213,273.0566101074219,巡航
T023,3450.0,109.23729268442727,23.021559410388065,273.0566101074219,巡航
T023,3455.0,109.23705020572596,23.021068130621913,273.0566101074219,巡航
T023,3460.0,109.23680772702464,23.020576850855765,273.0566101074219,巡航
T023,3465.0,109.23656524832333,23.020085571089613,273.0566101074219,巡航
T023,3470.0,109.236322769622,23.019594291323465,273.0566101074219,巡航
T023,3475.0,109.2360802909207,23.019103011557313,273.0566101074219,巡航
T023,3480.0,109.23583781221937,23.018611731791164,273.0566101074219,巡航
T023,3485.0,109.23559533351806,23.018120452025013,273.0566101074219,巡航
T023,3490.0,109.23535285481674,23.017629172258864,273.0566101074219,巡航
T023,3495.0,109.23511037611541,23.017137892492713,273.0566101074219,巡航
T023,3500.0,109.2348678974141,23.016646612726564,273.0566101074219,巡航
T023,3505.0,109.23462541871278,23.016155332960416,273.0566101074219,巡航
T023,3510.0,109.23438294001147,23.015664053194264,273.0566101074219,巡航
T023,3515.0,109.23414046131015,23.015172773428116,273.0566101074219,巡航
T023,3520.0,109.23389798260884,23.014681493661964,273.0566101074219,巡航
T023,3525.0,109.23365550390751,23.014190213895816,273.0566101074219,巡航
T023,3530.0,109.2334130252062,23.013698934129664,273.0566101074219,巡航
T023,3535.0,109.23317054650488,23.013207654363516,273.0566101074219,巡航
T023,3540.0,109.23292806780357,23.012716374597364,273.0566101074219,巡航
T023,3545.0,109.23268558910225,23.012225094831216,273.0566101074219,巡航
T023,3550.0,109.23244311040092,23.011733815065067,273.0566101074219,巡航
T023,3555.0,109.23220063169961,23.011242535298916,273.0566101074219,巡航
T023,3560.0,109.23195815299829,23.010751255532767,273.0566101074219,巡航
T023,3565.0,109.23171567429698,23.010259975766616,273.0566101074219,巡航
T023,3570.0,109.23147319559565,23.009768696000467,273.0566101074219,巡航
T023,3575.0,109.23123071689434,23.009277416234315,273.0566101074219,巡航
T023,3580.0,109.23098823819302,23.008786136468167,273.0566101074219,巡航
T023,3585.0,109.2308517,23.0085095,267.59527949777,下降
T023,3590.0,109.2308517,23.0085095,255.09527949776995,下降
T023,3595.0,109.2308517,23.0085095,242.59527949776992,下降
T023,3600.0,109.2308517,23.0085095,230.0952794977699,下降
T023,3605.0,109.2308517,23.0085095,217.59527949776987,下降
T023,3610.0,109.2308517,23.0085095,205.09527949776987,下降
T023,3615.0,109.2308517,23.0085095,192.5952794977698,下降
T023,3620.0,109.2308517,23.0085095,180.0952794977698,下降
T023,3625.0,109.2308517,23.0085095,167.59527949776975,下降
T023,3630.0,109.2308517,23.0085095,155.09527949776975,下降
T023,3635.0,109.2308517,23.0085095,142.59527949776972,下降
T023,3640.0,109.2308517,23.0085095,130.0952794977697,下降
T024,3655.0,109.2308517,23.0085095,140.72741425823617,爬升
T024,3660.0,109.2308517,23.0085095,155.7274142582362,爬升
T024,3665.0,109.2308517,23.0085095,170.72741425823622,爬升
T024,3670.0,109.2308517,23.0085095,185.72741425823625,爬升
T024,3675.0,109.2308517,23.0085095,200.7274142582363,爬升
T024,3680.0,109.2308517,23.0085095,215.7274142582363,爬升
T024,3685.0,109.2308517,23.0085095,230.72741425823637,爬升
T024,3690.0,109.2308517,23.0085095,245.72741425823637,爬升
T024,3695.0,109.2308517,23.0085095,260.7274142582364,爬升
T024,3700.0,109.23089487420813,23.00859697413591,273.0566101074219,巡航
T024,3705.0,109.23113735290946,23.009088253902057,273.0566101074219,巡航
T024,3710.0,109.23137983161077,23.00957953366821,273.0566101074219,巡航
T024,3715.0,109.23162231031209,23.010070813434357,273.0566101074219,巡航
T024,3720.0,109.2318647890134,23.01056209320051,273.0566101074219,巡航
T024,3725.0,109.23210726771472,23.011053372966657,273.0566101074219,巡航
T024,3730.0,109.23234974641603,23.01154465273281,273.0566101074219,巡航
T024,3735.0,109.23259222511736,23.012035932498957,273.0566101074219,巡航
T024,3740.0,109.23283470381867,23.01252721226511,273.0566101074219,巡航
T024,3745.0,109.23307718251999,23.013018492031257,273.0566101074219,巡航
T024,3750.0,109.2333196612213,23.013509771797406,273.0566101074219,巡航
T024,3755.0,109.23356213992263,23.014001051563557,273.0566101074219,巡航
T024,3760.0,109.23380461862395,23.014492331329706,273.0566101074219,巡航
T024,3765.0,109.23404709732526,23.014983611095857,273.0566101074219,巡航
T024,3770.0,109.23428957602658,23.015474890862006,273.0566101074219,巡航
T024,3775.0,109.2345320547279,23.015966170628158,273.0566101074219,巡航
T024,3780.0,109.23477453342922,23.016457450394306,273.0566101074219,巡航
T024,3785.0,109.23501701213053,23.016948730160458,273.0566101074219,巡航
T024,3790.0,109.23525949083185,23.017440009926606,273.0566101074219,巡航
T024,3795.0,109.23550196953316,23.017931289692754,273.0566101074219,巡航
T024,3800.0,109.23574444823448,23.018422569458906,273.0566101074219,巡航
T024,3805.0,109.2359869269358,23.018913849225054,273.0566101074219,巡航
T024,3810.0,109.23622940563712,23.019405128991206,273.0566101074219,巡航
T024,3815.0,109.23647188433843,23.019896408757354,273.0566101074219,巡航
T024,3820.0,109.23671436303975,23.020387688523506,273.0566101074219,巡航
T024,3825.0,109.23695684174108,23.020878968289654,273.0566101074219,巡航
T024,3830.0,109.23719932044239,23.021370248055806,273.0566101074219,巡航
T024,3835.0,109.23744179914371,23.021861527821954,273.0566101074219,巡航
T024,3840.0,109.23768427784502,23.022352807588106,273.0566101074219,巡航
T024,3845.0,109.23792675654634,23.022844087354255,273.0566101074219,巡航
T024,3850.0,109.23816923524765,23.023335367120403,273.0566101074219,巡航
T024,3855.0,109.23841171394898,23.023826646886555,273.0566101074219,巡航
T024,3860.0,109.23865419265029,23.024317926652703,273.0566101074219,巡航
T024,3865.0,109.23889667135161,23.024809206418855,273.0566101074219,巡航
T024,3870.0,109.23913915005292,23.025300486185003,273.0566101074219,巡航
T024,3875.0,109.23938162875424,23.025791765951155,273.0566101074219,巡航
T024,3880.0,109.23962410745555,23.026283045717303,273.0566101074219,巡航
T024,3885.0,109.23986658615688,23.026774325483455,273.0566101074219,巡航
T024,3890.0,109.2401090648582,23.027265605249603,273.0566101074219,巡航
T024,3895.0,109.24035154355951,23.02775688501575,273.0566101074219,巡航
T024,3900.0,109.24059402226084,23.028248164781903,273.0566101074219,巡航
T024,3905.0,109.24083650096215,23.02873944454805,273.0566101074219,巡航
T024,3910.0,109.24107897966347,23.029230724314203,273.0566101074219,巡航
T024,3915.0,109.24132145836478,23.02972200408035,273.0566101074219,巡航
T024,3920.0,109.2415639370661,23.030213283846503,273.0566101074219,巡航
T024,3925.0,109.24180641576741,23.03070456361265,273.0566101074219,巡航
T024,3930.0,109.24204889446874,23.031195843378804,273.0566101074219,巡航
T024,3935.0,109.24229137317005,23.031687123144952,273.0566101074219,巡航
T024,3940.0,109.24253385187137,23.032178402911104,273.0566101074219,巡航
T024,3945.0,109.2427763305727,23.032669682677252,273.0566101074219,巡航
T024,3950.0,109.243018809274,23.0331609624434,273.0566101074219,巡航
T024,3955.0,109.2432319,23.0335927,271.5416329585985,下降
T024,3960.0,109.2432319,23.0335927,259.0416329585984,下降
T024,3965.0,109.2432319,23.0335927,246.54163295859843,下降
T024,3970.0,109.2432319,23.0335927,234.04163295859837,下降
T024,3975.0,109.2432319,23.0335927,221.54163295859837,下降
T024,3980.0,109.2432319,23.0335927,209.0416329585983,下降
T024,3985.0,109.2432319,23.0335927,196.54163295859829,下降
T024,3990.0,109.2432319,23.0335927,184.04163295859826,下降
T024,3995.0,109.2432319,23.0335927,184.0,投送
T024,4000.0,109.2432319,23.0335927,184.0,投送
T024,4005.0,109.2432319,23.0335927,184.0,投送
T024,4010.0,109.2432319,23.0335927,184.0,投送
T024,4015.0,109.2432319,23.0335927,184.0,投送
T024,4020.0,109.2432319,23.0335927,184.0,投送
T024,4025.0,109.2432319,23.0335927,184.0,投送
T024,4030.0,109.2432319,23.0335927,184.0,投送
T024,4035.0,109.2432319,23.0335927,184.0,投送
T024,4040.0,109.2432319,23.0335927,184.0,投送
T024,4045.0,109.2432319,23.0335927,184.0,投送
T024,4050.0,109.2432319,23.0335927,184.0,投送
T024,4055.0,109.2432319,23.0335927,184.0,投送
T024,4060.0,109.2432319,23.0335927,184.0,投送
T024,4065.0,109.2432319,23.0335927,184.0,投送
T024,4070.0,109.2432319,23.0335927,184.0,投送
T024,4075.0,109.2432319,23.0335927,184.0,投送
T024,4080.0,109.2432319,23.0335927,184.0,投送
T024,4085.0,109.2432319,23.0335927,184.0,投送
T024,4090.0,109.2432319,23.0335927,184.0,投送
T024,4095.0,109.2432319,23.0335927,184.0,投送
T024,4100.0,109.2432319,23.0335927,184.0,投送
T024,4105.0,109.2432319,23.0335927,184.0,投送
T024,4110.0,109.2432319,23.0335927,184.0,投送
T024,4115.0,109.2432319,23.0335927,184.0,投送
T024,4120.0,109.2432319,23.0335927,184.0,投送
T024,4125.0,109.2432319,23.0335927,184.0,投送
T024,4130.0,109.2432319,23.0335927,184.0,投送
T024,4135.0,109.2432319,23.0335927,184.0,投送
T024,4140.0,109.2432319,23.0335927,184.0,投送
T024,4145.0,109.2432319,23.0335927,184.0,投送
T024,4150.0,109.2432319,23.0335927,184.0,投送
T024,4155.0,109.2432319,23.0335927,184.0,投送
T024,4160.0,109.2432319,23.0335927,184.0,投送
T024,4165.0,109.2432319,23.0335927,184.0,投送
T024,4170.0,109.2432319,23.0335927,184.0,投送
T024,4175.0,109.2432319,23.0335927,198.95004044968223,爬升
T024,4180.0,109.2432319,23.0335927,213.9500404496824,爬升
T024,4185.0,109.2432319,23.0335927,228.95004044968255,爬升
T024,4190.0,109.2432319,23.0335927,243.95004044968272,爬升
T024,4195.0,109.2432319,23.0335927,258.9500404496829,爬升
T024,4200.0,109.24321745747805,23.033563438383357,273.0566101074219,巡航
T024,4205.0,109.24297497877674,23.03307215861721,273.0566101074219,巡航
T024,4210.0,109.24273250007542,23.03258087885106,273.0566101074219,巡航
T024,4215.0,109.24249002137411,23.03208959908491,273.0566101074219,巡航
T024,4220.0,109.24224754267279,23.03159831931876,273.0566101074219,巡航
T024,4225.0,109.24200506397148,23.03110703955261,273.0566101074219,巡航
T024,4230.0,109.24176258527015,23.03061575978646,273.0566101074219,巡航
T024,4235.0,109.24152010656883,23.03012448002031,273.0566101074219,巡航
T024,4240.0,109.24127762786752,23.02963320025416,273.0566101074219,巡航
T024,4245.0,109.2410351491662,23.02914192048801,273.0566101074219,巡航
T024,4250.0,109.24079267046488,23.02865064072186,273.0566101074219,巡航
T024,4255.0,109.24055019176356,23.02815936095571,273.0566101074219,巡航
T024,4260.0,109.24030771306225,23.02766808118956,273.0566101074219,巡航
T024,4265.0,109.24006523436093,23.027176801423412,273.0566101074219,巡航
T024,4270.0,109.23982275565962,23.02668552165726,273.0566101074219,巡航
T024,4275.0,109.23958027695829,23.026194241891112,273.0566101074219,巡航
T024,4280.0,109.23933779825698,23.02570296212496,273.0566101074219,巡航
T024,4285.0,109.23909531955566,23.02521168235881,273.0566101074219,巡航
T024,4290.0,109.23885284085435,23.02472040259266,273.0566101074219,巡航
T024,4295.0,109.23861036215303,23.02422912282651,273.0566101074219,巡航
T024,4300.0,109.2383678834517,23.02373784306036,273.0566101074219,巡航
T024,4305.0,109.23812540475039,23.02324656329421,273.0566101074219,巡航
T024,4310.0,109.23788292604907,23.022755283528063,273.0566101074219,巡航
T024,4315.0,109.23764044734776,23.02226400376191,273.0566101074219,巡航
T024,4320.0,109.23739796864643,23.021772723995763,273.0566101074219,巡航
T024,4325.0,109.23715548994512,23.02128144422961,273.0566101074219,巡航
T024,4330.0,109.2369130112438,23.020790164463463,273.0566101074219,巡航
T024,4335.0,109.23667053254249,23.02029888469731,273.0566101074219,巡航
T024,4340.0,109.23642805384117,23.019807604931163,273.0566101074219,巡航
T024,4345.0,109.23618557513986,23.01931632516501,273.0566101074219,巡航
T024,4350.0,109.23594309643853,23.018825045398863,273.0566101074219,巡航
T024,4355.0,109.23570061773722,23.01833376563271,273.0566101074219,巡航
T024,4360.0,109.2354581390359,23.017842485866563,273.0566101074219,巡航
T024,4365.0,109.23521566033457,23.017351206100415,273.0566101074219,巡航
T024,4370.0,109.23497318163326,23.016859926334263,273.0566101074219,巡航
T024,4375.0,109.23473070293194,23.016368646568115,273.0566101074219,巡航
T024,4380.0,109.23448822423063,23.015877366801963,273.0566101074219,巡航
T024,4385.0,109.23424574552931,23.015386087035814,273.0566101074219,巡航
T024,4390.0,109.234003266828,23.014894807269663,273.0566101074219,巡航
T024,4395.0,109.23376078812667,23.014403527503514,273.0566101074219,巡航
T024,4400.0,109.23351830942536,23.013912247737363,273.0566101074219,巡航
T024,4405.0,109.23327583072404,23.013420967971214,273.0566101074219,巡航
T024,4410.0,109.23303335202273,23.012929688205066,273.0566101074219,巡航
T024,4415.0,109.2327908733214,23.012438408438914,273.0566101074219,巡航
T024,4420.0,109.23254839462008,23.011947128672766,273.0566101074219,巡航
T024,4425.0,109.23230591591877,23.011455848906614,273.0566101074219,巡航
T024,4430.0,109.23206343721745,23.010964569140466,273.0566101074219,巡航
T024,4435.0,109.23182095851614,23.010473289374314,273.0566101074219,巡航
T024,4440.0,109.23157847981481,23.009982009608166,273.0566101074219,巡航
T024,4445.0,109.2313360011135,23.009490729842014,273.0566101074219,巡航
T024,4450.0,109.23109352241218,23.008999450075866,273.0566101074219,巡航
T024,4455.0,109.2308517,23.0085095,273.02277779905853,下降
T024,4460.0,109.2308517,23.0085095,260.52277779905853,下降
T024,4465.0,109.2308517,23.0085095,248.02277779905847,下降
T024,4470.0,109.2308517,23.0085095,235.52277779905847,下降
T024,4475.0,109.2308517,23.0085095,223.02277779905845,下降
T024,4480.0,109.2308517,23.0085095,210.52277779905842,下降
T024,4485.0,109.2308517,23.0085095,198.0227777990584,下降
T024,4490.0,109.2308517,23.0085095,185.52277779905836,下降
T024,4495.0,109.2308517,23.0085095,173.02277779905833,下降
T024,4500.0,109.2308517,23.0085095,160.5227777990583,下降
T024,4505.0,109.2308517,23.0085095,148.0227777990583,下降
T024,4510.0,109.2308517,23.0085095,135.52277779905828,下降
T025,5700.0,109.2308517,23.0085095,130.38637668837256,爬升
T025,5705.0,109.2308517,23.0085095,145.38637668837262,爬升
T025,5710.0,109.2308517,23.0085095,160.3863766883727,爬升
T025,5715.0,109.2308517,23.0085095,175.38637668837276,爬升
T025,5720.0,109.2308517,23.0085095,190.38637668837282,爬升
T025,5725.0,109.2308517,23.0085095,205.3863766883729,爬升
T025,5730.0,109.2308517,23.0085095,220.38637668837296,爬升
T025,5735.0,109.2308517,23.0085095,235.38637668837302,爬升
T025,5740.0,109.2308517,23.0085095,250.3863766883731,爬升
T025,5745.0,109.2308517,23.0085095,265.38637668837316,爬升
T025,5750.0,109.2308517,23.0085095,280.3863766883732,爬升
T025,5755.0,109.23089560325087,23.00859769858424,293.2289123535156,巡航
T025,5760.0,109.23120084526684,23.009210908611514,293.2289123535156,巡航
T025,5765.0,109.23150608728281,23.009824118638786,293.2289123535156,巡航
T025,5770.0,109.2318113292988,23.01043732866606,293.2289123535156,巡航
T025,5775.0,109.23211657131476,23.011050538693333,293.2289123535156,巡航
T025,5780.0,109.23242181333073,23.011663748720608,293.2289123535156,巡航
T025,5785.0,109.23272705534671,23.01227695874788,293.2289123535156,巡航
T025,5790.0,109.23303229736268,23.012890168775154,293.2289123535156,巡航
T025,5795.0,109.23333753937865,23.013503378802426,293.2289123535156,巡航
T025,5800.0,109.23364278139464,23.0141165888297,293.2289123535156,巡航
T025,5805.0,109.2339480234106,23.014729798856973,293.2289123535156,巡航
T025,5810.0,109.23425326542659,23.015343008884248,293.2289123535156,巡航
T025,5815.0,109.23455850744256,23.01595621891152,293.2289123535156,巡航
T025,5820.0,109.23486374945853,23.016569428938794,293.2289123535156,巡航
T025,5825.0,109.23516899147451,23.01718263896607,293.2289123535156,巡航
T025,5830.0,109.23547423349048,23.01779584899334,293.2289123535156,巡航
T025,5835.0,109.23577947550645,23.018409059020616,293.2289123535156,巡航
T025,5840.0,109.23608471752243,23.019022269047888,293.2289123535156,巡航
T025,5845.0,109.2363899595384,23.019635479075163,293.2289123535156,巡航
T025,5850.0,109.23669520155437,23.020248689102434,293.2289123535156,巡航
T025,5855.0,109.23700044357035,23.02086189912971,293.2289123535156,巡航
T025,5860.0,109.23730568558632,23.02147510915698,293.2289123535156,巡航
T025,5865.0,109.23761092760229,23.022088319184256,293.2289123535156,巡航
T025,5870.0,109.23791616961827,23.022701529211528,293.2289123535156,巡航
T025,5875.0,109.23822141163424,23.023314739238803,293.2289123535156,巡航
T025,5880.0,109.23852665365023,23.023927949266074,293.2289123535156,巡航
T025,5885.0,109.2388318956662,23.02454115929335,293.2289123535156,巡航
T025,5890.0,109.23913713768216,23.02515436932062,293.2289123535156,巡航
T025,5895.0,109.23944237969815,23.025767579347896,293.2289123535156,巡航
T025,5900.0,109.23974762171412,23.026380789375168,293.2289123535156,巡航
T025,5905.0,109.24005286373009,23.026993999402443,293.2289123535156,巡航
T025,5910.0,109.24035810574607,23.027607209429714,293.2289123535156,巡航
T025,5915.0,109.24066334776204,23.02822041945699,293.2289123535156,巡航
T025,5920.0,109.240968589778,23.02883362948426,293.2289123535156,巡航
T025,5925.0,109.24127383179399,23.029446839511536,293.2289123535156,巡航
T025,5930.0,109.24157907380996,23.030060049538807,293.2289123535156,巡航
T025,5935.0,109.24188431582593,23.030673259566083,293.2289123535156,巡航
T025,5940.0,109.24218955784191,23.031286469593358,293.2289123535156,巡航
T025,5945.0,109.24249479985788,23.03189967962063,293.2289123535156,巡航
T025,5950.0,109.24280004187386,23.032512889647904,293.2289123535156,巡航
T025,5955.0,109.24310528388983,23.033126099675176,293.2289123535156,巡航
T025,5960.0,109.2434105259058,23.03373930970245,293.2289123535156,巡航
T025,5965.0,109.24371576792178,23.034352519729723,293.2289123535156,巡航
T025,5970.0,109.24402100993775,23.034965729756998,293.2289123535156,巡航
T025,5975.0,109.24432625195372,23.03557893978427,293.2289123535156,巡航
T025,5980.0,109.2446314939697,23.036192149811544,293.2289123535156,巡航
T025,5985.0,109.24493673598568,23.036805359838816,293.2289123535156,巡航
T025,5990.0,109.24524197800164,23.03741856986609,293.2289123535156,巡航
T025,5995.0,109.24554722001763,23.038031779893362,293.2289123535156,巡航
T025,6000.0,109.2458524620336,23.038644989920638,293.2289123535156,巡航
T025,6005.0,109.24615770404957,23.03925819994791,293.2289123535156,巡航
T025,6010.0,109.24646294606555,23.039871409975184,293.2289123535156,巡航
T025,6015.0,109.24676818808152,23.040484620002456,293.2289123535156,巡航
T025,6020.0,109.2470734300975,23.04109783002973,293.2289123535156,巡航
T025,6025.0,109.24737867211347,23.041711040057002,293.2289123535156,巡航
T025,6030.0,109.24768391412944,23.042324250084278,293.2289123535156,巡航
T025,6035.0,109.24798915614542,23.04293746011155,293.2289123535156,巡航
T025,6040.0,109.24829439816139,23.043550670138824,293.2289123535156,巡航
T025,6045.0,109.24859964017736,23.044163880166096,293.2289123535156,巡航
T025,6050.0,109.24890488219334,23.04477709019337,293.2289123535156,巡航
T025,6055.0,109.24921012420931,23.045390300220646,293.2289123535156,巡航
T025,6060.0,109.24951536622528,23.046003510247917,293.2289123535156,巡航
T025,6065.0,109.24982060824127,23.046616720275193,293.2289123535156,巡航
T025,6070.0,109.25012585025723,23.047229930302464,293.2289123535156,巡航
T025,6075.0,109.2504310922732,23.04784314032974,293.2289123535156,巡航
T025,6080.0,109.25073633428919,23.04845635035701,293.2289123535156,巡航
T025,6085.0,109.25104157630516,23.049069560384286,293.2289123535156,巡航
T025,6090.0,109.25134681832112,23.049682770411557,293.2289123535156,巡航
T025,6095.0,109.25165206033711,23.050295980438833,293.2289123535156,巡航
T025,6100.0,109.25195730235308,23.050909190466104,293.2289123535156,巡航
T025,6105.0,109.25226254436906,23.05152240049338,293.2289123535156,巡航
T025,6110.0,109.25256778638503,23.05213561052065,293.2289123535156,巡航
T025,6115.0,109.252873028401,23.052748820547926,293.2289123535156,巡航
T025,6120.0,109.25317827041698,23.053362030575197,293.2289123535156,巡航
T025,6125.0,109.25348351243295,23.053975240602472,293.2289123535156,巡航
T025,6130.0,109.25378875444892,23.054588450629744,293.2289123535156,巡航
T025,6135.0,109.2540939964649,23.05520166065702,293.2289123535156,巡航
T025,6140.0,109.2541424,23.0552989,282.711090943576,下降
T025,6145.0,109.2541424,23.0552989,270.211090943576,下降
T025,6150.0,109.2541424,23.0552989,257.711090943576,下降
T025,6155.0,109.2541424,23.0552989,245.21109094357598,下降
T025,6160.0,109.2541424,23.0552989,232.71109094357598,下降
T025,6165.0,109.2541424,23.0552989,230.0,投送
T025,6170.0,109.2541424,23.0552989,230.0,投送
T025,6175.0,109.2541424,23.0552989,230.0,投送
T025,6180.0,109.2541424,23.0552989,230.0,投送
T025,6185.0,109.2541424,23.0552989,230.0,投送
T025,6190.0,109.2541424,23.0552989,230.0,投送
T025,6195.0,109.2541424,23.0552989,230.0,投送
T025,6200.0,109.2541424,23.0552989,230.0,投送
T025,6205.0,109.2541424,23.0552989,230.0,投送
T025,6210.0,109.2541424,23.0552989,230.0,投送
T025,6215.0,109.2541424,23.0552989,230.0,投送
T025,6220.0,109.2541424,23.0552989,230.0,投送
T025,6225.0,109.2541424,23.0552989,230.0,投送
T025,6230.0,109.2541424,23.0552989,230.0,投送
T025,6235.0,109.2541424,23.0552989,230.0,投送
T025,6240.0,109.2541424,23.0552989,230.0,投送
T025,6245.0,109.2541424,23.0552989,230.0,投送
T025,6250.0,109.2541424,23.0552989,230.0,投送
T025,6255.0,109.2541424,23.0552989,230.0,投送
T025,6260.0,109.2541424,23.0552989,230.0,投送
T025,6265.0,109.2541424,23.0552989,230.0,投送
T025,6270.0,109.2541424,23.0552989,230.0,投送
T025,6275.0,109.2541424,23.0552989,230.0,投送
T025,6280.0,109.2541424,23.0552989,230.0,投送
T025,6285.0,109.2541424,23.0552989,230.0,投送
T025,6290.0,109.2541424,23.0552989,230.0,投送
T025,6295.0,109.2541424,23.0552989,230.0,投送
T025,6300.0,109.2541424,23.0552989,230.0,投送
T025,6305.0,109.2541424,23.0552989,230.0,投送
T025,6310.0,109.2541424,23.0552989,230.0,投送
T025,6315.0,109.2541424,23.0552989,230.0,投送
T025,6320.0,109.2541424,23.0552989,230.0,投送
T025,6325.0,109.2541424,23.0552989,230.0,投送
T025,6330.0,109.2541424,23.0552989,230.0,投送
T025,6335.0,109.2541424,23.0552989,230.0,投送
T025,6340.0,109.2541424,23.0552989,230.0,投送
T025,6345.0,109.2541424,23.0552989,230.0,投送
T025,6350.0,109.2541424,23.0552989,230.0,投送
T025,6355.0,109.2541424,23.0552989,230.0,投送
T025,6360.0,109.2541424,23.0552989,230.0,投送
T025,6365.0,109.2541424,23.0552989,230.0,投送
T025,6370.0,109.2541424,23.0552989,230.0,投送
T025,6375.0,109.2541424,23.0552989,230.0,投送
T025,6380.0,109.2541424,23.0552989,230.0,投送
T025,6385.0,109.2541424,23.0552989,230.0,投送
T025,6390.0,109.2541424,23.0552989,230.0,投送
T025,6395.0,109.2541424,23.0552989,230.0,投送
T025,6400.0,109.2541424,23.0552989,230.0,投送
T025,6405.0,109.2541424,23.0552989,241.74669086770865,爬升
T025,6410.0,109.2541424,23.0552989,256.7466908677084,爬升
T025,6415.0,109.2541424,23.0552989,271.74669086770825,爬升
T025,6420.0,109.2541424,23.0552989,286.746690867708,爬升
T025,6425.0,109.25396906774098,23.054950687520336,293.2289123535156,巡航
T025,6430.0,109.25366382572501,23.05433747749306,293.2289123535156,巡航
T025,6435.0,109.25335858370904,23.053724267465785,293.2289123535156,巡航
T025,6440.0,109.25305334169306,23.053111057438514,293.2289123535156,巡航
T025,6445.0,109.25274809967709,23.05249784741124,293.2289123535156,巡航
T025,6450.0,109.25244285766112,23.051884637383967,293.2289123535156,巡航
T025,6455.0,109.25213761564514,23.051271427356692,293.2289123535156,巡航
T025,6460.0,109.25183237362917,23.05065821732942,293.2289123535156,巡航
T025,6465.0,109.25152713161319,23.050045007302145,293.2289123535156,巡航
T025,6470.0,109.25122188959722,23.049431797274874,293.2289123535156,巡航
T025,6475.0,109.25091664758125,23.0488185872476,293.2289123535156,巡航
T025,6480.0,109.25061140556527,23.048205377220327,293.2289123535156,巡航
T025,6485.0,109.2503061635493,23.047592167193052,293.2289123535156,巡航
T025,6490.0,109.25000092153333,23.04697895716578,293.2289123535156,巡航
T025,6495.0,109.24969567951734,23.046365747138505,293.2289123535156,巡航
T025,6500.0,109.24939043750138,23.045752537111234,293.2289123535156,巡航
T025,6505.0,109.2490851954854,23.04513932708396,293.2289123535156,巡航
T025,6510.0,109.24877995346942,23.044526117056687,293.2289123535156,巡航
T025,6515.0,109.24847471145345,23.043912907029412,293.2289123535156,巡航
T025,6520.0,109.24816946943749,23.04329969700214,293.2289123535156,巡航
T025,6525.0,109.2478642274215,23.042686486974866,293.2289123535156,巡航
T025,6530.0,109.24755898540553,23.042073276947594,293.2289123535156,巡航
T025,6535.0,109.24725374338955,23.04146006692032,293.2289123535156,巡航
T025,6540.0,109.24694850137358,23.040846856893047,293.2289123535156,巡航
T025,6545.0,109.24664325935761,23.040233646865772,293.2289123535156,巡航
T025,6550.0,109.24633801734163,23.039620436838497,293.2289123535156,巡航
T025,6555.0,109.24603277532566,23.039007226811226,293.2289123535156,巡航
T025,6560.0,109.24572753330969,23.03839401678395,293.2289123535156,巡航
T025,6565.0,109.2454222912937,23.03778080675668,293.2289123535156,巡航
T025,6570.0,109.24511704927774,23.037167596729404,293.2289123535156,巡航
T025,6575.0,109.24481180726177,23.036554386702132,293.2289123535156,巡航
T025,6580.0,109.24450656524579,23.035941176674857,293.2289123535156,巡航
T025,6585.0,109.24420132322982,23.035327966647586,293.2289123535156,巡航
T025,6590.0,109.24389608121385,23.03471475662031,293.2289123535156,巡航
T025,6595.0,109.24359083919786,23.03410154659304,293.2289123535156,巡航
T025,6600.0,109.2432855971819,23.033488336565764,293.2289123535156,巡航
T025,6605.0,109.24298035516593,23.032875126538492,293.2289123535156,巡航
T025,6610.0,109.24267511314994,23.032261916511217,293.2289123535156,巡航
T025,6615.0,109.24236987113397,23.031648706483946,293.2289123535156,巡航
T025,6620.0,109.24206462911799,23.03103549645667,293.2289123535156,巡航
T025,6625.0,109.24175938710202,23.0304222864294,293.2289123535156,巡航
T025,6630.0,109.24145414508605,23.029809076402124,293.2289123535156,巡航
T025,6635.0,109.24114890307007,23.029195866374852,293.2289123535156,巡航
T025,6640.0,109.2408436610541,23.028582656347577,293.2289123535156,巡航
T025,6645.0,109.24053841903813,23.027969446320306,293.2289123535156,巡航
T025,6650.0,109.24023317702215,23.02735623629303,293.2289123535156,巡航
T025,6655.0,109.23992793500618,23.02674302626576,293.2289123535156,巡航
T025,6660.0,109.23962269299021,23.026129816238484,293.2289123535156,巡航
T025,6665.0,109.23931745097423,23.025516606211212,293.2289123535156,巡航
T025,6670.0,109.23901220895826,23.024903396183937,293.2289123535156,巡航
T025,6675.0,109.23870696694229,23.024290186156662,293.2289123535156,巡航
T025,6680.0,109.2384017249263,23.02367697612939,293.2289123535156,巡航
T025,6685.0,109.23809648291034,23.023063766102116,293.2289123535156,巡航
T025,6690.0,109.23779124089435,23.022450556074844,293.2289123535156,巡航
T025,6695.0,109.23748599887838,23.02183734604757,293.2289123535156,巡航
T025,6700.0,109.23718075686241,23.021224136020297,293.2289123535156,巡航
T025,6705.0,109.23687551484643,23.020610925993022,293.2289123535156,巡航
T025,6710.0,109.23657027283046,23.01999771596575,293.2289123535156,巡航
T025,6715.0,109.2362650308145,23.019384505938476,293.2289123535156,巡航
T025,6720.0,109.23595978879851,23.018771295911204,293.2289123535156,巡航
T025,6725.0,109.23565454678254,23.01815808588393,293.2289123535156,巡航
T025,6730.0,109.23534930476657,23.017544875856657,293.2289123535156,巡航
T025,6735.0,109.23504406275059,23.016931665829382,293.2289123535156,巡航
T025,6740.0,109.23473882073462,23.01631845580211,293.2289123535156,巡航
T025,6745.0,109.23443357871865,23.015705245774836,293.2289123535156,巡航
T025,6750.0,109.23412833670267,23.015092035747564,293.2289123535156,巡航
T025,6755.0,109.2338230946867,23.01447882572029,293.2289123535156,巡航
T025,6760.0,109.23351785267072,23.013865615693017,293.2289123535156,巡航
T025,6765.0,109.23321261065475,23.013252405665742,293.2289123535156,巡航
T025,6770.0,109.23290736863878,23.01263919563847,293.2289123535156,巡航
T025,6775.0,109.2326021266228,23.012025985611196,293.2289123535156,巡航
T025,6780.0,109.23229688460682,23.011412775583924,293.2289123535156,巡航
T025,6785.0,109.23199164259086,23.01079956555665,293.2289123535156,巡航
T025,6790.0,109.23168640057487,23.010186355529374,293.2289123535156,巡航
T025,6795.0,109.2313811585589,23.009573145502102,293.2289123535156,巡航
T025,6800.0,109.23107591654293,23.008959935474827,293.2289123535156,巡航
T025,6805.0,109.2308517,23.0085095,289.9108291274638,下降
T025,6810.0,109.2308517,23.0085095,277.4108291274638,下降
T025,6815.0,109.2308517,23.0085095,264.9108291274638,下降
T025,6820.0,109.2308517,23.0085095,252.41082912746384,下降
T025,6825.0,109.2308517,23.0085095,239.91082912746384,下降
T025,6830.0,109.2308517,23.0085095,227.41082912746384,下降
T025,6835.0,109.2308517,23.0085095,214.91082912746387,下降
T025,6840.0,109.2308517,23.0085095,202.4108291274639,下降
T025,6845.0,109.2308517,23.0085095,189.9108291274639,下降
T025,6850.0,109.2308517,23.0085095,177.4108291274639,下降
T025,6855.0,109.2308517,23.0085095,164.9108291274639,下降
T025,6860.0,109.2308517,23.0085095,152.41082912746393,下降
T025,6865.0,109.2308517,23.0085095,139.91082912746396,下降
T026,6640.0,109.2308517,23.0085095,135.75537729185967,爬升
T026,6645.0,109.2308517,23.0085095,148.25537729185962,爬升
T026,6650.0,109.2308517,23.0085095,160.75537729185953,爬升
T026,6655.0,109.2308517,23.0085095,173.25537729185947,爬升
T026,6660.0,109.2308517,23.0085095,185.7553772918594,爬升
T026,6665.0,109.2308517,23.0085095,198.25537729185933,爬升
T026,6670.0,109.2308517,23.0085095,210.75537729185925,爬升
T026,6675.0,109.2308517,23.0085095,223.2553772918592,爬升
T026,6680.0,109.2308517,23.0085095,235.75537729185913,爬升
T026,6685.0,109.2308517,23.0085095,248.25537729185908,爬升
T026,6690.0,109.2308517,23.0085095,260.755377291859,爬升
T026,6695.0,109.2308517,23.0085095,273.2553772918589,爬升
T026,6700.0,109.2308517,23.0085095,285.75537729185885,爬升
T026,6705.0,109.2308517,23.0085095,298.2553772918588,爬升
T026,6710.0,109.2308517,23.0085095,310.75537729185874,爬升
T026,6715.0,109.2308517,23.0085095,323.2553772918587,爬升
T026,6720.0,109.2308247198743,23.009013109626192,326.410888671875,巡航
T026,6725.0,109.23078862891364,23.0096867816251,326.410888671875,巡航
T026,6730.0,109.23075253795298,23.010360453624006,326.410888671875,巡航
T026,6735.0,109.2307164469923,23.011034125622913,326.410888671875,巡航
T026,6740.0,109.23068035603164,23.01170779762182,326.410888671875,巡航
T026,6745.0,109.23064426507098,23.012381469620728,326.410888671875,巡航
T026,6750.0,109.23060817411032,23.013055141619635,326.410888671875,巡航
T026,6755.0,109.23057208314965,23.013728813618542,326.410888671875,巡航
T026,6760.0,109.23053599218898,23.014402485617452,326.410888671875,巡航
T026,6765.0,109.23049990122831,23.01507615761636,326.410888671875,巡航
T026,6770.0,109.23046381026765,23.015749829615267,326.410888671875,巡航
T026,6775.0,109.23042771930699,23.016423501614174,326.410888671875,巡航
T026,6780.0,109.23039162834633,23.01709717361308,326.410888671875,巡航
T026,6785.0,109.23035553738565,23.017770845611988,326.410888671875,巡航
T026,6790.0,109.23031944642499,23.018444517610895,326.410888671875,巡航
T026,6795.0,109.23028335546432,23.019118189609806,326.410888671875,巡航
T026,6800.0,109.23024726450366,23.019791861608713,326.410888671875,巡航
T026,6805.0,109.230211173543,23.02046553360762,326.410888671875,巡航
T026,6810.0,109.23017508258233,23.021139205606527,326.410888671875,巡航
T026,6815.0,109.23013899162166,23.021812877605434,326.410888671875,巡航
T026,6820.0,109.230102900661,23.02248654960434,326.410888671875,巡航
T026,6825.0,109.23006680970033,23.02316022160325,326.410888671875,巡航
T026,6830.0,109.23003071873967,23.02383389360216,326.410888671875,巡航
T026,6835.0,109.229994627779,23.024507565601066,326.410888671875,巡航
T026,6840.0,109.22995853681833,23.025181237599973,326.410888671875,巡航
T026,6845.0,109.22992244585767,23.02585490959888,326.410888671875,巡航
T026,6850.0,109.229886354897,23.026528581597788,326.410888671875,巡航
T026,6855.0,109.22985026393634,23.027202253596695,326.410888671875,巡航
T026,6860.0,109.22981417297568,23.027875925595602,326.410888671875,巡航
T026,6865.0,109.22977808201502,23.02854959759451,326.410888671875,巡航
T026,6870.0,109.22974199105434,23.02922326959342,326.410888671875,巡航
T026,6875.0,109.22970590009368,23.029896941592327,326.410888671875,巡航
T026,6880.0,109.22966980913301,23.030570613591234,326.410888671875,巡航
T026,6885.0,109.22963371817235,23.03124428559014,326.410888671875,巡航
T026,6890.0,109.22959762721169,23.031917957589048,326.410888671875,巡航
T026,6895.0,109.22956153625101,23.032591629587955,326.410888671875,巡航
T026,6900.0,109.22952544529035,23.033265301586862,326.410888671875,巡航
T026,6905.0,109.22948935432969,23.033938973585773,326.410888671875,巡航
T026,6910.0,109.22945326336902,23.03461264558468,326.410888671875,巡航
T026,6915.0,109.22941717240836,23.035286317583587,326.410888671875,巡航
T026,6920.0,109.2293810814477,23.035959989582494,326.410888671875,巡航
T026,6925.0,109.22934499048702,23.0366336615814,326.410888671875,巡航
T026,6930.0,109.22930889952636,23.03730733358031,326.410888671875,巡航
T026,6935.0,109.2292728085657,23.037981005579216,326.410888671875,巡航
T026,6940.0,109.22923671760503,23.038654677578126,326.410888671875,巡航
T026,6945.0,109.22920062664437,23.039328349577033,326.410888671875,巡航
T026,6950.0,109.2291645356837,23.04000202157594,326.410888671875,巡航
T026,6955.0,109.22912844472303,23.040675693574848,326.410888671875,巡航
T026,6960.0,109.22909235376237,23.041349365573755,326.410888671875,巡航
T026,6965.0,109.2290562628017,23.042023037572662,326.410888671875,巡航
T026,6970.0,109.22902017184104,23.04269670957157,326.410888671875,巡航
T026,6975.0,109.22898408088037,23.043370381570476,326.410888671875,巡航
T026,6980.0,109.2289479899197,23.044044053569387,326.410888671875,巡航
T026,6985.0,109.22891189895904,23.044717725568294,326.410888671875,巡航
T026,6990.0,109.22887580799838,23.0453913975672,326.410888671875,巡航
T026,6995.0,109.22883971703772,23.046065069566108,326.410888671875,巡航
T026,7000.0,109.22880362607705,23.046738741565015,326.410888671875,巡航
T026,7005.0,109.22876753511638,23.047412413563922,326.410888671875,巡航
T026,7010.0,109.22873144415571,23.04808608556283,326.410888671875,巡航
T026,7015.0,109.22869535319505,23.04875975756174,326.410888671875,巡航
T026,7020.0,109.22865926223439,23.049433429560647,326.410888671875,巡航
T026,7025.0,109.22862317127372,23.050107101559554,326.410888671875,巡航
T026,7030.0,109.22858708031305,23.05078077355846,326.410888671875,巡航
T026,7035.0,109.22855098935239,23.05145444555737,326.410888671875,巡航
T026,7040.0,109.22851489839172,23.052128117556276,326.410888671875,巡航
T026,7045.0,109.22847880743106,23.052801789555183,326.410888671875,巡航
T026,7050.0,109.2284427164704,23.053475461554093,326.410888671875,巡航
T026,7055.0,109.22840662550973,23.054149133553,326.410888671875,巡航
T026,7060.0,109.22837053454906,23.054822805551908,326.410888671875,巡航
T026,7065.0,109.2283344435884,23.055496477550815,326.410888671875,巡航
T026,7070.0,109.2283003,23.0561338,325.871315262566,下降
T026,7075.0,109.2283003,23.0561338,315.871315262566,下降
T026,7080.0,109.2283003,23.0561338,305.871315262566,下降
T026,7085.0,109.2283003,23.0561338,295.871315262566,下降
T026,7090.0,109.2283003,23.0561338,285.871315262566,下降
T026,7095.0,109.2283003,23.0561338,275.871315262566,下降
T026,7100.0,109.2283003,23.0561338,265.871315262566,下降
T026,7105.0,109.2283003,23.0561338,255.871315262566,下降
T026,7110.0,109.2283003,23.0561338,245.871315262566,下降
T026,7115.0,109.2283003,23.0561338,235.871315262566,下降
T026,7120.0,109.2283003,23.0561338,225.871315262566,下降
T026,7125.0,109.2283003,23.0561338,215.871315262566,下降
T026,7130.0,109.2283003,23.0561338,205.871315262566,下降
T026,7135.0,109.2283003,23.0561338,195.871315262566,下降
T026,7140.0,109.2283003,23.0561338,195.0,投送
T026,7145.0,109.2283003,23.0561338,195.0,投送
T026,7150.0,109.2283003,23.0561338,195.0,投送
T026,7155.0,109.2283003,23.0561338,195.0,投送
T026,7160.0,109.2283003,23.0561338,195.0,投送
T026,7165.0,109.2283003,23.0561338,195.0,投送
T026,7170.0,109.2283003,23.0561338,195.0,投送
T026,7175.0,109.2283003,23.0561338,195.0,投送
T026,7180.0,109.2283003,23.0561338,195.0,投送
T026,7185.0,109.2283003,23.0561338,195.0,投送
T026,7190.0,109.2283003,23.0561338,195.0,投送
T026,7195.0,109.2283003,23.0561338,195.0,投送
T026,7200.0,109.2283003,23.0561338,195.0,投送
T026,7205.0,109.2283003,23.0561338,195.0,投送
T026,7210.0,109.2283003,23.0561338,195.0,投送
T026,7215.0,109.2283003,23.0561338,195.0,投送
T026,7220.0,109.2283003,23.0561338,195.0,投送
T026,7225.0,109.2283003,23.0561338,195.0,投送
T026,7230.0,109.2283003,23.0561338,195.0,投送
T026,7235.0,109.2283003,23.0561338,195.0,投送
T026,7240.0,109.2283003,23.0561338,195.0,投送
T026,7245.0,109.2283003,23.0561338,195.0,投送
T026,7250.0,109.2283003,23.0561338,195.0,投送
T026,7255.0,109.2283003,23.0561338,195.0,投送
T026,7260.0,109.2283003,23.0561338,195.0,投送
T026,7265.0,109.2283003,23.0561338,195.0,投送
T026,7270.0,109.2283003,23.0561338,195.0,投送
T026,7275.0,109.2283003,23.0561338,195.0,投送
T026,7280.0,109.2283003,23.0561338,195.0,投送
T026,7285.0,109.2283003,23.0561338,195.0,投送
T026,7290.0,109.2283003,23.0561338,195.0,投送
T026,7295.0,109.2283003,23.0561338,195.0,投送
T026,7300.0,109.2283003,23.0561338,195.0,投送
T026,7305.0,109.2283003,23.0561338,195.0,投送
T026,7310.0,109.2283003,23.0561338,195.0,投送
T026,7315.0,109.2283003,23.0561338,195.0,投送
T026,7320.0,109.2283003,23.0561338,195.0,投送
T026,7325.0,109.2283003,23.0561338,195.0,投送
T026,7330.0,109.2283003,23.0561338,195.0,投送
T026,7335.0,109.2283003,23.0561338,195.0,投送
T026,7340.0,109.2283003,23.0561338,195.0,投送
T026,7345.0,109.2283003,23.0561338,195.0,投送
T026,7350.0,109.2283003,23.0561338,195.0,投送
T026,7355.0,109.2283003,23.0561338,195.0,投送
T026,7360.0,109.2283003,23.0561338,195.0,投送
T026,7365.0,109.2283003,23.0561338,195.0,投送
T026,7370.0,109.2283003,23.0561338,195.0,投送
T026,7375.0,109.2283003,23.0561338,195.0,投送
T026,7380.0,109.2283003,23.0561338,195.0,投送
T026,7385.0,109.2283003,23.0561338,195.0,投送
T026,7390.0,109.2283003,23.0561338,195.0,投送
T026,7395.0,109.2283003,23.0561338,195.0,投送
T026,7400.0,109.2283003,23.0561338,195.0,投送
T026,7405.0,109.2283003,23.0561338,195.0,投送
T026,7410.0,109.2283003,23.0561338,195.0,投送
T026,7415.0,109.2283003,23.0561338,195.0,投送
T026,7420.0,109.2283003,23.0561338,195.0,投送
T026,7425.0,109.2283003,23.0561338,195.0,投送
T026,7430.0,109.2283003,23.0561338,195.0,投送
T026,7435.0,109.2283003,23.0561338,195.0,投送
T026,7440.0,109.2283003,23.0561338,195.0,投送
T026,7445.0,109.2283003,23.0561338,195.0,投送
T026,7450.0,109.2283003,23.0561338,195.0,投送
T026,7455.0,109.2283003,23.0561338,195.0,投送
T026,7460.0,109.2283003,23.0561338,196.41085592179252,爬升
T026,7465.0,109.2283003,23.0561338,208.91085592179243,爬升
T026,7470.0,109.2283003,23.0561338,221.41085592179235,爬升
T026,7475.0,109.2283003,23.0561338,233.91085592179223,爬升
T026,7480.0,109.2283003,23.0561338,246.41085592179218,爬升
T026,7485.0,109.2283003,23.0561338,258.91085592179206,爬升
T026,7490.0,109.2283003,23.0561338,271.410855921792,爬升
T026,7495.0,109.2283003,23.0561338,283.9108559217919,爬升
T026,7500.0,109.2283003,23.0561338,296.41085592179184,爬升
T026,7505.0,109.2283003,23.0561338,308.9108559217917,爬升
T026,7510.0,109.2283003,23.0561338,321.41085592179166,爬升
T026,7515.0,109.22832195448184,23.055729598565684,326.410888671875,巡航
T026,7520.0,109.2283580454425,23.055055926566773,326.410888671875,巡航
T026,7525.0,109.22839413640317,23.054382254567866,326.410888671875,巡航
T026,7530.0,109.22843022736383,23.05370858256896,326.410888671875,巡航
T026,7535.0,109.22846631832451,23.05303491057005,326.410888671875,巡航
T026,7540.0,109.22850240928517,23.052361238571144,326.410888671875,巡航
T026,7545.0,109.22853850024583,23.051687566572237,326.410888671875,巡航
T026,7550.0,109.2285745912065,23.05101389457333,326.410888671875,巡航
T026,7555.0,109.22861068216716,23.05034022257442,326.410888671875,巡航
T026,7560.0,109.22864677312783,23.049666550575513,326.410888671875,巡航
T026,7565.0,109.2286828640885,23.048992878576605,326.410888671875,巡航
T026,7570.0,109.22871895504916,23.0483192065777,326.410888671875,巡航
T026,7575.0,109.22875504600982,23.04764553457879,326.410888671875,巡航
T026,7580.0,109.22879113697049,23.046971862579884,326.410888671875,巡航
T026,7585.0,109.22882722793116,23.046298190580977,326.410888671875,巡航
T026,7590.0,109.22886331889183,23.045624518582066,326.410888671875,巡航
T026,7595.0,109.22889940985249,23.04495084658316,326.410888671875,巡航
T026,7600.0,109.22893550081315,23.044277174584252,326.410888671875,巡航
T026,7605.0,109.22897159177381,23.043603502585345,326.410888671875,巡航
T026,7610.0,109.22900768273448,23.042929830586438,326.410888671875,巡航
T026,7615.0,109.22904377369515,23.04225615858753,326.410888671875,巡航
T026,7620.0,109.22907986465582,23.041582486588624,326.410888671875,巡航
T026,7625.0,109.22911595561648,23.040908814589717,326.410888671875,巡航
T026,7630.0,109.22915204657714,23.040235142590806,326.410888671875,巡航
T026,7635.0,109.2291881375378,23.0395614705919,326.410888671875,巡航
T026,7640.0,109.22922422849848,23.03888779859299,326.410888671875,巡航
T026,7645.0,109.22926031945914,23.038214126594085,326.410888671875,巡航
T026,7650.0,109.2292964104198,23.037540454595177,326.410888671875,巡航
T026,7655.0,109.22933250138047,23.03686678259627,326.410888671875,巡航
T026,7660.0,109.22936859234113,23.036193110597363,326.410888671875,巡航
T026,7665.0,109.2294046833018,23.035519438598453,326.410888671875,巡航
T026,7670.0,109.22944077426247,23.034845766599545,326.410888671875,巡航
T026,7675.0,109.22947686522313,23.03417209460064,326.410888671875,巡航
T026,7680.0,109.2295129561838,23.03349842260173,326.410888671875,巡航
T026,7685.0,109.22954904714446,23.032824750602824,326.410888671875,巡航
T026,7690.0,109.22958513810512,23.032151078603917,326.410888671875,巡航
T026,7695.0,109.2296212290658,23.03147740660501,326.410888671875,巡航
T026,7700.0,109.22965732002646,23.0308037346061,326.410888671875,巡航
T026,7705.0,109.22969341098712,23.030130062607192,326.410888671875,巡航
T026,7710.0,109.22972950194779,23.029456390608285,326.410888671875,巡航
T026,7715.0,109.22976559290845,23.028782718609378,326.410888671875,巡航
T026,7720.0,109.22980168386913,23.02810904661047,326.410888671875,巡航
T026,7725.0,109.22983777482979,23.027435374611564,326.410888671875,巡航
T026,7730.0,109.22987386579045,23.026761702612657,326.410888671875,巡航
T026,7735.0,109.22990995675111,23.02608803061375,326.410888671875,巡航
T026,7740.0,109.22994604771178,23.02541435861484,326.410888671875,巡航
T026,7745.0,109.22998213867244,23.02474068661593,326.410888671875,巡航
T026,7750.0,109.23001822963312,23.024067014617025,326.410888671875,巡航
T026,7755.0,109.23005432059378,23.023393342618117,326.410888671875,巡航
T026,7760.0,109.23009041155444,23.02271967061921,326.410888671875,巡航
T026,7765.0,109.2301265025151,23.022045998620303,326.410888671875,巡航
T026,7770.0,109.23016259347577,23.021372326621396,326.410888671875,巡航
T026,7775.0,109.23019868443644,23.020698654622485,326.410888671875,巡航
T026,7780.0,109.23023477539711,23.02002498262358,326.410888671875,巡航
T026,7785.0,109.23027086635777,23.01935131062467,326.410888671875,巡航
T026,7790.0,109.23030695731843,23.018677638625764,326.410888671875,巡航
T026,7795.0,109.2303430482791,23.018003966626857,326.410888671875,巡航
T026,7800.0,109.23037913923976,23.01733029462795,326.410888671875,巡航
T026,7805.0,109.23041523020044,23.016656622629043,326.410888671875,巡航
T026,7810.0,109.2304513211611,23.015982950630132,326.410888671875,巡航
T026,7815.0,109.23048741212176,23.015309278631225,326.410888671875,巡航
T026,7820.0,109.23052350308242,23.014635606632318,326.410888671875,巡航
T026,7825.0,109.23055959404309,23.01396193463341,326.410888671875,巡航
T026,7830.0,109.23059568500376,23.013288262634504,326.410888671875,巡航
T026,7835.0,109.23063177596443,23.012614590635597,326.410888671875,巡航
T026,7840.0,109.23066786692509,23.01194091863669,326.410888671875,巡航
T026,7845.0,109.23070395788575,23.011267246637782,326.410888671875,巡航
T026,7850.0,109.23074004884641,23.01059357463887,326.410888671875,巡航
T026,7855.0,109.23077613980708,23.009919902639965,326.410888671875,巡航
T026,7860.0,109.23081223076775,23.009246230641057,326.410888671875,巡航
T026,7865.0,109.23084832172842,23.00857255864215,326.410888671875,巡航
T026,7870.0,109.2308517,23.0085095,317.34693235861954,下降
T026,7875.0,109.2308517,23.0085095,307.34693235861954,下降
T026,7880.0,109.2308517,23.0085095,297.3469323586195,下降
T026,7885.0,109.2308517,23.0085095,287.3469323586194,下降
T026,7890.0,109.2308517,23.0085095,277.3469323586194,下降
T026,7895.0,109.2308517,23.0085095,267.34693235861937,下降
T026,7900.0,109.2308517,23.0085095,257.34693235861937,下降
T026,7905.0,109.2308517,23.0085095,247.3469323586193,下降
T026,7910.0,109.2308517,23.0085095,237.34693235861926,下降
T026,7915.0,109.2308517,23.0085095,227.34693235861923,下降
T026,7920.0,109.2308517,23.0085095,217.3469323586192,下降
T026,7925.0,109.2308517,23.0085095,207.34693235861914,下降
T026,7930.0,109.2308517,23.0085095,197.3469323586191,下降
T026,7935.0,109.2308517,23.0085095,187.34693235861909,下降
T026,7940.0,109.2308517,23.0085095,177.34693235861906,下降
T026,7945.0,109.2308517,23.0085095,167.346932358619,下降
T026,7950.0,109.2308517,23.0085095,157.34693235861897,下降
T026,7955.0,109.2308517,23.0085095,147.34693235861891,下降
T026,7960.0,109.2308517,23.0085095,137.3469323586189,下降
T027,7260.0,109.2308517,23.0085095,137.46408759703002,爬升
T027,7265.0,109.2308517,23.0085095,152.4640875970299,爬升
T027,7270.0,109.2308517,23.0085095,167.4640875970298,爬升
T027,7275.0,109.2308517,23.0085095,182.46408759702967,爬升
T027,7280.0,109.2308517,23.0085095,197.46408759702956,爬升
T027,7285.0,109.2308517,23.0085095,212.46408759702945,爬升
T027,7290.0,109.2308517,23.0085095,227.46408759702933,爬升
T027,7295.0,109.2308517,23.0085095,242.46408759702922,爬升
T027,7300.0,109.2308517,23.0085095,257.4640875970291,爬升
T027,7305.0,109.2308517,23.0085095,272.464087597029,爬升
T027,7310.0,109.23114282553591,23.00909934184766,273.0566101074219,巡航
T027,7315.0,109.23144592391256,23.009713441555345,273.0566101074219,巡航
T027,7320.0,109.23174902228921,23.01032754126303,273.0566101074219,巡航
T027,7325.0,109.23205212066586,23.01094164097072,273.0566101074219,巡航
T027,7330.0,109.2323552190425,23.011555740678407,273.0566101074219,巡航
T027,7335.0,109.23265831741915,23.012169840386093,273.0566101074219,巡航
T027,7340.0,109.2329614157958,23.012783940093783,273.0566101074219,巡航
T027,7345.0,109.23326451417245,23.01339803980147,273.0566101074219,巡航
T027,7350.0,109.2335676125491,23.014012139509155,273.0566101074219,巡航
T027,7355.0,109.23387071092573,23.01462623921684,273.0566101074219,巡航
T027,7360.0,109.23417380930238,23.01524033892453,273.0566101074219,巡航
T027,7365.0,109.23447690767902,23.015854438632218,273.0566101074219,巡航
T027,7370.0,109.23478000605567,23.016468538339904,273.0566101074219,巡航
T027,7375.0,109.23508310443232,23.017082638047594,273.0566101074219,巡航
T027,7380.0,109.23538620280897,23.01769673775528,273.0566101074219,巡航
T027,7385.0,109.23568930118562,23.018310837462966,273.0566101074219,巡航
T027,7390.0,109.23599239956226,23.018924937170656,273.0566101074219,巡航
T027,7395.0,109.23629549793891,23.019539036878342,273.0566101074219,巡航
T027,7400.0,109.23659859631556,23.02015313658603,273.0566101074219,巡航
T027,7405.0,109.23690169469221,23.020767236293718,273.0566101074219,巡航
T027,7410.0,109.23720479306886,23.021381336001404,273.0566101074219,巡航
T027,7415.0,109.2375078914455,23.02199543570909,273.0566101074219,巡航
T027,7420.0,109.23781098982215,23.02260953541678,273.0566101074219,巡航
T027,7425.0,109.23811408819878,23.023223635124467,273.0566101074219,巡航
T027,7430.0,109.23841718657543,23.023837734832153,273.0566101074219,巡航
T027,7435.0,109.23872028495208,23.02445183453984,273.0566101074219,巡航
T027,7440.0,109.23902338332873,23.02506593424753,273.0566101074219,巡航
T027,7445.0,109.23932648170538,23.025680033955215,273.0566101074219,巡航
T027,7450.0,109.23962958008202,23.0262941336629,273.0566101074219,巡航
T027,7455.0,109.23993267845867,23.02690823337059,273.0566101074219,巡航
T027,7460.0,109.24023577683532,23.027522333078277,273.0566101074219,巡航
T027,7465.0,109.24053887521197,23.028136432785963,273.0566101074219,巡航
T027,7470.0,109.24084197358862,23.028750532493653,273.0566101074219,巡航
T027,7475.0,109.24114507196526,23.02936463220134,273.0566101074219,巡航
T027,7480.0,109.24144817034191,23.029978731909026,273.0566101074219,巡航
T027,7485.0,109.24175126871856,23.030592831616715,273.0566101074219,巡航
T027,7490.0,109.2420543670952,23.0312069313244,273.0566101074219,巡航
T027,7495.0,109.24235746547184,23.031821031032088,273.0566101074219,巡航
T027,7500.0,109.24266056384849,23.032435130739778,273.0566101074219,巡航
T027,7505.0,109.24296366222514,23.033049230447464,273.0566101074219,巡航
T027,7510.0,109.2432319,23.0335927,271.61893324756693,下降
T027,7515.0,109.2432319,23.0335927,259.1189332475671,下降
T027,7520.0,109.2432319,23.0335927,246.6189332475672,下降
T027,7525.0,109.2432319,23.0335927,234.11893324756733,下降
T027,7530.0,109.2432319,23.0335927,221.61893324756747,下降
T027,7535.0,109.2432319,23.0335927,209.11893324756758,下降
T027,7540.0,109.2432319,23.0335927,196.61893324756772,下降
T027,7545.0,109.2432319,23.0335927,184.11893324756784,下降
T027,7550.0,109.2432319,23.0335927,184.0,投送
T027,7555.0,109.2432319,23.0335927,184.0,投送
T027,7560.0,109.2432319,23.0335927,184.0,投送
T027,7565.0,109.2432319,23.0335927,184.0,投送
T027,7570.0,109.2432319,23.0335927,184.0,投送
T027,7575.0,109.2432319,23.0335927,184.0,投送
T027,7580.0,109.2432319,23.0335927,184.0,投送
T027,7585.0,109.2432319,23.0335927,184.0,投送
T027,7590.0,109.2432319,23.0335927,184.0,投送
T027,7595.0,109.2432319,23.0335927,184.0,投送
T027,7600.0,109.2432319,23.0335927,184.0,投送
T027,7605.0,109.2432319,23.0335927,184.0,投送
T027,7610.0,109.2432319,23.0335927,184.0,投送
T027,7615.0,109.2432319,23.0335927,184.0,投送
T027,7620.0,109.2432319,23.0335927,184.0,投送
T027,7625.0,109.2432319,23.0335927,184.0,投送
T027,7630.0,109.2432319,23.0335927,184.0,投送
T027,7635.0,109.2432319,23.0335927,184.0,投送
T027,7640.0,109.2432319,23.0335927,184.0,投送
T027,7645.0,109.2432319,23.0335927,184.0,投送
T027,7650.0,109.2432319,23.0335927,184.0,投送
T027,7655.0,109.2432319,23.0335927,184.0,投送
T027,7660.0,109.2432319,23.0335927,184.0,投送
T027,7665.0,109.2432319,23.0335927,184.0,投送
T027,7670.0,109.2432319,23.0335927,184.0,投送
T027,7675.0,109.2432319,23.0335927,184.0,投送
T027,7680.0,109.2432319,23.0335927,184.0,投送
T027,7685.0,109.2432319,23.0335927,184.0,投送
T027,7690.0,109.2432319,23.0335927,184.0,投送
T027,7695.0,109.2432319,23.0335927,184.0,投送
T027,7700.0,109.2432319,23.0335927,184.0,投送
T027,7705.0,109.2432319,23.0335927,184.0,投送
T027,7710.0,109.2432319,23.0335927,184.0,投送
T027,7715.0,109.2432319,23.0335927,184.0,投送
T027,7720.0,109.2432319,23.0335927,184.0,投送
T027,7725.0,109.2432319,23.0335927,184.0,投送
T027,7730.0,109.2432319,23.0335927,184.0,投送
T027,7735.0,109.2432319,23.0335927,184.0,投送
T027,7740.0,109.2432319,23.0335927,184.0,投送
T027,7745.0,109.2432319,23.0335927,184.0,投送
T027,7750.0,109.2432319,23.0335927,184.0,投送
T027,7755.0,109.2432319,23.0335927,184.0,投送
T027,7760.0,109.2432319,23.0335927,198.85728010291874,爬升
T027,7765.0,109.2432319,23.0335927,213.8572801029189,爬升
T027,7770.0,109.2432319,23.0335927,228.85728010291905,爬升
T027,7775.0,109.2432319,23.0335927,243.85728010291922,爬升
T027,7780.0,109.2432319,23.0335927,258.8572801029194,爬升
T027,7785.0,109.24321572121494,23.033559920585986,273.0566101074219,巡航
T027,7790.0,109.24291262283829,23.0329458208783,273.0566101074219,巡航
T027,7795.0,109.24260952446164,23.032331721170614,273.0566101074219,巡航
T027,7800.0,109.242306426085,23.031717621462924,273.0566101074219,巡航
T027,7805.0,109.24200332770835,23.031103521755238,273.0566101074219,巡航
T027,7810.0,109.24170022933171,23.030489422047552,273.0566101074219,巡航
T027,7815.0,109.24139713095506,23.029875322339862,273.0566101074219,巡航
T027,7820.0,109.24109403257842,23.029261222632176,273.0566101074219,巡航
T027,7825.0,109.24079093420177,23.02864712292449,273.0566101074219,巡航
T027,7830.0,109.24048783582512,23.0280330232168,273.0566101074219,巡航
T027,7835.0,109.24018473744847,23.027418923509114,273.0566101074219,巡航
T027,7840.0,109.23988163907183,23.026804823801427,273.0566101074219,巡航
T027,7845.0,109.23957854069518,23.026190724093738,273.0566101074219,巡航
T027,7850.0,109.23927544231853,23.02557662438605,273.0566101074219,巡航
T027,7855.0,109.23897234394188,23.024962524678365,273.0566101074219,巡航
T027,7860.0,109.23866924556523,23.02434842497068,273.0566101074219,巡航
T027,7865.0,109.23836614718859,23.02373432526299,273.0566101074219,巡航
T027,7870.0,109.23806304881194,23.023120225555303,273.0566101074219,巡航
T027,7875.0,109.2377599504353,23.022506125847617,273.0566101074219,巡航
T027,7880.0,109.23745685205866,23.021892026139927,273.0566101074219,巡航
T027,7885.0,109.23715375368201,23.02127792643224,273.0566101074219,巡航
T027,7890.0,109.23685065530536,23.020663826724554,273.0566101074219,巡航
T027,7895.0,109.23654755692871,23.020049727016865,273.0566101074219,巡航
T027,7900.0,109.23624445855206,23.01943562730918,273.0566101074219,巡航
T027,7905.0,109.23594136017542,23.018821527601492,273.0566101074219,巡航
T027,7910.0,109.23563826179877,23.018207427893802,273.0566101074219,巡航
T027,7915.0,109.23533516342212,23.017593328186116,273.0566101074219,巡航
T027,7920.0,109.23503206504547,23.01697922847843,273.0566101074219,巡航
T027,7925.0,109.23472896666883,23.01636512877074,273.0566101074219,巡航
T027,7930.0,109.23442586829218,23.015751029063054,273.0566101074219,巡航
T027,7935.0,109.23412276991553,23.015136929355368,273.0566101074219,巡航
T027,7940.0,109.23381967153888,23.01452282964768,273.0566101074219,巡航
T027,7945.0,109.23351657316225,23.013908729939992,273.0566101074219,巡航
T027,7950.0,109.2332134747856,23.013294630232306,273.0566101074219,巡航
T027,7955.0,109.23291037640895,23.01268053052462,273.0566101074219,巡航
T027,7960.0,109.2326072780323,23.01206643081693,273.0566101074219,巡航
T027,7965.0,109.23230417965566,23.011452331109243,273.0566101074219,巡航
T027,7970.0,109.23200108127901,23.010838231401557,273.0566101074219,巡航
T027,7975.0,109.23169798290236,23.010224131693867,273.0566101074219,巡航
T027,7980.0,109.23139488452571,23.00961003198618,273.0566101074219,巡航
T027,7985.0,109.23109178614907,23.008995932278495,273.0566101074219,巡航
T027,7990.0,109.2308517,23.0085095,270.45793949265817,下降
T027,7995.0,109.2308517,23.0085095,257.9579394926581,下降
T027,8000.0,109.2308517,23.0085095,245.4579394926581,下降
T027,8005.0,109.2308517,23.0085095,232.95793949265808,下降
T027,8010.0,109.2308517,23.0085095,220.45793949265806,下降
T027,8015.0,109.2308517,23.0085095,207.95793949265806,下降
T027,8020.0,109.2308517,23.0085095,195.457939492658,下降
T027,8025.0,109.2308517,23.0085095,182.957939492658,下降
T027,8030.0,109.2308517,23.0085095,170.45793949265797,下降
T027,8035.0,109.2308517,23.0085095,157.95793949265794,下降
T027,8040.0,109.2308517,23.0085095,145.45793949265794,下降
T027,8045.0,109.2308517,23.0085095,132.95793949265789,下降
