权重方案,随机种子,迭代,累计运行时间（s）,温度,破坏算子,修复算子,是否接受,当前硬违约,当前完工时间,当前能耗,当前架次,最佳硬违约,最佳完工时间,最佳能耗,最佳架次
完工时间优先,20260901,1,0.0012242500088177621,0.05,route_segment,deadline_first,是,0,8334.029392485472,69.9322107166938,22,0,8334.029392485472,67.799264718126,21
完工时间优先,20260901,20,0.04115741699934006,0.04722565740750329,related,energy_margin,否,0,8531.340179720617,70.49136339880177,23,0,8334.029392485472,67.799264718126,21
完工时间优先,20260901,40,0.07611525000538677,0.044471438588363145,random_box,greedy,是,0,8456.361006190764,68.14264522186431,22,0,8334.029392485472,67.799264718126,21
完工时间优先,20260901,60,0.10395591700216755,0.04187784688846561,random_box,regret2,是,0,8456.361006190764,67.86721798987016,22,0,8334.029392485472,67.799264718126,21
完工时间优先,20260901,80,0.13125645800027996,0.039435514471363974,related,regret2,否,0,8516.361006190764,65.91086618949714,21,0,8334.029392485472,67.799264718126,21
完工时间优先,20260901,100,0.156580708004185,0.037135619836498664,related,regret3,是,0,8674.369228334064,67.26961496344977,22,0,8334.029392485472,67.799264718126,21
完工时间优先,20260901,120,0.1788126250030473,0.034969855956674546,route_segment,regret3,否,0,8674.369228334064,67.20033124291551,22,0,8334.029392485472,67.799264718126,21
完工时间优先,20260901,140,0.20663816700107418,0.03293040027377302,route_segment,greedy,是,0,8918.554225206619,67.85030015372425,22,0,8334.029392485472,67.799264718126,21
完工时间优先,20260901,160,0.23032537499966566,0.031009886444325854,resource_bottleneck,regret3,否,0,8918.554225206619,67.85030015372425,22,0,8334.029392485472,67.799264718126,21
完工时间优先,20260901,180,0.25615204199857544,0.029201377732898343,random_box,regret2,否,0,8918.554225206619,67.85030015372425,22,0,8334.029392485472,67.799264718126,21
完工时间优先,20260901,200,0.2831366250029532,0.027498341957180577,route_segment,greedy,是,0,8884.392603648328,67.88818628948287,22,0,8334.029392485472,67.799264718126,21
完工时间优先,20260901,220,0.311142500009737,0.025894627894291006,high_energy,regret2,否,0,8415.770625006418,66.15489583671565,21,0,8334.029392485472,67.799264718126,21
完工时间优先,20260901,240,0.3366250830003992,0.02438444306307347,whole_trip,regret2,否,0,8415.770625006418,66.15489583671565,21,0,8334.029392485472,67.799264718126,21
完工时间优先,20260901,260,0.3586323750059819,0.022962332802139378,random_box,greedy,是,0,8415.770625006418,66.15489583671565,21,0,8334.029392485472,67.799264718126,21
完工时间优先,20260901,280,0.37747204200422857,0.021623160568086726,critical_deadline,energy_margin,否,0,8415.770625006418,66.15489583671565,21,0,8334.029392485472,67.799264718126,21
完工时间优先,20260901,283,0.37953620799817145,0.02142913536448395,route_segment,regret2,是,0,7933.458759999992,64.05014960947553,20,0,7933.458759999992,64.05014960947553,20
完工时间优先,20260901,300,0.39947324999957345,0.020362089382734597,route_segment,regret2,是,0,7933.458759999992,64.05014960947553,20,0,7933.458759999992,64.05014960947553,20
完工时间优先,20260901,320,0.41891695800586604,0.01917456436236228,critical_deadline,greedy,是,0,7933.458759999992,64.05014960947553,20,0,7933.458759999992,64.05014960947553,20
完工时间优先,20260901,340,0.4440301249996992,0.018056296265849953,critical_deadline,deadline_first,否,0,7933.458759999992,64.05014960947553,20,0,7933.458759999992,64.05014960947553,20
完工时间优先,20260901,357,0.48423770800582133,0.017157198003225533,related,greedy,是,0,7933.458759999992,63.899414467394465,20,0,7933.458759999992,63.899414467394465,20
完工时间优先,20260901,360,0.48871795799641404,0.017003246002298245,critical_deadline,regret3,是,0,7933.458759999992,63.899414467394465,20,0,7933.458759999992,63.899414467394465,20
完工时间优先,20260901,380,0.5066602080041775,0.016011610042169524,critical_deadline,model_reselect,否,0,7933.458759999992,63.899414467394465,20,0,7933.458759999992,63.899414467394465,20
完工时间优先,20260901,400,0.5249637920060195,0.015077806679257096,related,energy_margin,否,0,7933.458759999992,63.899414467394465,20,0,7933.458759999992,63.899414467394465,20
完工时间优先,20260901,414,0.5371065829967847,0.01445674055293596,related,greedy,是,0,7933.458759999992,63.623987235400314,20,0,7933.458759999992,63.623987235400314,20
完工时间优先,20260901,420,0.5427198329998646,0.014198463093861732,random_box,regret3,是,0,7933.458759999992,63.623987235400314,20,0,7933.458759999992,63.623987235400314,20
完工时间优先,20260901,440,0.5617700000002515,0.013370403170448835,critical_deadline,energy_margin,否,0,7933.458759999992,63.623987235400314,20,0,7933.458759999992,63.623987235400314,20
完工时间优先,20260901,460,0.5870134169963421,0.012590636025784576,random_box,deadline_first,否,0,7933.458759999992,63.623987235400314,20,0,7933.458759999992,63.623987235400314,20
完工时间优先,20260901,480,0.6078914170066128,0.011856345206115643,route_segment,energy_margin,否,0,7933.458759999992,63.629426094565865,20,0,7933.458759999992,63.623987235400314,20
完工时间优先,20260901,500,0.6294100829982199,0.011164878514373677,random_box,regret2,是,0,7933.458759999992,65.45792141256327,20,0,7933.458759999992,63.623987235400314,20
完工时间优先,20260901,520,0.6475520000094548,0.010513738430661135,resource_bottleneck,greedy,否,0,7933.458759999992,65.4156665980935,20,0,7933.458759999992,63.623987235400314,20
完工时间优先,20260901,540,0.6743528329971014,0.009900573091418162,resource_bottleneck,deadline_first,否,0,7933.458759999992,65.4156665980935,20,0,7933.458759999992,63.623987235400314,20
完工时间优先,20260901,560,0.7014467920089373,0.009323167794687996,route_segment,model_reselect,否,0,7933.458759999992,65.53095488038797,20,0,7933.458759999992,63.623987235400314,20
完工时间优先,20260901,580,0.7232716250000522,0.008779437000798584,critical_deadline,regret3,是,0,7933.458759999992,65.53095488038797,20,0,7933.458759999992,63.623987235400314,20
完工时间优先,20260901,600,0.7463572499982547,0.00826741679956761,random_box,regret2,是,0,7978.09619137606,66.7544324361114,21,0,7933.458759999992,63.623987235400314,20
完工时间优先,20260901,620,0.7655637499992736,0.007785257816823056,high_energy,deadline_first,否,0,7978.09619137606,66.7544324361114,21,0,7933.458759999992,63.623987235400314,20
完工时间优先,20260901,640,0.7878097920038272,0.007331218534618268,critical_deadline,regret3,是,0,8420.5498357258,65.0113516692251,20,0,7933.458759999992,63.623987235400314,20
完工时间优先,20260901,660,0.8123758330038982,0.006903659001014685,related,regret2,否,0,8420.5498357258,64.91223095063926,20,0,7933.458759999992,63.623987235400314,20
完工时间优先,20260901,680,0.8374729170027422,0.006501034906712509,related,regret3,否,0,8025.825879800828,64.6596181283821,21,0,7933.458759999992,63.623987235400314,20
完工时间优先,20260901,700,0.8622566249978263,0.00612189200713458,critical_deadline,regret3,是,0,7965.825879800828,64.6596181283821,21,0,7933.458759999992,63.623987235400314,20
完工时间优先,20260901,720,0.8816159999987576,0.005764860869816524,route_segment,regret2,否,0,7965.825879800828,64.6596181283821,21,0,7933.458759999992,63.623987235400314,20
完工时间优先,20260901,740,0.9023897500010207,0.005428651928131137,random_box,greedy,是,0,7965.825879800828,64.6596181283821,21,0,7933.458759999992,63.623987235400314,20
完工时间优先,20260901,760,0.9251741250045598,0.005112050823481512,random_box,model_reselect,否,0,7965.825879800828,64.6596181283821,21,0,7933.458759999992,63.623987235400314,20
完工时间优先,20260902,1,0.0009140000038314611,0.05,route_segment,model_reselect,否,0,8334.029392485472,67.799264718126,21,0,8334.029392485472,67.799264718126,21
完工时间优先,20260902,4,0.005069416991318576,0.04955134865000001,related,greedy,是,0,8334.029392485472,66.10818981130049,20,0,8334.029392485472,66.10818981130049,20
完工时间优先,20260902,8,0.01069837500108406,0.04895940289149512,resource_bottleneck,greedy,是,0,7933.458759999992,68.6396661079085,21,0,7933.458759999992,68.6396661079085,21
完工时间优先,20260902,20,0.026979582995409146,0.04722565740750329,related,greedy,是,0,7933.458759999992,68.6396661079085,21,0,7933.458759999992,68.6396661079085,21
完工时间优先,20260902,34,0.044854916995973326,0.045280397282275835,random_box,greedy,是,0,7933.458759999992,68.004877857383,21,0,7933.458759999992,68.004877857383,21
完工时间优先,20260902,40,0.053444999997736886,0.044471438588363145,resource_bottleneck,energy_margin,否,0,7933.458759999992,68.004877857383,21,0,7933.458759999992,68.004877857383,21
完工时间优先,20260902,60,0.07696883300377522,0.04187784688846561,critical_deadline,regret3,是,0,7933.458759999992,68.75640965326228,21,0,7933.458759999992,68.004877857383,21
完工时间优先,20260902,80,0.10661712499859277,0.039435514471363974,random_box,deadline_first,否,0,8477.886514345815,68.36210567513085,21,0,7933.458759999992,68.004877857383,21
完工时间优先,20260902,100,0.1325238330027787,0.037135619836498664,resource_bottleneck,regret3,否,0,8337.525094681434,67.7135227156774,21,0,7933.458759999992,68.004877857383,21
完工时间优先,20260902,120,0.16373391699744388,0.034969855956674546,critical_deadline,greedy,是,0,8397.525094681434,66.60751544278727,21,0,7933.458759999992,68.004877857383,21
完工时间优先,20260902,140,0.1899553749972256,0.03293040027377302,whole_trip,regret3,否,0,8457.525094681434,66.68149955431807,21,0,7933.458759999992,68.004877857383,21
完工时间优先,20260902,160,0.21550974999263417,0.031009886444325854,random_box,model_reselect,否,0,8457.525094681434,66.68149955431807,21,0,7933.458759999992,68.004877857383,21
完工时间优先,20260902,180,0.23643874999834225,0.029201377732898343,critical_deadline,regret3,是,0,8337.525094681434,66.61899604938422,21,0,7933.458759999992,68.004877857383,21
完工时间优先,20260902,200,0.262088749994291,0.027498341957180577,critical_deadline,greedy,是,0,8337.525094681434,66.61899604938422,21,0,7933.458759999992,68.004877857383,21
完工时间优先,20260902,220,0.2939832919946639,0.025894627894291006,random_box,model_reselect,否,0,8337.525094681434,66.61899604938422,21,0,7933.458759999992,68.004877857383,21
完工时间优先,20260902,240,0.31642224999086466,0.02438444306307347,high_energy,regret2,否,0,8337.525094681434,66.61899604938422,21,0,7933.458759999992,68.004877857383,21
完工时间优先,20260902,260,0.34029716700024437,0.022962332802139378,critical_deadline,regret2,是,0,8337.525094681434,66.6894562294743,21,0,7933.458759999992,68.004877857383,21
完工时间优先,20260902,280,0.3680569580028532,0.021623160568086726,random_box,deadline_first,否,0,8337.525094681434,66.6894562294743,21,0,7933.458759999992,68.004877857383,21
完工时间优先,20260902,300,0.39528991699626204,0.020362089382734597,critical_deadline,greedy,是,0,8397.525094681434,66.63038629158316,21,0,7933.458759999992,68.004877857383,21
完工时间优先,20260902,320,0.4182779999973718,0.01917456436236228,critical_deadline,energy_margin,否,0,8397.525094681434,66.67495900234061,21,0,7933.458759999992,68.004877857383,21
完工时间优先,20260902,340,0.4389383329980774,0.018056296265849953,random_box,regret2,是,0,8397.525094681434,66.67495900234061,21,0,7933.458759999992,68.004877857383,21
完工时间优先,20260902,360,0.45543983299285173,0.017003246002298245,whole_trip,greedy,否,0,8397.525094681434,66.67495900234061,21,0,7933.458759999992,68.004877857383,21
完工时间优先,20260902,380,0.4746382919984171,0.016011610042169524,resource_bottleneck,model_reselect,否,0,8337.525094681434,66.64186689818013,21,0,7933.458759999992,68.004877857383,21
完工时间优先,20260903,1,0.0008609170035924762,0.05,route_segment,energy_margin,否,0,8334.029392485472,67.799264718126,21,0,8334.029392485472,67.799264718126,21
完工时间优先,20260903,10,0.011692000000039116,0.048666087108772176,random_box,regret3,是,0,8334.029392485472,67.78533690549732,21,0,8334.029392485472,67.78533690549732,21
完工时间优先,20260903,20,0.024929332997999154,0.04722565740750329,related,model_reselect,否,0,8334.029392485472,67.78533690549732,21,0,8334.029392485472,67.78533690549732,21
完工时间优先,20260903,36,0.04337491700425744,0.04500912242215772,related,regret2,是,0,8334.029392485472,65.68709337704547,20,0,8334.029392485472,65.68709337704547,20
完工时间优先,20260903,40,0.04678454200620763,0.044471438588363145,high_energy,greedy,否,0,8334.029392485472,65.68709337704547,20,0,8334.029392485472,65.68709337704547,20
完工时间优先,20260903,60,0.07367729200632311,0.04187784688846561,random_box,deadline_first,否,0,8334.029392485472,65.68709337704547,20,0,8334.029392485472,65.68709337704547,20
完工时间优先,20260903,61,0.07520616700639948,0.041752213347800216,whole_trip,greedy,是,0,7933.458759999992,66.89875966847256,21,0,7933.458759999992,66.89875966847256,21
完工时间优先,20260903,80,0.10154879200854339,0.039435514471363974,random_box,model_reselect,否,0,7933.458759999992,66.89875966847256,21,0,7933.458759999992,66.89875966847256,21
完工时间优先,20260903,84,0.10566041700076312,0.038964413559647776,random_box,greedy,是,0,7933.458759999992,66.58176620415763,21,0,7933.458759999992,66.58176620415763,21
完工时间优先,20260903,100,0.1257933330052765,0.037135619836498664,whole_trip,deadline_first,否,0,7933.458759999992,66.58176620415763,21,0,7933.458759999992,66.58176620415763,21
完工时间优先,20260903,120,0.1424825830035843,0.034969855956674546,critical_deadline,deadline_first,否,0,7933.458759999992,66.58176620415763,21,0,7933.458759999992,66.58176620415763,21
完工时间优先,20260903,140,0.16522912500659004,0.03293040027377302,random_box,regret3,是,0,7933.458759999992,66.58176620415763,21,0,7933.458759999992,66.58176620415763,21
完工时间优先,20260903,160,0.183265208004741,0.031009886444325854,related,deadline_first,否,0,7933.458759999992,66.58176620415763,21,0,7933.458759999992,66.58176620415763,21
完工时间优先,20260903,180,0.20561000000452623,0.029201377732898343,related,model_reselect,否,0,7933.458759999992,66.58176620415763,21,0,7933.458759999992,66.58176620415763,21
完工时间优先,20260903,200,0.23068045800027903,0.027498341957180577,whole_trip,greedy,否,0,8102.531982698598,67.75038181540097,22,0,7933.458759999992,66.58176620415763,21
完工时间优先,20260903,213,0.24385687500762288,0.02644499969870879,related,regret2,是,0,7933.458759999992,66.19660535700773,21,0,7933.458759999992,66.19660535700773,21
完工时间优先,20260903,220,0.2512704999971902,0.025894627894291006,related,deadline_first,否,0,8042.531982698598,67.3952796385376,22,0,7933.458759999992,66.19660535700773,21
完工时间优先,20260903,240,0.27459500000986736,0.02438444306307347,high_energy,greedy,否,0,8042.531982698598,67.3952796385376,22,0,7933.458759999992,66.19660535700773,21
完工时间优先,20260903,260,0.29842350000399165,0.022962332802139378,high_energy,regret2,否,0,7933.458759999992,66.19660535700773,21,0,7933.458759999992,66.19660535700773,21
完工时间优先,20260903,278,0.3174841669970192,0.021753485700920942,related,regret3,是,0,7933.458759999992,65.92117812501357,21,0,7933.458759999992,65.92117812501357,21
完工时间优先,20260903,280,0.31882712499646004,0.021623160568086726,high_energy,regret2,否,0,7933.458759999992,65.92117812501357,21,0,7933.458759999992,65.92117812501357,21
完工时间优先,20260903,300,0.34553554200101644,0.020362089382734597,resource_bottleneck,regret2,否,0,7933.458759999992,65.92117812501357,21,0,7933.458759999992,65.92117812501357,21
完工时间优先,20260903,320,0.36177541699726135,0.01917456436236228,random_box,greedy,是,0,7933.458759999992,65.92117812501357,21,0,7933.458759999992,65.92117812501357,21
完工时间优先,20260903,340,0.38051766699936707,0.018056296265849953,random_box,model_reselect,否,0,7933.458759999992,65.92117812501357,21,0,7933.458759999992,65.92117812501357,21
完工时间优先,20260903,343,0.383415625008638,0.01789427663193648,related,regret2,是,0,7933.458759999992,65.77044298293251,21,0,7933.458759999992,65.77044298293251,21
完工时间优先,20260903,360,0.4018586669990327,0.017003246002298245,critical_deadline,regret3,是,0,7933.458759999992,65.77044298293251,21,0,7933.458759999992,65.77044298293251,21
完工时间优先,20260903,377,0.42216879200714175,0.01615658350216218,route_segment,regret3,是,0,7933.458759999992,66.65101300576866,20,0,7933.458759999992,66.65101300576866,20
完工时间优先,20260903,380,0.4253607499995269,0.016011610042169524,route_segment,regret3,是,0,7933.458759999992,66.65101300576866,20,0,7933.458759999992,66.65101300576866,20
完工时间优先,20260903,400,0.44511820800835267,0.015077806679257096,critical_deadline,regret2,是,0,7933.458759999992,66.65101300576866,20,0,7933.458759999992,66.65101300576866,20
完工时间优先,20260903,420,0.47261350000917446,0.014198463093861732,critical_deadline,greedy,是,0,7933.458759999992,66.65101300576866,20,0,7933.458759999992,66.65101300576866,20
完工时间优先,20260903,440,0.4945656250056345,0.013370403170448835,critical_deadline,model_reselect,否,0,7933.458759999992,66.65101300576866,20,0,7933.458759999992,66.65101300576866,20
完工时间优先,20260903,460,0.5151147080032388,0.012590636025784576,critical_deadline,regret2,是,0,7933.458759999992,66.65101300576866,20,0,7933.458759999992,66.65101300576866,20
完工时间优先,20260903,480,0.5331896669958951,0.011856345206115643,critical_deadline,regret3,是,0,7933.458759999992,66.65101300576866,20,0,7933.458759999992,66.65101300576866,20
完工时间优先,20260903,500,0.5468516249966342,0.011164878514373677,route_segment,regret2,是,0,7933.458759999992,66.65101300576866,20,0,7933.458759999992,66.65101300576866,20
完工时间优先,20260903,520,0.565104125009384,0.010513738430661135,random_box,regret2,是,0,7933.458759999992,66.65350876373233,20,0,7933.458759999992,66.65101300576866,20
完工时间优先,20260903,540,0.6384893329959596,0.009900573091418162,random_box,model_reselect,否,0,7933.458759999992,66.65101300576866,20,0,7933.458759999992,66.65101300576866,20
完工时间优先,20260903,560,0.6615248330053873,0.009323167794687996,random_box,regret3,否,0,7933.458759999992,66.65350876373233,20,0,7933.458759999992,66.65101300576866,20
完工时间优先,20260903,580,0.681259000004502,0.008779437000798584,critical_deadline,greedy,是,0,7933.458759999992,66.65101300576866,20,0,7933.458759999992,66.65101300576866,20
完工时间优先,20260903,600,0.7022547079977812,0.00826741679956761,route_segment,regret2,否,0,7933.458759999992,66.65101300576866,20,0,7933.458759999992,66.65101300576866,20
完工时间优先,20260903,620,0.7238017920026323,0.007785257816823056,random_box,greedy,否,0,7933.458759999992,66.66327294486662,20,0,7933.458759999992,66.65101300576866,20
完工时间优先,20260903,640,0.7457439999998314,0.007331218534618268,critical_deadline,regret3,是,0,7933.458759999992,66.65101300576866,20,0,7933.458759999992,66.65101300576866,20
完工时间优先,20260903,660,0.7659669999993639,0.006903659001014685,random_box,regret2,是,0,7933.458759999992,66.65101300576866,20,0,7933.458759999992,66.65101300576866,20
完工时间优先,20260903,680,0.7808815830067033,0.006501034906712509,related,greedy,是,0,7933.458759999992,66.65101300576866,20,0,7933.458759999992,66.65101300576866,20
完工时间优先,20260903,700,0.8003266669984441,0.00612189200713458,related,regret3,是,0,7933.458759999992,66.65101300576866,20,0,7933.458759999992,66.65101300576866,20
完工时间优先,20260903,720,0.8173340000066673,0.005764860869816524,related,greedy,否,0,7933.458759999992,66.65101300576866,20,0,7933.458759999992,66.65101300576866,20
完工时间优先,20260904,1,0.0008026660070754588,0.05,critical_deadline,greedy,是,0,8334.029392485472,67.799264718126,21,0,8334.029392485472,67.799264718126,21
完工时间优先,20260904,20,0.027939583000261337,0.04722565740750329,resource_bottleneck,deadline_first,否,0,8415.770625006418,68.2133082874535,22,0,8334.029392485472,67.799264718126,21
完工时间优先,20260904,40,0.049493333004647866,0.044471438588363145,route_segment,model_reselect,否,0,8415.770625006418,68.2133082874535,22,0,8334.029392485472,67.799264718126,21
完工时间优先,20260904,60,0.07368658301129472,0.04187784688846561,whole_trip,regret2,否,0,8415.770625006418,68.0982680701058,22,0,8334.029392485472,67.799264718126,21
完工时间优先,20260904,80,0.09620737501245458,0.039435514471363974,related,regret2,是,0,8415.770625006418,68.0982680701058,22,0,8334.029392485472,67.799264718126,21
完工时间优先,20260904,100,0.11909358300908934,0.037135619836498664,resource_bottleneck,deadline_first,否,0,8337.525094681434,68.02304390576568,22,0,8334.029392485472,67.799264718126,21
完工时间优先,20260904,120,0.13972275001287926,0.034969855956674546,high_energy,model_reselect,否,0,8337.525094681434,68.02304390576568,22,0,8334.029392485472,67.799264718126,21
完工时间优先,20260904,140,0.16398508301062975,0.03293040027377302,route_segment,greedy,否,0,8337.525094681434,68.02304390576568,22,0,8334.029392485472,67.799264718126,21
完工时间优先,20260904,160,0.1889202500024112,0.031009886444325854,route_segment,regret3,是,0,8337.525094681434,68.02304390576568,22,0,8334.029392485472,67.799264718126,21
完工时间优先,20260904,180,0.21056912500353064,0.029201377732898343,resource_bottleneck,regret3,否,0,8337.525094681434,68.02304390576568,22,0,8334.029392485472,67.799264718126,21
完工时间优先,20260904,200,0.23119195800973102,0.027498341957180577,critical_deadline,regret2,是,0,8397.525094681434,68.04841442734894,22,0,8334.029392485472,67.799264718126,21
完工时间优先,20260904,220,0.2549300829996355,0.025894627894291006,resource_bottleneck,regret3,否,0,8415.770625006418,68.04841442734894,22,0,8334.029392485472,67.799264718126,21
完工时间优先,20260904,240,0.2850476250023348,0.02438444306307347,high_energy,regret2,否,0,8496.1320446708,70.18971390815472,22,0,8334.029392485472,67.799264718126,21
完工时间优先,20260904,260,0.3125641250080662,0.022962332802139378,route_segment,energy_margin,否,0,8475.770625006418,69.80895935300002,22,0,8334.029392485472,67.799264718126,21
完工时间优先,20260904,280,0.33381670800736174,0.021623160568086726,high_energy,model_reselect,否,0,8415.770625006418,69.79547803854196,22,0,8334.029392485472,67.799264718126,21
完工时间优先,20260904,300,0.35520183300832286,0.020362089382734597,related,energy_margin,否,0,8496.1320446708,70.23065942161948,22,0,8334.029392485472,67.799264718126,21
完工时间优先,20260904,320,0.38188858301145956,0.01917456436236228,random_box,deadline_first,否,0,8415.770625006418,69.90950129991826,22,0,8334.029392485472,67.799264718126,21
完工时间优先,20260904,340,0.40330900000117254,0.018056296265849953,random_box,deadline_first,否,0,8415.770625006418,69.90950129991826,22,0,8334.029392485472,67.799264718126,21
完工时间优先,20260905,1,0.0005070829938631505,0.05,resource_bottleneck,energy_margin,否,0,8334.029392485472,67.799264718126,21,0,8334.029392485472,67.799264718126,21
完工时间优先,20260905,12,0.015788082993822172,0.04837452858090352,route_segment,greedy,是,0,8334.029392485472,67.77592520605128,21,0,8334.029392485472,67.77592520605128,21
完工时间优先,20260905,20,0.024758540996117517,0.04722565740750329,related,model_reselect,否,0,8537.886514345815,68.18996877537879,22,0,8334.029392485472,67.77592520605128,21
完工时间优先,20260905,40,0.05187787499744445,0.044471438588363145,resource_bottleneck,model_reselect,否,0,8537.886514345815,68.03923363329773,22,0,8334.029392485472,67.77592520605128,21
完工时间优先,20260905,60,0.07237904099747539,0.04187784688846561,whole_trip,model_reselect,否,0,8168.0115212753,71.44236401174692,23,0,8334.029392485472,67.77592520605128,21
完工时间优先,20260905,80,0.09535062499344349,0.039435514471363974,related,regret2,是,0,8355.770625006418,69.74123633736363,23,0,8334.029392485472,67.77592520605128,21
完工时间优先,20260905,94,0.11230924999108538,0.03781113615605468,route_segment,greedy,是,0,7933.458759999992,66.54159229722316,21,0,7933.458759999992,66.54159229722316,21
完工时间优先,20260905,100,0.11881666599947494,0.037135619836498664,random_box,model_reselect,否,0,7933.458759999992,66.54159229722316,21,0,7933.458759999992,66.54159229722316,21
完工时间优先,20260905,120,0.13872950000222772,0.034969855956674546,related,greedy,是,0,7933.458759999992,66.54159229722316,21,0,7933.458759999992,66.54159229722316,21
完工时间优先,20260905,140,0.15819229099724907,0.03293040027377302,critical_deadline,regret2,是,0,7933.458759999992,66.54159229722316,21,0,7933.458759999992,66.54159229722316,21
完工时间优先,20260905,160,0.18144608299189713,0.031009886444325854,critical_deadline,energy_margin,否,0,7933.458759999992,66.54159229722316,21,0,7933.458759999992,66.54159229722316,21
完工时间优先,20260905,180,0.2031654579914175,0.029201377732898343,high_energy,regret3,否,0,7933.458759999992,66.54159229722316,21,0,7933.458759999992,66.54159229722316,21
完工时间优先,20260905,191,0.21276141599810217,0.028252057634837,random_box,greedy,是,0,7933.458759999992,66.51019471244751,21,0,7933.458759999992,66.51019471244751,21
完工时间优先,20260905,200,0.22489554100320674,0.027498341957180577,critical_deadline,deadline_first,否,0,7933.458759999992,66.51019471244751,21,0,7933.458759999992,66.51019471244751,21
完工时间优先,20260905,220,0.2453136660042219,0.025894627894291006,whole_trip,greedy,否,0,7933.458759999992,66.51019471244751,21,0,7933.458759999992,66.51019471244751,21
完工时间优先,20260905,240,0.26897449999523815,0.02438444306307347,related,model_reselect,否,0,7933.458759999992,66.51019471244751,21,0,7933.458759999992,66.51019471244751,21
完工时间优先,20260905,260,0.2888744579977356,0.022962332802139378,critical_deadline,regret3,是,0,8007.580349475844,68.0904416563687,22,0,7933.458759999992,66.51019471244751,21
完工时间优先,20260905,280,0.30873083299957216,0.021623160568086726,resource_bottleneck,greedy,否,0,7933.458759999992,66.51019471244751,21,0,7933.458759999992,66.51019471244751,21
完工时间优先,20260905,300,0.3279283750016475,0.020362089382734597,random_box,greedy,是,0,7933.458759999992,66.78792476446083,21,0,7933.458759999992,66.51019471244751,21
完工时间优先,20260905,317,0.34827333300199825,0.019348176068626825,random_box,regret3,是,0,7933.458759999992,66.23432581406372,21,0,7933.458759999992,66.23432581406372,21
完工时间优先,20260905,320,0.3488825829990674,0.01917456436236228,route_segment,regret3,是,0,7933.458759999992,66.23432581406372,21,0,7933.458759999992,66.23432581406372,21
完工时间优先,20260905,340,0.3751427910028724,0.018056296265849953,related,energy_margin,否,0,7933.458759999992,66.23432581406372,21,0,7933.458759999992,66.23432581406372,21
完工时间优先,20260905,360,0.3997747499961406,0.017003246002298245,critical_deadline,regret3,是,0,7933.458759999992,66.23432581406372,21,0,7933.458759999992,66.23432581406372,21
完工时间优先,20260905,380,0.42467020799813326,0.016011610042169524,related,model_reselect,否,0,7867.458759999992,68.27966663886464,21,0,7933.458759999992,66.23432581406372,21
完工时间优先,20260905,400,0.44377937499666587,0.015077806679257096,random_box,regret2,是,0,8337.525094681434,69.8424017269474,22,0,7933.458759999992,66.23432581406372,21
完工时间优先,20260905,420,0.4682057500031078,0.014198463093861732,random_box,greedy,是,0,8337.525094681434,67.79706090214648,22,0,7933.458759999992,66.23432581406372,21
完工时间优先,20260905,440,0.4876014579931507,0.013370403170448835,related,greedy,否,0,8337.525094681434,68.07248813414063,22,0,7933.458759999992,66.23432581406372,21
完工时间优先,20260905,460,0.5106783749943133,0.012590636025784576,related,regret2,否,0,8337.525094681434,68.07248813414063,22,0,7933.458759999992,66.23432581406372,21
完工时间优先,20260905,480,0.5306066249904688,0.011856345206115643,route_segment,deadline_first,否,0,8337.525094681434,68.07248813414063,22,0,7933.458759999992,66.23432581406372,21
完工时间优先,20260905,500,0.5461327499942854,0.011164878514373677,related,greedy,否,0,8337.525094681434,68.2232232762217,22,0,7933.458759999992,66.23432581406372,21
完工时间优先,20260905,520,0.5692522909957916,0.010513738430661135,route_segment,regret2,否,0,8337.525094681434,65.6053801892724,21,0,7933.458759999992,66.23432581406372,21
完工时间优先,20260905,540,0.5934808750025695,0.009900573091418162,whole_trip,regret3,否,0,8337.525094681434,65.6053801892724,21,0,7933.458759999992,66.23432581406372,21
完工时间优先,20260905,560,0.6128183330001775,0.009323167794687996,critical_deadline,greedy,是,0,8397.525094681434,65.44316444059437,21,0,7933.458759999992,66.23432581406372,21
完工时间优先,20260905,580,0.6358191250037635,0.008779437000798584,related,greedy,否,0,8337.525094681434,65.17921781519718,21,0,7933.458759999992,66.23432581406372,21
完工时间优先,20260905,600,0.6577606659993762,0.00826741679956761,random_box,regret2,否,0,8337.525094681434,65.17921781519718,21,0,7933.458759999992,66.23432581406372,21
完工时间优先,20260905,614,0.672334040995338,0.007926875722498785,related,regret3,是,0,7933.458759999992,63.62354556901067,20,0,7933.458759999992,63.62354556901067,20
完工时间优先,20260905,620,0.6792324999987613,0.007785257816823056,random_box,model_reselect,否,0,7933.458759999992,63.62354556901067,20,0,7933.458759999992,63.62354556901067,20
完工时间优先,20260905,640,0.7001069580001058,0.007331218534618268,high_energy,greedy,否,0,7933.458759999992,63.62354556901067,20,0,7933.458759999992,63.62354556901067,20
完工时间优先,20260905,660,0.7167164999991655,0.006903659001014685,route_segment,regret2,否,0,7933.458759999992,63.62354556901067,20,0,7933.458759999992,63.62354556901067,20
完工时间优先,20260905,680,0.7358592910022708,0.006501034906712509,route_segment,greedy,否,0,7933.458759999992,63.62354556901067,20,0,7933.458759999992,63.62354556901067,20
完工时间优先,20260905,700,0.7547925830003805,0.00612189200713458,critical_deadline,greedy,是,0,7933.458759999992,63.62354556901067,20,0,7933.458759999992,63.62354556901067,20
完工时间优先,20260905,720,0.7754829159966903,0.005764860869816524,random_box,model_reselect,否,0,7933.458759999992,63.62354556901067,20,0,7933.458759999992,63.62354556901067,20
完工时间优先,20260905,740,0.7933611659973394,0.005428651928131137,whole_trip,deadline_first,否,0,7933.458759999992,63.62354556901067,20,0,7933.458759999992,63.62354556901067,20
完工时间优先,20260905,760,0.8110641249950277,0.005112050823481512,random_box,greedy,是,0,7933.458759999992,63.62354556901067,20,0,7933.458759999992,63.62354556901067,20
完工时间优先,20260905,780,0.8279767499916488,0.004813914019139288,whole_trip,energy_margin,否,0,7933.458759999992,63.62354556901067,20,0,7933.458759999992,63.62354556901067,20
完工时间优先,20260905,800,0.84256550000282,0.004533164669885561,random_box,regret2,是,0,7933.458759999992,63.62354556901067,20,0,7933.458759999992,63.62354556901067,20
完工时间优先,20260905,820,0.8654769159911666,0.0042687887325359546,route_segment,greedy,否,0,7933.458759999992,63.62354556901067,20,0,7933.458759999992,63.62354556901067,20
完工时间优先,20260905,840,0.8817151660041418,0.0040198313033013985,related,model_reselect,否,0,7933.458759999992,63.62354556901067,20,0,7933.458759999992,63.62354556901067,20
完工时间优先,20260905,860,0.9003627079946455,0.003785393168755444,critical_deadline,deadline_first,否,0,7933.458759999992,63.62354556901067,20,0,7933.458759999992,63.62354556901067,20
完工时间优先,20260905,880,0.9218856660008896,0.0035646275579505355,critical_deadline,greedy,是,0,7933.458759999992,63.62354556901067,20,0,7933.458759999992,63.62354556901067,20
完工时间优先,20260905,900,0.9458878750010626,0.003356737083952113,whole_trip,energy_margin,否,0,7867.458759999992,65.66888639381159,20,0,7933.458759999992,63.62354556901067,20
完工时间优先,20260905,920,0.9658400409971364,0.003160970863743653,critical_deadline,regret3,是,0,7867.458759999992,65.48464035690525,20,0,7933.458759999992,63.62354556901067,20
完工时间优先,20260905,940,0.9926679159980267,0.002976621806099974,random_box,regret2,是,0,7867.458759999992,65.48464035690525,20,0,7933.458759999992,63.62354556901067,20
完工时间优先,20260905,960,1.0085509999917122,0.0028030240576328255,route_segment,regret2,是,0,7867.458759999992,65.48464035690525,20,0,7933.458759999992,63.62354556901067,20
完工时间优先,20260906,1,0.001242541999090463,0.05,whole_trip,energy_margin,否,0,8334.029392485472,67.799264718126,21,0,8334.029392485472,67.799264718126,21
完工时间优先,20260906,20,0.032473917002789676,0.04722565740750329,related,energy_margin,否,0,9056.62658490182,68.22595980373816,22,0,8334.029392485472,67.799264718126,21
完工时间优先,20260906,40,0.0613319170079194,0.044471438588363145,resource_bottleneck,regret3,是,0,9081.035764233624,68.53258816089202,22,0,8334.029392485472,67.799264718126,21
完工时间优先,20260906,60,0.08542037500592414,0.04187784688846561,random_box,deadline_first,否,0,9027.399547504985,70.04990597688587,22,0,8334.029392485472,67.799264718126,21
完工时间优先,20260906,80,0.11250262500834651,0.039435514471363974,random_box,greedy,是,0,9094.681889021376,70.32919159642503,22,0,8334.029392485472,67.799264718126,21
完工时间优先,20260906,100,0.14238762500463054,0.037135619836498664,route_segment,model_reselect,否,0,10360.254366088902,70.90491182998689,23,0,8334.029392485472,67.799264718126,21
完工时间优先,20260906,120,0.17127337500278372,0.034969855956674546,related,regret3,否,0,9355.362368526701,77.19417107370501,25,0,8334.029392485472,67.799264718126,21
完工时间优先,20260906,140,0.2715400830056751,0.03293040027377302,route_segment,energy_margin,否,0,10108.707639672495,76.80917951677827,25,0,8334.029392485472,67.799264718126,21
完工时间优先,20260906,145,0.2781744579988299,0.0324393991278118,resource_bottleneck,greedy,是,0,7803.789956673524,69.35081562614513,21,0,7803.789956673524,69.35081562614513,21
完工时间优先,20260906,160,0.30224858300061896,0.031009886444325854,related,model_reselect,否,0,8164.5427251613255,69.27946424701638,21,0,7803.789956673524,69.35081562614513,21
完工时间优先,20260906,180,0.32932379200065043,0.029201377732898343,resource_bottleneck,regret3,否,0,8164.5427251613255,69.28490310618194,21,0,7803.789956673524,69.35081562614513,21
完工时间优先,20260906,200,0.35037741699488834,0.027498341957180577,whole_trip,energy_margin,否,0,8164.5427251613255,69.28490310618194,21,0,7803.789956673524,69.35081562614513,21
完工时间优先,20260906,220,0.37698141700821,0.025894627894291006,critical_deadline,model_reselect,否,0,8164.5427251613255,69.28490310618194,21,0,7803.789956673524,69.35081562614513,21
完工时间优先,20260906,240,0.3989617920015007,0.02438444306307347,route_segment,deadline_first,否,0,8164.5427251613255,69.40788510914884,21,0,7803.789956673524,69.35081562614513,21
完工时间优先,20260906,260,0.42319566699734423,0.022962332802139378,route_segment,greedy,否,0,8164.5427251613255,69.40788510914884,21,0,7803.789956673524,69.35081562614513,21
完工时间优先,20260906,280,0.4470348750037374,0.021623160568086726,critical_deadline,model_reselect,否,0,8164.5427251613255,69.40788510914884,21,0,7803.789956673524,69.35081562614513,21
完工时间优先,20260906,300,0.47408954199636355,0.020362089382734597,related,energy_margin,否,0,7869.789956673524,68.72168569509023,21,0,7803.789956673524,69.35081562614513,21
完工时间优先,20260906,320,0.5000629580026725,0.01917456436236228,related,regret3,否,0,7869.789956673524,68.72168569509023,21,0,7803.789956673524,69.35081562614513,21
完工时间优先,20260906,340,0.5172715420048917,0.018056296265849953,random_box,greedy,是,0,7869.789956673524,68.33911653496006,21,0,7803.789956673524,69.35081562614513,21
完工时间优先,20260906,357,0.5427813330024946,0.017157198003225533,random_box,regret2,是,0,7862.916596576069,67.95247614631627,21,0,7862.916596576069,67.95247614631627,21
完工时间优先,20260906,360,0.5474318750057137,0.017003246002298245,route_segment,regret2,否,0,7862.916596576069,67.95247614631627,21,0,7862.916596576069,67.95247614631627,21
完工时间优先,20260906,380,0.5690190419991268,0.016011610042169524,high_energy,regret2,否,0,7862.916596576069,67.95247614631627,21,0,7862.916596576069,67.95247614631627,21
完工时间优先,20260906,389,0.5782229169999482,0.01558444818127826,route_segment,regret3,是,0,7807.398883696206,67.95247614631627,21,0,7807.398883696206,67.95247614631627,21
完工时间优先,20260906,400,0.5950659579975763,0.015077806679257096,high_energy,regret3,否,0,7807.398883696206,67.95247614631627,21,0,7807.398883696206,67.95247614631627,21
完工时间优先,20260906,411,0.6064779580046888,0.014587635802861201,related,greedy,是,0,7807.398883696206,67.67704891432211,21,0,7807.398883696206,67.67704891432211,21
完工时间优先,20260906,420,0.6212858329963638,0.014198463093861732,critical_deadline,regret3,是,0,7862.916596576069,67.67704891432211,21,0,7807.398883696206,67.67704891432211,21
完工时间优先,20260906,440,0.6448356670007342,0.013370403170448835,route_segment,regret2,否,0,7862.916596576069,67.67704891432211,21,0,7807.398883696206,67.67704891432211,21
完工时间优先,20260906,460,0.6719886670034612,0.012590636025784576,random_box,regret2,是,0,7869.789956673524,67.87453903901262,21,0,7807.398883696206,67.67704891432211,21
完工时间优先,20260906,480,0.6902399999962654,0.011856345206115643,related,regret3,是,0,7869.789956673524,67.87453903901262,21,0,7807.398883696206,67.67704891432211,21
完工时间优先,20260906,500,0.7150402499974007,0.011164878514373677,related,regret2,是,0,7869.789956673524,67.99908826089673,21,0,7807.398883696206,67.67704891432211,21
完工时间优先,20260906,520,0.738938833004795,0.010513738430661135,critical_deadline,regret3,是,0,7869.789956673524,67.99908826089673,21,0,7807.398883696206,67.67704891432211,21
完工时间优先,20260906,529,0.7523645000037504,0.010233250206108003,related,regret2,是,0,7869.789956673524,65.95468476527365,20,0,7869.789956673524,65.95468476527365,20
完工时间优先,20260906,540,0.7651840420003282,0.009900573091418162,resource_bottleneck,energy_margin,否,0,7869.789956673524,65.95468476527365,20,0,7869.789956673524,65.95468476527365,20
完工时间优先,20260906,560,0.7890081250079675,0.009323167794687996,high_energy,regret3,否,0,7869.789956673524,65.95468476527365,20,0,7869.789956673524,65.95468476527365,20
完工时间优先,20260906,580,0.8115468750038417,0.008779437000798584,random_box,regret2,是,0,7869.789956673524,65.95468476527365,20,0,7869.789956673524,65.95468476527365,20
完工时间优先,20260906,600,0.8393780830083415,0.00826741679956761,related,model_reselect,否,0,7869.789956673524,65.95468476527365,20,0,7869.789956673524,65.95468476527365,20
完工时间优先,20260906,620,0.8590677920001326,0.007785257816823056,whole_trip,regret2,否,0,7869.789956673524,65.95468476527365,20,0,7869.789956673524,65.95468476527365,20
完工时间优先,20260906,640,0.8731447500031209,0.007331218534618268,critical_deadline,regret2,是,0,7869.789956673524,65.95468476527365,20,0,7869.789956673524,65.95468476527365,20
完工时间优先,20260906,660,0.8946043330070097,0.006903659001014685,random_box,regret2,是,0,7869.789956673524,65.95468476527365,20,0,7869.789956673524,65.95468476527365,20
完工时间优先,20260906,680,0.9209285420074593,0.006501034906712509,critical_deadline,regret2,是,0,7869.789956673524,65.97579435067087,20,0,7869.789956673524,65.95468476527365,20
完工时间优先,20260906,700,0.9388573750038631,0.00612189200713458,whole_trip,deadline_first,否,0,7869.789956673524,65.96922607208592,20,0,7869.789956673524,65.95468476527365,20
完工时间优先,20260906,720,0.9653688329999568,0.005764860869816524,related,regret2,是,0,7869.789956673524,65.95468476527365,20,0,7869.789956673524,65.95468476527365,20
完工时间优先,20260906,740,0.9873581249994459,0.005428651928131137,critical_deadline,greedy,是,0,7869.789956673524,65.95468476527365,20,0,7869.789956673524,65.95468476527365,20
完工时间优先,20260906,760,1.013385375001235,0.005112050823481512,resource_bottleneck,energy_margin,否,0,7869.789956673524,65.95468476527365,20,0,7869.789956673524,65.95468476527365,20
完工时间优先,20260906,780,1.035923208008171,0.004813914019139288,related,model_reselect,否,0,7869.789956673524,65.95468476527365,20,0,7869.789956673524,65.95468476527365,20
完工时间优先,20260906,800,1.0558658750087488,0.004533164669885561,random_box,regret3,是,0,7869.789956673524,65.95468476527365,20,0,7869.789956673524,65.95468476527365,20
完工时间优先,20260906,808,1.0656464579951717,0.004425504246801587,related,regret2,是,0,7869.789956673524,65.67925753327951,20,0,7869.789956673524,65.67925753327951,20
完工时间优先,20260906,820,1.0766219579963945,0.0042687887325359546,random_box,greedy,是,0,7869.789956673524,65.67925753327951,20,0,7869.789956673524,65.67925753327951,20
完工时间优先,20260906,840,1.0982002079981612,0.0040198313033013985,resource_bottleneck,model_reselect,否,0,7869.789956673524,65.67925753327951,20,0,7869.789956673524,65.67925753327951,20
完工时间优先,20260906,860,1.1163877500075614,0.003785393168755444,related,regret3,否,0,7869.789956673524,65.67925753327951,20,0,7869.789956673524,65.67925753327951,20
完工时间优先,20260906,880,1.134573500006809,0.0035646275579505355,critical_deadline,model_reselect,否,0,7869.789956673524,65.67925753327951,20,0,7869.789956673524,65.67925753327951,20
完工时间优先,20260906,900,1.1492285419953987,0.003356737083952113,random_box,deadline_first,否,0,7869.789956673524,65.67925753327951,20,0,7869.789956673524,65.67925753327951,20
完工时间优先,20260906,920,1.162830125002074,0.003160970863743653,related,regret3,是,0,7869.789956673524,65.67925753327951,20,0,7869.789956673524,65.67925753327951,20
完工时间优先,20260906,921,1.1640821670007426,0.003151487951152422,related,regret2,是,0,7869.789956673524,65.1098835527752,20,0,7869.789956673524,65.1098835527752,20
完工时间优先,20260906,940,1.1794391669973265,0.002976621806099974,high_energy,regret2,否,0,7869.789956673524,65.67925753327951,20,0,7869.789956673524,65.1098835527752,20
完工时间优先,20260906,960,1.2011029580025934,0.0028030240576328255,critical_deadline,regret2,是,0,7869.789956673524,65.67925753327951,20,0,7869.789956673524,65.1098835527752,20
完工时间优先,20260906,980,1.219189291994553,0.0026395505977841057,related,regret2,否,0,7869.789956673524,65.67925753327951,20,0,7869.789956673524,65.1098835527752,20
完工时间优先,20260906,1000,1.2406612500053598,0.0024856109740800094,related,regret2,是,0,7869.789956673524,65.67925753327951,20,0,7869.789956673524,65.1098835527752,20
完工时间优先,20260906,1020,1.2592092080012662,0.002340649169466045,route_segment,regret3,否,0,7869.789956673524,65.55139054594086,20,0,7869.789956673524,65.1098835527752,20
完工时间优先,20260906,1040,1.278091542000766,0.0022041415940199094,critical_deadline,deadline_first,否,0,7869.789956673524,65.1098835527752,20,0,7869.789956673524,65.1098835527752,20
完工时间优先,20260906,1060,1.2968370000016876,0.002075595193788439,route_segment,regret2,否,0,7869.789956673524,65.38531078476935,20,0,7869.789956673524,65.1098835527752,20
完工时间优先,20260906,1080,1.315818582996144,0.001954545669917953,critical_deadline,energy_margin,否,0,7869.789956673524,65.38531078476935,20,0,7869.789956673524,65.1098835527752,20
完工时间优先,20260906,1100,1.337790125005995,0.0018405558016455926,random_box,regret2,是,0,7869.789956673524,65.38531078476935,20,0,7869.789956673524,65.1098835527752,20
完工时间优先,20260906,1106,1.3427400000073249,0.0018076732805826542,route_segment,greedy,是,0,7803.789956673524,65.26395276453316,20,0,7803.789956673524,65.26395276453316,20
完工时间优先,20260906,1120,1.360751166997943,0.0017332138670944715,related,regret2,是,0,7803.789956673524,65.26395276453316,20,0,7803.789956673524,65.26395276453316,20
完工时间优先,20260906,1140,1.3836569170089206,0.0016321321561686682,resource_bottleneck,energy_margin,否,0,7803.789956673524,65.26395276453316,20,0,7803.789956673524,65.26395276453316,20
完工时间优先,20260906,1160,1.4066952080029296,0.0015369455701767635,random_box,greedy,否,0,7803.789956673524,65.26395276453316,20,0,7803.789956673524,65.26395276453316,20
完工时间优先,20260906,1165,1.4123358329961775,0.0015140292973722133,route_segment,greedy,是,0,7803.789956673524,64.988525532539,20,0,7803.789956673524,64.988525532539,20
完工时间优先,20260906,1180,1.4250817919964902,0.0014473103031258836,resource_bottleneck,regret2,是,0,7803.789956673524,64.988525532539,20,0,7803.789956673524,64.988525532539,20
完工时间优先,20260906,1200,1.4473315000068396,0.0013629025999231871,resource_bottleneck,regret2,否,0,7803.789956673524,64.988525532539,20,0,7803.789956673524,64.988525532539,20
完工时间优先,20260907,1,0.0015153340063989162,0.05,whole_trip,regret3,是,0,8334.029392485472,63.5223945121432,19,0,8334.029392485472,63.5223945121432,19
完工时间优先,20260907,20,0.020174374993075617,0.04722565740750329,whole_trip,regret2,否,0,9048.155608825611,64.75442371443994,19,0,8334.029392485472,63.5223945121432,19
完工时间优先,20260907,40,0.0469124999945052,0.044471438588363145,route_segment,energy_margin,否,0,9048.155608825611,64.75442371443994,19,0,8334.029392485472,63.5223945121432,19
完工时间优先,20260907,60,0.0727948340063449,0.04187784688846561,related,model_reselect,否,0,8982.155608825611,65.10170710302741,19,0,8334.029392485472,63.5223945121432,19
完工时间优先,20260907,80,0.1032087500061607,0.039435514471363974,random_box,deadline_first,否,0,8878.279675849488,70.37940993437732,22,0,8334.029392485472,63.5223945121432,19
完工时间优先,20260907,100,0.12861429199983831,0.037135619836498664,critical_deadline,regret2,是,0,8501.529488684935,69.29899026572646,22,0,8334.029392485472,63.5223945121432,19
完工时间优先,20260907,120,0.15174462499271613,0.034969855956674546,resource_bottleneck,model_reselect,否,0,9048.155608825611,64.80986437747752,19,0,8334.029392485472,63.5223945121432,19
完工时间优先,20260907,140,0.17525450000539422,0.03293040027377302,whole_trip,greedy,否,0,8353.701517473262,66.28607502871674,21,0,8334.029392485472,63.5223945121432,19
完工时间优先,20260907,160,0.20600879199628253,0.031009886444325854,whole_trip,model_reselect,否,0,8040.709135877688,65.89077049879457,21,0,8334.029392485472,63.5223945121432,19
完工时间优先,20260907,180,0.23157729199738242,0.029201377732898343,route_segment,energy_margin,否,0,8450.248078391922,66.75197153207769,21,0,8334.029392485472,63.5223945121432,19
完工时间优先,20260907,200,0.26146033400436863,0.027498341957180577,related,model_reselect,否,0,8374.9650367674,66.51522923281202,21,0,8334.029392485472,63.5223945121432,19
完工时间优先,20260907,220,0.2841651670023566,0.025894627894291006,random_box,greedy,否,0,8040.709135877688,66.51522923281202,21,0,8334.029392485472,63.5223945121432,19
完工时间优先,20260907,240,0.30636804200184997,0.02438444306307347,route_segment,greedy,否,0,8040.709135877688,65.79250913064293,21,0,8334.029392485472,63.5223945121432,19
完工时间优先,20260907,260,0.3287305840058252,0.022962332802139378,critical_deadline,regret3,是,0,8501.06619411259,66.01965245978023,21,0,8334.029392485472,63.5223945121432,19
完工时间优先,20260907,280,0.35254187499231193,0.021623160568086726,route_segment,model_reselect,否,0,7933.458759999992,66.53171026433661,21,0,8334.029392485472,63.5223945121432,19
完工时间优先,20260907,300,0.3760002089984482,0.020362089382734597,critical_deadline,greedy,是,0,7933.458759999992,65.92931511732436,21,0,8334.029392485472,63.5223945121432,19
完工时间优先,20260907,320,0.39847979199839756,0.01917456436236228,random_box,deadline_first,否,0,7933.458759999992,65.92931511732436,21,0,8334.029392485472,63.5223945121432,19
完工时间优先,20260907,340,0.4210000000020955,0.018056296265849953,related,greedy,是,0,7939.515136215471,65.519581203242,21,0,8334.029392485472,63.5223945121432,19
完工时间优先,20260908,1,0.000854375000926666,0.05,high_energy,energy_margin,否,0,8334.029392485472,67.799264718126,21,0,8334.029392485472,67.799264718126,21
完工时间优先,20260908,5,0.004598166997311637,0.04940269460405001,route_segment,greedy,是,0,8334.029392485472,65.1416010875774,20,0,8334.029392485472,65.1416010875774,20
完工时间优先,20260908,20,0.017893625001306646,0.04722565740750329,random_box,energy_margin,否,0,8334.029392485472,65.1416010875774,20,0,8334.029392485472,65.1416010875774,20
完工时间优先,20260908,40,0.03928537499450613,0.044471438588363145,related,regret2,是,0,8337.525094681434,68.32066650169916,22,0,8334.029392485472,65.1416010875774,20
完工时间优先,20260908,60,0.06673104199580848,0.04187784688846561,resource_bottleneck,deadline_first,否,0,8415.770625006418,66.17767509110814,21,0,8334.029392485472,65.1416010875774,20
完工时间优先,20260908,80,0.08493458299199119,0.039435514471363974,route_segment,model_reselect,否,0,8415.770625006418,65.70075376968536,21,0,8334.029392485472,65.1416010875774,20
完工时间优先,20260908,100,0.1074940419930499,0.037135619836498664,related,deadline_first,否,0,8415.770625006418,65.70075376968536,21,0,8334.029392485472,65.1416010875774,20
完工时间优先,20260908,120,0.1934084999957122,0.034969855956674546,resource_bottleneck,greedy,否,0,8415.770625006418,65.70075376968536,21,0,8334.029392485472,65.1416010875774,20
完工时间优先,20260908,140,0.21099879199755378,0.03293040027377302,high_energy,deadline_first,否,0,8415.770625006418,65.70075376968536,21,0,8334.029392485472,65.1416010875774,20
完工时间优先,20260908,160,0.231206917000236,0.031009886444325854,critical_deadline,deadline_first,否,0,8415.770625006418,65.99743728505744,21,0,8334.029392485472,65.1416010875774,20
完工时间优先,20260908,180,0.2524976249987958,0.029201377732898343,high_energy,greedy,否,0,8415.770625006418,65.99743728505744,21,0,8334.029392485472,65.1416010875774,20
完工时间优先,20260908,200,0.2725842919899151,0.027498341957180577,high_energy,greedy,否,0,8337.525094681434,65.60685267997587,21,0,8334.029392485472,65.1416010875774,20
完工时间优先,20260908,220,0.2995332499995129,0.025894627894291006,high_energy,regret2,否,0,8337.525094681434,65.60685267997587,21,0,8334.029392485472,65.1416010875774,20
完工时间优先,20260908,240,0.32240641699172556,0.02438444306307347,whole_trip,deadline_first,否,0,8337.525094681434,65.60685267997587,21,0,8334.029392485472,65.1416010875774,20
完工时间优先,20260908,260,0.3491609999909997,0.022962332802139378,route_segment,regret2,是,0,8252.450075538942,65.61729196406907,21,0,8334.029392485472,65.1416010875774,20
完工时间优先,20260908,280,0.3715299169998616,0.021623160568086726,random_box,model_reselect,否,0,8252.450075538942,65.61729196406907,21,0,8334.029392485472,65.1416010875774,20
完工时间优先,20260908,300,0.39150316698942333,0.020362089382734597,route_segment,regret3,否,0,8252.450075538942,65.41584884360572,21,0,8334.029392485472,65.1416010875774,20
完工时间优先,20260908,305,0.39671870799793396,0.02005848514051559,route_segment,greedy,是,0,8103.826524402746,65.41584884360572,21,0,8103.826524402746,65.41584884360572,21
完工时间优先,20260908,320,0.412308083003154,0.01917456436236228,high_energy,model_reselect,否,0,8103.826524402746,65.41584884360572,21,0,8103.826524402746,65.41584884360572,21
完工时间优先,20260908,340,0.4377139580028597,0.018056296265849953,related,greedy,否,0,8103.826524402746,65.41584884360572,21,0,8103.826524402746,65.41584884360572,21
完工时间优先,20260908,356,0.4539447499992093,0.0172088244766555,whole_trip,greedy,是,0,7933.458759999992,64.05558846864109,20,0,7933.458759999992,64.05558846864109,20
完工时间优先,20260908,360,0.4587653749913443,0.017003246002298245,related,greedy,否,0,7933.458759999992,64.05558846864109,20,0,7933.458759999992,64.05558846864109,20
完工时间优先,20260908,380,0.4764814579975791,0.016011610042169524,related,greedy,否,0,7933.458759999992,64.05558846864109,20,0,7933.458759999992,64.05558846864109,20
完工时间优先,20260908,400,0.495235957991099,0.015077806679257096,high_energy,energy_margin,否,0,7933.458759999992,64.05558846864109,20,0,7933.458759999992,64.05558846864109,20
完工时间优先,20260908,420,0.5205719999939902,0.014198463093861732,whole_trip,regret3,否,0,7933.458759999992,64.05558846864109,20,0,7933.458759999992,64.05558846864109,20
完工时间优先,20260908,440,0.5404012499930104,0.013370403170448835,high_energy,greedy,否,0,7933.458759999992,64.05558846864109,20,0,7933.458759999992,64.05558846864109,20
完工时间优先,20260908,460,0.5578955419914564,0.012590636025784576,resource_bottleneck,regret3,否,0,7933.458759999992,64.05558846864109,20,0,7933.458759999992,64.05558846864109,20
完工时间优先,20260908,480,0.5800621249945834,0.011856345206115643,critical_deadline,regret3,是,0,7933.458759999992,64.05558846864109,20,0,7933.458759999992,64.05558846864109,20
完工时间优先,20260908,494,0.5960611670016078,0.011367973485604156,random_box,regret3,是,0,7933.458759999992,63.90485332656002,20,0,7933.458759999992,63.90485332656002,20
完工时间优先,20260908,500,0.601013374995091,0.011164878514373677,route_segment,greedy,否,0,7933.458759999992,63.90485332656002,20,0,7933.458759999992,63.90485332656002,20
完工时间优先,20260908,520,0.6202286670013564,0.010513738430661135,related,greedy,是,0,7933.458759999992,63.90485332656002,20,0,7933.458759999992,63.90485332656002,20
完工时间优先,20260908,540,0.6443092499976046,0.009900573091418162,whole_trip,regret3,否,0,7933.458759999992,63.90485332656002,20,0,7933.458759999992,63.90485332656002,20
完工时间优先,20260908,560,0.663703208003426,0.009323167794687996,route_segment,regret3,否,0,7933.458759999992,63.90485332656002,20,0,7933.458759999992,63.90485332656002,20
完工时间优先,20260908,580,0.6822619169979589,0.008779437000798584,related,regret2,是,0,7933.458759999992,63.90485332656002,20,0,7933.458759999992,63.90485332656002,20
完工时间优先,20260908,600,0.7016975829901639,0.00826741679956761,critical_deadline,regret2,是,0,7933.458759999992,63.90485332656002,20,0,7933.458759999992,63.90485332656002,20
完工时间优先,20260908,620,0.7189074579946464,0.007785257816823056,route_segment,model_reselect,否,0,7933.458759999992,63.90485332656002,20,0,7933.458759999992,63.90485332656002,20
完工时间优先,20260908,640,0.7466931249946356,0.007331218534618268,route_segment,regret3,否,0,7933.458759999992,63.90485332656002,20,0,7933.458759999992,63.90485332656002,20
完工时间优先,20260908,660,0.7902356249978766,0.006903659001014685,high_energy,model_reselect,否,0,7933.458759999992,63.90485332656002,20,0,7933.458759999992,63.90485332656002,20
完工时间优先,20260908,678,0.8230984169931617,0.006540217348849466,route_segment,regret3,是,0,7933.458759999992,63.895994972999254,20,0,7933.458759999992,63.895994972999254,20
完工时间优先,20260908,680,0.8271999999997206,0.006501034906712509,random_box,greedy,否,0,7933.458759999992,63.895994972999254,20,0,7933.458759999992,63.895994972999254,20
完工时间优先,20260908,700,0.8572986249928363,0.00612189200713458,high_energy,regret2,否,0,7933.458759999992,63.895994972999254,20,0,7933.458759999992,63.895994972999254,20
完工时间优先,20260908,718,0.873560207997798,0.0057996063112270855,related,regret2,是,0,7933.458759999992,63.629426094565865,20,0,7933.458759999992,63.629426094565865,20
完工时间优先,20260908,720,0.8753046249912586,0.005764860869816524,whole_trip,deadline_first,否,0,7933.458759999992,63.629426094565865,20,0,7933.458759999992,63.629426094565865,20
完工时间优先,20260908,740,0.8957755000010366,0.005428651928131137,high_energy,deadline_first,否,0,7933.458759999992,64.38240607562183,20,0,7933.458759999992,63.629426094565865,20
完工时间优先,20260908,760,0.9146609169984004,0.005112050823481512,critical_deadline,deadline_first,否,0,7933.458759999992,64.38240607562183,20,0,7933.458759999992,63.629426094565865,20
完工时间优先,20260908,780,0.9354406249913154,0.004813914019139288,route_segment,greedy,是,0,7933.458759999992,64.38240607562183,20,0,7933.458759999992,63.629426094565865,20
完工时间优先,20260908,800,0.9560256249969825,0.004533164669885561,random_box,energy_margin,否,0,7933.458759999992,64.38240607562183,20,0,7933.458759999992,63.629426094565865,20
完工时间优先,20260908,820,0.9735835829924326,0.0042687887325359546,related,deadline_first,否,0,7933.458759999992,66.08810976407004,20,0,7933.458759999992,63.629426094565865,20
完工时间优先,20260908,840,0.9955424169893377,0.0040198313033013985,resource_bottleneck,energy_margin,否,0,7933.458759999992,66.08810976407004,20,0,7933.458759999992,63.629426094565865,20
完工时间优先,20260908,860,1.0202835829986725,0.003785393168755444,critical_deadline,regret2,是,0,7933.458759999992,66.08810976407004,20,0,7933.458759999992,63.629426094565865,20
完工时间优先,20260908,880,1.0397469169984106,0.0035646275579505355,random_box,regret3,是,0,7933.458759999992,66.08810976407004,20,0,7933.458759999992,63.629426094565865,20
完工时间优先,20260908,900,1.0584124169981806,0.003356737083952113,related,model_reselect,否,0,7933.458759999992,66.08810976407004,20,0,7933.458759999992,63.629426094565865,20
完工时间优先,20260908,920,1.081260166989523,0.003160970863743653,critical_deadline,regret2,是,0,7933.458759999992,66.08810976407004,20,0,7933.458759999992,63.629426094565865,20
完工时间优先,20260908,940,1.10045016699587,0.002976621806099974,random_box,regret3,是,0,7933.458759999992,66.08810976407004,20,0,7933.458759999992,63.629426094565865,20
完工时间优先,20260908,960,1.1177877500012983,0.0028030240576328255,random_box,regret2,是,0,7933.458759999992,66.13118791268465,20,0,7933.458759999992,63.629426094565865,20
完工时间优先,20260908,980,1.14108554199629,0.0026395505977841057,route_segment,regret2,否,0,7933.458759999992,66.13118791268465,20,0,7933.458759999992,63.629426094565865,20
完工时间优先,20260908,1000,1.161655666990555,0.0024856109740800094,critical_deadline,regret3,是,0,7933.458759999992,66.13118791268465,20,0,7933.458759999992,63.629426094565865,20
完工时间优先,20260908,1020,1.1779249999963213,0.002340649169466045,route_segment,greedy,否,0,7933.458759999992,66.13118791268465,20,0,7933.458759999992,63.629426094565865,20
完工时间优先,20260908,1040,1.2004874580015894,0.0022041415940199094,related,regret3,是,0,7933.458759999992,66.13118791268465,20,0,7933.458759999992,63.629426094565865,20
完工时间优先,20260908,1060,1.2255329579929821,0.002075595193788439,whole_trip,regret2,否,0,7933.458759999992,66.13118791268465,20,0,7933.458759999992,63.629426094565865,20
均衡,20360904,1,0.001404415990691632,0.05,resource_bottleneck,regret2,否,0,8334.029392485472,67.799264718126,21,0,8334.029392485472,67.799264718126,21
均衡,20360904,20,0.01888899999903515,0.04722565740750329,random_box,regret3,是,0,8334.029392485472,65.1416010875774,20,0,8334.029392485472,65.1416010875774,20
均衡,20360904,40,0.04929566598730162,0.044471438588363145,critical_deadline,deadline_first,否,0,8473.701964475873,66.01383229410483,20,0,8334.029392485472,65.1416010875774,20
均衡,20360904,60,0.07479070799308829,0.04187784688846561,critical_deadline,energy_margin,否,0,9848.397499200666,66.65695947493762,19,0,8334.029392485472,65.1416010875774,20
均衡,20360904,80,0.10199974999704864,0.039435514471363974,whole_trip,regret3,否,0,9848.397499200666,66.66239833410319,19,0,8334.029392485472,65.1416010875774,20
均衡,20360904,100,0.12736983298964333,0.037135619836498664,related,deadline_first,否,0,9848.397499200666,66.66239833410319,19,0,8334.029392485472,65.1416010875774,20
均衡,20360904,120,0.15185158299573231,0.034969855956674546,related,regret2,是,0,9848.397499200666,66.57647950340645,19,0,8334.029392485472,65.1416010875774,20
均衡,20360904,140,0.17990229099814314,0.03293040027377302,resource_bottleneck,deadline_first,否,0,9550.791726100853,66.41238694133125,19,0,8334.029392485472,65.1416010875774,20
均衡,20360904,160,0.20705666599678807,0.031009886444325854,random_box,regret3,是,0,9550.791726100853,66.42556457412996,19,0,8334.029392485472,65.1416010875774,20
均衡,20360904,180,0.23396800000045914,0.029201377732898343,random_box,regret2,是,0,9550.791726100853,66.42556457412996,19,0,8334.029392485472,65.1416010875774,20
均衡,20360904,200,0.25741287499840837,0.027498341957180577,whole_trip,regret3,否,0,9616.791726100853,66.48139763357334,19,0,8334.029392485472,65.1416010875774,20
均衡,20360904,220,0.2795041659992421,0.025894627894291006,critical_deadline,model_reselect,否,0,9682.791726100853,66.74101939468478,19,0,8334.029392485472,65.1416010875774,20
均衡,20360904,240,0.3025952499883715,0.02438444306307347,related,greedy,是,0,9735.820132100778,66.92103357921002,19,0,8334.029392485472,65.1416010875774,20
均衡,20360904,260,0.32591183298791293,0.022962332802139378,critical_deadline,greedy,是,0,9735.820132100778,68.45026046823732,20,0,8334.029392485472,65.1416010875774,20
均衡,20360904,280,0.34768174999044277,0.021623160568086726,critical_deadline,regret3,是,0,9171.32312895607,67.61704614801448,21,0,8334.029392485472,65.1416010875774,20
均衡,20360904,300,0.37012366599810775,0.020362089382734597,random_box,regret2,是,0,9171.32312895607,67.61704614801448,21,0,8334.029392485472,65.1416010875774,20
均衡,20360904,320,0.3968668329907814,0.01917456436236228,route_segment,energy_margin,否,0,8883.57599328716,68.4054249794227,22,0,8334.029392485472,65.1416010875774,20
均衡,20360904,340,0.4242588749912102,0.018056296265849953,whole_trip,regret3,否,0,8901.821523612145,68.58041628528741,22,0,8334.029392485472,65.1416010875774,20
均衡,20360904,355,0.4439140829927055,0.017260606295542127,resource_bottleneck,regret2,是,0,7933.458759999992,65.78682898734209,20,0,7933.458759999992,65.78682898734209,20
均衡,20360904,360,0.44911624999076594,0.017003246002298245,resource_bottleneck,deadline_first,否,0,7933.458759999992,65.78682898734209,20,0,7933.458759999992,65.78682898734209,20
均衡,20360904,374,0.4670603749982547,0.01630286959118133,related,greedy,是,0,7933.458759999992,65.69941953007603,20,0,7933.458759999992,65.69941953007603,20
均衡,20360904,380,0.47563337499741465,0.016011610042169524,whole_trip,model_reselect,否,0,7933.458759999992,65.69941953007603,20,0,7933.458759999992,65.69941953007603,20
均衡,20360904,391,0.4899862499878509,0.015491081752224222,random_box,greedy,是,0,7933.458759999992,65.32623724697098,20,0,7933.458759999992,65.32623724697098,20
均衡,20360904,400,0.504327665999881,0.015077806679257096,resource_bottleneck,energy_margin,否,0,7933.458759999992,65.32623724697098,20,0,7933.458759999992,65.32623724697098,20
均衡,20360904,420,0.5294839579873951,0.014198463093861732,random_box,greedy,是,0,7933.458759999992,65.69941953007603,20,0,7933.458759999992,65.32623724697098,20
均衡,20360904,440,0.5489600409928244,0.013370403170448835,resource_bottleneck,regret2,否,0,7933.458759999992,65.69941953007603,20,0,7933.458759999992,65.32623724697098,20
均衡,20360904,460,0.5681670829944778,0.012590636025784576,random_box,regret3,是,0,7933.458759999992,65.60074643100842,20,0,7933.458759999992,65.32623724697098,20
均衡,20360904,480,0.5936222079908475,0.011856345206115643,resource_bottleneck,regret3,否,0,7933.458759999992,66.10752486316588,20,0,7933.458759999992,65.32623724697098,20
均衡,20360904,500,0.6163987499894574,0.011164878514373677,random_box,regret3,是,0,7933.458759999992,66.10752486316588,20,0,7933.458759999992,65.32623724697098,20
均衡,20360904,520,0.6417327909875894,0.010513738430661135,route_segment,regret3,是,0,7933.458759999992,66.10752486316588,20,0,7933.458759999992,65.32623724697098,20
均衡,20360904,540,0.6616886249976233,0.009900573091418162,related,energy_margin,否,0,7933.458759999992,66.10752486316588,20,0,7933.458759999992,65.32623724697098,20
均衡,20360904,560,0.6789139579923358,0.009323167794687996,critical_deadline,model_reselect,否,0,7933.458759999992,66.10752486316588,20,0,7933.458759999992,65.32623724697098,20
均衡,20360904,580,0.7025455830007559,0.008779437000798584,route_segment,model_reselect,否,0,7933.458759999992,66.10752486316588,20,0,7933.458759999992,65.32623724697098,20
均衡,20360904,600,0.7225738749984885,0.00826741679956761,critical_deadline,regret2,是,0,7933.458759999992,66.10752486316588,20,0,7933.458759999992,65.32623724697098,20
均衡,20360904,620,0.7424812499957625,0.007785257816823056,high_energy,greedy,否,0,7933.458759999992,66.10752486316588,20,0,7933.458759999992,65.32623724697098,20
均衡,20360904,640,0.7571956249885261,0.007331218534618268,route_segment,greedy,否,0,7933.458759999992,66.10752486316588,20,0,7933.458759999992,65.32623724697098,20
均衡,20360904,660,0.7768275829876075,0.006903659001014685,random_box,greedy,是,0,7933.458759999992,66.10752486316588,20,0,7933.458759999992,65.32623724697098,20
均衡,20360904,680,0.7939280409918865,0.006501034906712509,resource_bottleneck,regret3,否,0,7933.458759999992,66.10752486316588,20,0,7933.458759999992,65.32623724697098,20
均衡,20360904,700,0.8156642909889342,0.00612189200713458,critical_deadline,regret2,是,0,7933.458759999992,66.10752486316588,20,0,7933.458759999992,65.32623724697098,20
均衡,20360904,720,0.8328686659951927,0.005764860869816524,route_segment,regret3,否,0,7933.458759999992,66.10752486316588,20,0,7933.458759999992,65.32623724697098,20
均衡,20360904,740,0.8527626659924863,0.005428651928131137,critical_deadline,regret2,是,0,7933.458759999992,66.10752486316588,20,0,7933.458759999992,65.32623724697098,20
均衡,20360905,1,0.0009078750008484349,0.05,high_energy,model_reselect,否,0,8334.029392485472,67.799264718126,21,0,8334.029392485472,67.799264718126,21
均衡,20360905,4,0.004316874998039566,0.04955134865000001,random_box,greedy,是,0,8475.770625006418,65.39392895291557,21,0,8475.770625006418,65.39392895291557,21
均衡,20360905,19,0.01989999999932479,0.047367760689572005,route_segment,regret3,是,0,8457.525094681434,65.39392895291557,21,0,8457.525094681434,65.39392895291557,21
均衡,20360905,20,0.02096187499410007,0.04722565740750329,high_energy,deadline_first,否,0,8457.525094681434,65.39392895291557,21,0,8457.525094681434,65.39392895291557,21
均衡,20360905,40,0.03690858400659636,0.044471438588363145,high_energy,deadline_first,否,0,8457.525094681434,65.39392895291557,21,0,8457.525094681434,65.39392895291557,21
均衡,20360905,42,0.03920162499707658,0.04420501019978026,route_segment,regret3,是,0,8270.010876673383,65.41040998444016,21,0,8270.010876673383,65.41040998444016,21
均衡,20360905,60,0.057696167001267895,0.04187784688846561,route_segment,regret2,否,0,8270.010876673383,65.41040998444016,21,0,8270.010876673383,65.41040998444016,21
均衡,20360905,63,0.06269566700211726,0.041502075837633545,related,regret2,是,0,7933.458759999992,66.0204504616057,20,0,7933.458759999992,66.0204504616057,20
均衡,20360905,71,0.07063016699976288,0.040516422024255615,route_segment,greedy,是,0,7933.458759999992,65.60261442259372,20,0,7933.458759999992,65.60261442259372,20
均衡,20360905,80,0.08090308400278445,0.039435514471363974,whole_trip,regret2,否,0,7933.458759999992,65.60261442259372,20,0,7933.458759999992,65.60261442259372,20
均衡,20360905,100,0.10531558400543872,0.037135619836498664,high_energy,regret2,否,0,7933.458759999992,66.10509634219386,20,0,7933.458759999992,65.60261442259372,20
均衡,20360905,120,0.13092829199740663,0.034969855956674546,route_segment,regret3,否,0,7933.458759999992,66.10509634219386,20,0,7933.458759999992,65.60261442259372,20
均衡,20360905,140,0.1544641250075074,0.03293040027377302,related,regret2,否,0,7933.458759999992,66.16713296361343,20,0,7933.458759999992,65.60261442259372,20
均衡,20360905,160,0.1760084999987157,0.031009886444325854,high_energy,greedy,否,0,7933.458759999992,65.60261442259372,20,0,7933.458759999992,65.60261442259372,20
均衡,20360905,174,0.1943828340008622,0.02973256604479248,random_box,regret3,是,0,7933.458759999992,63.756479260111306,20,0,7933.458759999992,63.756479260111306,20
均衡,20360905,180,0.20009537499572616,0.029201377732898343,high_energy,greedy,否,0,7933.458759999992,63.756479260111306,20,0,7933.458759999992,63.756479260111306,20
均衡,20360905,200,0.22047287500754464,0.027498341957180577,high_energy,regret2,否,0,7933.458759999992,63.756479260111306,20,0,7933.458759999992,63.756479260111306,20
均衡,20360905,220,0.23909729199658614,0.025894627894291006,high_energy,deadline_first,否,0,7933.458759999992,63.756479260111306,20,0,7933.458759999992,63.756479260111306,20
均衡,20360905,240,0.2582082089938922,0.02438444306307347,route_segment,greedy,否,0,7933.458759999992,63.756479260111306,20,0,7933.458759999992,63.756479260111306,20
均衡,20360905,260,0.27686899999389425,0.022962332802139378,route_segment,greedy,是,0,7933.458759999992,63.756479260111306,20,0,7933.458759999992,63.756479260111306,20
均衡,20360905,280,0.294168084001285,0.021623160568086726,high_energy,regret3,否,0,7933.458759999992,63.756479260111306,20,0,7933.458759999992,63.756479260111306,20
均衡,20360905,300,0.3111408749973634,0.020362089382734597,route_segment,greedy,否,0,7933.458759999992,63.756479260111306,20,0,7933.458759999992,63.756479260111306,20
均衡,20360905,320,0.32486966700525954,0.01917456436236228,route_segment,greedy,是,0,7933.458759999992,63.756479260111306,20,0,7933.458759999992,63.756479260111306,20
均衡,20360905,340,0.3423589589947369,0.018056296265849953,route_segment,energy_margin,否,0,7933.458759999992,63.756479260111306,20,0,7933.458759999992,63.756479260111306,20
均衡,20360905,360,0.3577520840044599,0.017003246002298245,route_segment,deadline_first,否,0,7933.458759999992,63.756479260111306,20,0,7933.458759999992,63.756479260111306,20
均衡,20360905,373,0.3688244999939343,0.01635192536728318,related,regret3,是,0,7933.458759999992,63.60574411803024,20,0,7933.458759999992,63.60574411803024,20
均衡,20360905,380,0.37542462500277907,0.016011610042169524,high_energy,regret3,否,0,7933.458759999992,63.60574411803024,20,0,7933.458759999992,63.60574411803024,20
均衡,20360905,400,0.3951450000022305,0.015077806679257096,critical_deadline,model_reselect,否,0,7933.458759999992,63.79489438198352,20,0,7933.458759999992,63.60574411803024,20
均衡,20360905,420,0.499202624996542,0.014198463093861732,whole_trip,regret3,否,0,7933.458759999992,63.79489438198352,20,0,7933.458759999992,63.60574411803024,20
均衡,20360905,440,0.5240873750008177,0.013370403170448835,critical_deadline,energy_margin,否,0,7933.458759999992,63.79489438198352,20,0,7933.458759999992,63.60574411803024,20
均衡,20360905,460,0.5444719999941299,0.012590636025784576,resource_bottleneck,regret3,否,0,7933.458759999992,63.79489438198352,20,0,7933.458759999992,63.60574411803024,20
均衡,20360905,480,0.5612124170002062,0.011856345206115643,critical_deadline,deadline_first,否,0,7933.458759999992,63.79489438198352,20,0,7933.458759999992,63.60574411803024,20
均衡,20360905,500,0.5804686670016963,0.011164878514373677,critical_deadline,deadline_first,否,0,7933.458759999992,63.79489438198352,20,0,7933.458759999992,63.60574411803024,20
均衡,20360905,520,0.602621708996594,0.010513738430661135,related,greedy,是,0,7933.458759999992,63.79489438198352,20,0,7933.458759999992,63.60574411803024,20
均衡,20360905,540,0.6199095839983784,0.009900573091418162,route_segment,regret3,否,0,7933.458759999992,63.79489438198352,20,0,7933.458759999992,63.60574411803024,20
均衡,20360905,560,0.6377609170012875,0.009323167794687996,high_energy,model_reselect,否,0,7933.458759999992,63.79489438198352,20,0,7933.458759999992,63.60574411803024,20
均衡,20360905,580,0.6570998340030201,0.008779437000798584,high_energy,regret3,否,0,7933.458759999992,63.79489438198352,20,0,7933.458759999992,63.60574411803024,20
均衡,20360905,600,0.6794542919960804,0.00826741679956761,random_box,regret2,是,0,7933.458759999992,63.79489438198352,20,0,7933.458759999992,63.60574411803024,20
均衡,20360905,620,0.7000780840025982,0.007785257816823056,route_segment,regret2,否,0,7933.458759999992,63.881171350024395,20,0,7933.458759999992,63.60574411803024,20
均衡,20360905,640,0.7200410000077682,0.007331218534618268,related,deadline_first,否,0,7933.458759999992,63.881171350024395,20,0,7933.458759999992,63.60574411803024,20
均衡,20360905,660,0.7393379590066615,0.006903659001014685,route_segment,regret2,否,0,7933.458759999992,63.881171350024395,20,0,7933.458759999992,63.60574411803024,20
均衡,20360905,680,0.7607455420074984,0.006501034906712509,random_box,regret2,是,0,7933.458759999992,63.881171350024395,20,0,7933.458759999992,63.60574411803024,20
均衡,20360905,700,0.7743721250008093,0.00612189200713458,route_segment,greedy,是,0,7933.458759999992,63.60574411803024,20,0,7933.458759999992,63.60574411803024,20
均衡,20360905,720,0.795111833998817,0.005764860869816524,whole_trip,regret3,否,0,7933.458759999992,63.60574411803024,20,0,7933.458759999992,63.60574411803024,20
均衡,20360906,1,0.0011814580066129565,0.05,related,model_reselect,否,0,8334.029392485472,67.799264718126,21,0,8334.029392485472,67.799264718126,21
均衡,20360906,20,0.01983312499942258,0.04722565740750329,route_segment,regret3,否,0,8334.029392485472,69.9322107166938,22,0,8334.029392485472,67.799264718126,21
均衡,20360906,26,0.026628332998370752,0.0463819455933736,random_box,regret2,是,0,8334.029392485472,67.2580660546206,21,0,8334.029392485472,67.2580660546206,21
均衡,20360906,40,0.041466250011580996,0.044471438588363145,whole_trip,deadline_first,否,0,8334.029392485472,67.2580660546206,21,0,8334.029392485472,67.2580660546206,21
均衡,20360906,60,0.06665287500072736,0.04187784688846561,resource_bottleneck,model_reselect,否,0,8591.340179720617,67.501535566398,22,0,8334.029392485472,67.2580660546206,21
均衡,20360906,66,0.0718393749993993,0.04112967659058641,route_segment,regret3,是,0,8288.0115212753,65.38507059935479,21,0,8288.0115212753,65.38507059935479,21
均衡,20360906,80,0.08597300000838004,0.039435514471363974,route_segment,regret2,否,0,8337.525094681434,65.32256709442095,21,0,8288.0115212753,65.38507059935479,21
均衡,20360906,100,0.10768029101018328,0.037135619836498664,whole_trip,regret3,否,0,8457.525094681434,65.38507059935479,21,0,8288.0115212753,65.38507059935479,21
均衡,20360906,120,0.13042508299986366,0.034969855956674546,whole_trip,regret3,否,0,8397.525094681434,65.311086487824,21,0,8288.0115212753,65.38507059935479,21
均衡,20360906,140,0.15251487500790972,0.03293040027377302,whole_trip,regret3,否,0,8337.525094681434,65.32256709442095,21,0,8288.0115212753,65.38507059935479,21
均衡,20360906,160,0.1692565410048701,0.031009886444325854,related,energy_margin,否,0,8337.525094681434,65.32256709442095,21,0,8288.0115212753,65.38507059935479,21
均衡,20360906,180,0.19165154099755455,0.029201377732898343,route_segment,greedy,否,0,8337.525094681434,65.32256709442095,21,0,8288.0115212753,65.38507059935479,21
均衡,20360906,200,0.21803854100289755,0.027498341957180577,resource_bottleneck,regret2,否,0,8355.770625006418,65.75103783526113,21,0,8288.0115212753,65.38507059935479,21
均衡,20360906,204,0.2226245000056224,0.02716984379656653,related,regret3,是,0,7933.458759999992,66.2694213537039,20,0,7933.458759999992,66.2694213537039,20
均衡,20360906,212,0.23138237500097603,0.026524573418965688,random_box,regret3,是,0,7933.458759999992,66.26692559574025,20,0,7933.458759999992,66.26692559574025,20
均衡,20360906,220,0.2416997079999419,0.025894627894291006,whole_trip,regret3,否,0,7933.458759999992,66.26692559574025,20,0,7933.458759999992,66.26692559574025,20
均衡,20360906,240,0.260761708006612,0.02438444306307347,resource_bottleneck,greedy,否,0,7933.458759999992,66.26692559574025,20,0,7933.458759999992,66.26692559574025,20
均衡,20360906,260,0.28406345800613053,0.022962332802139378,route_segment,model_reselect,否,0,7933.458759999992,66.26692559574025,20,0,7933.458759999992,66.26692559574025,20
均衡,20360906,280,0.30569137500424404,0.021623160568086726,random_box,greedy,是,0,7933.458759999992,66.26692559574025,20,0,7933.458759999992,66.26692559574025,20
均衡,20360906,300,0.32809412499773316,0.020362089382734597,resource_bottleneck,energy_margin,否,0,7933.458759999992,66.2694213537039,20,0,7933.458759999992,66.26692559574025,20
均衡,20360906,320,0.34707150000031106,0.01917456436236228,high_energy,deadline_first,否,0,7933.458759999992,66.2694213537039,20,0,7933.458759999992,66.26692559574025,20
均衡,20360906,340,0.3673287080018781,0.018056296265849953,route_segment,greedy,是,0,7933.458759999992,66.26692559574025,20,0,7933.458759999992,66.26692559574025,20
均衡,20360906,360,0.3864155000046594,0.017003246002298245,route_segment,regret2,否,0,7933.458759999992,66.26692559574025,20,0,7933.458759999992,66.26692559574025,20
均衡,20360906,380,0.41562545800115913,0.016011610042169524,random_box,regret2,是,0,7933.458759999992,66.51993849505301,20,0,7933.458759999992,66.26692559574025,20
均衡,20360906,400,0.4358188330079429,0.015077806679257096,related,deadline_first,否,0,7933.458759999992,66.2694213537039,20,0,7933.458759999992,66.26692559574025,20
均衡,20360906,420,0.45818179100751877,0.014198463093861732,random_box,energy_margin,否,0,7933.458759999992,66.2694213537039,20,0,7933.458759999992,66.26692559574025,20
均衡,20360906,440,0.4759030410059495,0.013370403170448835,route_segment,regret3,否,0,7933.458759999992,66.2723644549058,20,0,7933.458759999992,66.26692559574025,20
均衡,20360906,460,0.4966906659974484,0.012590636025784576,resource_bottleneck,regret3,否,0,7933.458759999992,66.2723644549058,20,0,7933.458759999992,66.26692559574025,20
均衡,20360906,480,0.5140979160059942,0.011856345206115643,critical_deadline,greedy,是,0,7933.458759999992,66.2723644549058,20,0,7933.458759999992,66.26692559574025,20
均衡,20360906,500,0.5350274160009576,0.011164878514373677,random_box,regret3,是,0,7933.458759999992,66.2723644549058,20,0,7933.458759999992,66.26692559574025,20
均衡,20360906,520,0.5553251250094036,0.010513738430661135,critical_deadline,deadline_first,否,0,7933.458759999992,66.2723644549058,20,0,7933.458759999992,66.26692559574025,20
均衡,20360906,540,0.5763745410076808,0.009900573091418162,related,regret2,是,0,7933.458759999992,66.27748229666041,20,0,7933.458759999992,66.26692559574025,20
均衡,20360906,560,0.5962293330085231,0.009323167794687996,critical_deadline,regret2,是,0,7933.458759999992,66.27748229666041,20,0,7933.458759999992,66.26692559574025,20
均衡,20360907,1,0.0009285839914809912,0.05,route_segment,deadline_first,否,0,8334.029392485472,67.799264718126,21,0,8334.029392485472,67.799264718126,21
均衡,20360907,20,0.02117391700448934,0.04722565740750329,high_energy,regret3,否,0,8334.029392485472,67.799264718126,21,0,8334.029392485472,67.799264718126,21
均衡,20360907,38,0.040582749992609024,0.044739472769726576,route_segment,greedy,是,0,8415.770625006418,65.42532653769122,21,0,8415.770625006418,65.42532653769122,21
均衡,20360907,40,0.04261991700332146,0.044471438588363145,route_segment,regret2,是,0,8457.525094681434,65.42532653769122,21,0,8415.770625006418,65.42532653769122,21
均衡,20360907,60,0.06889012499595992,0.04187784688846561,whole_trip,regret2,否,0,8457.525094681434,65.42532653769122,21,0,8415.770625006418,65.42532653769122,21
均衡,20360907,80,0.09185804199660197,0.039435514471363974,whole_trip,deadline_first,否,0,8415.770625006418,65.42532653769122,21,0,8415.770625006418,65.42532653769122,21
均衡,20360907,100,0.11114937499223743,0.037135619836498664,random_box,regret2,是,0,8415.770625006418,65.42532653769122,21,0,8415.770625006418,65.42532653769122,21
均衡,20360907,120,0.1352326250053011,0.034969855956674546,whole_trip,regret3,否,0,8415.770625006418,65.42532653769122,21,0,8415.770625006418,65.42532653769122,21
均衡,20360907,140,0.15473766699142288,0.03293040027377302,high_energy,deadline_first,否,0,8415.770625006418,65.42532653769122,21,0,8415.770625006418,65.42532653769122,21
均衡,20360907,160,0.1731794590014033,0.031009886444325854,related,energy_margin,否,0,8415.770625006418,65.42532653769122,21,0,8415.770625006418,65.42532653769122,21
均衡,20360907,180,0.19119974999921396,0.029201377732898343,critical_deadline,greedy,是,0,8355.770625006418,68.68334780335994,22,0,8415.770625006418,65.42532653769122,21
均衡,20360907,186,0.1970993750001071,0.028679679386393257,route_segment,greedy,是,0,8176.09619137606,66.90703666577426,21,0,8176.09619137606,66.90703666577426,21
均衡,20360907,200,0.2126564999925904,0.027498341957180577,random_box,regret3,是,0,8355.770625006418,65.73078801240887,21,0,8176.09619137606,66.90703666577426,21
均衡,20360907,203,0.21661204200063366,0.02725159859234356,whole_trip,regret3,是,0,7933.458759999992,66.49476681096279,20,0,7933.458759999992,66.49476681096279,20
均衡,20360907,220,0.2354295419936534,0.025894627894291006,critical_deadline,regret3,是,0,7933.458759999992,66.49476681096279,20,0,7933.458759999992,66.49476681096279,20
均衡,20360907,240,0.2613066250050906,0.02438444306307347,route_segment,deadline_first,否,0,7933.458759999992,66.49476681096279,20,0,7933.458759999992,66.49476681096279,20
均衡,20360907,260,0.2783859589981148,0.022962332802139378,critical_deadline,model_reselect,否,0,8375.61194693341,68.40058034194607,21,0,7933.458759999992,66.49476681096279,20
均衡,20360907,280,0.3056071669998346,0.021623160568086726,whole_trip,regret2,否,0,7933.458759999992,66.79748234391727,20,0,7933.458759999992,66.49476681096279,20
均衡,20360907,300,0.3262326249969192,0.020362089382734597,route_segment,regret2,是,0,7933.458759999992,66.79748234391727,20,0,7933.458759999992,66.49476681096279,20
均衡,20360907,320,0.3487582090019714,0.01917456436236228,high_energy,regret2,否,0,7933.458759999992,66.86676606445154,20,0,7933.458759999992,66.49476681096279,20
均衡,20360907,332,0.3638507919968106,0.01849555660476295,related,regret3,是,0,7867.458759999992,66.813105168377,20,0,7867.458759999992,66.813105168377,20
均衡,20360907,340,0.3739882090012543,0.018056296265849953,whole_trip,model_reselect,否,0,7867.458759999992,66.813105168377,20,0,7867.458759999992,66.813105168377,20
均衡,20360907,360,0.3948430419986835,0.017003246002298245,random_box,deadline_first,否,0,7867.458759999992,66.813105168377,20,0,7867.458759999992,66.813105168377,20
均衡,20360907,380,0.4244297090044711,0.016011610042169524,critical_deadline,regret3,是,0,7867.458759999992,66.813105168377,20,0,7867.458759999992,66.813105168377,20
均衡,20360907,400,0.44839383399812505,0.015077806679257096,critical_deadline,greedy,是,0,7867.458759999992,67.03818605094291,20,0,7867.458759999992,66.813105168377,20
均衡,20360907,420,0.4717490000039106,0.014198463093861732,related,deadline_first,否,0,7867.458759999992,67.03818605094291,20,0,7867.458759999992,66.813105168377,20
均衡,20360907,430,0.4844230839953525,0.01377821381622704,random_box,regret2,是,0,7867.458759999992,66.75496302474326,20,0,7867.458759999992,66.75496302474326,20
均衡,20360907,440,0.4936993750015972,0.013370403170448835,random_box,regret2,是,0,7867.458759999992,66.75496302474326,20,0,7867.458759999992,66.75496302474326,20
均衡,20360907,460,0.5172947090031812,0.012590636025784576,related,energy_margin,否,0,7867.458759999992,66.75496302474326,20,0,7867.458759999992,66.75496302474326,20
均衡,20360907,480,0.5371270839968929,0.011856345206115643,resource_bottleneck,greedy,是,0,7867.458759999992,66.75496302474326,20,0,7867.458759999992,66.75496302474326,20
均衡,20360907,500,0.5584723339998163,0.011164878514373677,whole_trip,energy_margin,否,0,7867.458759999992,66.75496302474326,20,0,7867.458759999992,66.75496302474326,20
均衡,20360907,520,0.5784561670006951,0.010513738430661135,critical_deadline,regret2,是,0,7867.458759999992,66.75496302474326,20,0,7867.458759999992,66.75496302474326,20
均衡,20360907,540,0.5975408749945927,0.009900573091418162,critical_deadline,regret2,是,0,7933.458759999992,66.76756402876205,20,0,7867.458759999992,66.75496302474326,20
均衡,20360907,560,0.6211409999959869,0.009323167794687996,critical_deadline,regret2,是,0,7933.458759999992,66.49066861540142,20,0,7867.458759999992,66.75496302474326,20
均衡,20360907,580,0.6448930839978857,0.008779437000798584,critical_deadline,regret2,是,0,7933.458759999992,66.49066861540142,20,0,7867.458759999992,66.75496302474326,20
均衡,20360907,600,0.6653937090013642,0.00826741679956761,critical_deadline,greedy,是,0,7933.458759999992,66.49066861540142,20,0,7867.458759999992,66.75496302474326,20
均衡,20360907,601,0.6665422090009088,0.008242614549168907,related,greedy,是,0,7933.458759999992,65.31021099524291,20,0,7933.458759999992,65.31021099524291,20
均衡,20360907,620,0.6851296249951702,0.007785257816823056,high_energy,regret2,否,0,7867.458759999992,65.89829787474461,20,0,7933.458759999992,65.31021099524291,20
均衡,20360907,640,0.7076327090035193,0.007331218534618268,resource_bottleneck,regret3,是,0,7933.458759999992,65.89829787474461,20,0,7933.458759999992,65.31021099524291,20
均衡,20360907,660,0.727557791993604,0.006903659001014685,whole_trip,regret3,否,0,7933.458759999992,65.89829787474461,20,0,7933.458759999992,65.31021099524291,20
均衡,20360907,680,0.7472033340018243,0.006501034906712509,critical_deadline,model_reselect,否,0,7933.458759999992,65.89829787474461,20,0,7933.458759999992,65.31021099524291,20
均衡,20360907,700,0.765191333994153,0.00612189200713458,whole_trip,regret2,否,0,7867.458759999992,65.90373673391016,20,0,7933.458759999992,65.31021099524291,20
均衡,20360907,720,0.7882079169939971,0.005764860869816524,random_box,energy_margin,否,0,7867.458759999992,65.90373673391016,20,0,7933.458759999992,65.31021099524291,20
均衡,20360907,740,0.8097477499977686,0.005428651928131137,critical_deadline,greedy,是,0,7933.458759999992,65.31564985440848,20,0,7933.458759999992,65.31021099524291,20
均衡,20360907,760,0.8299966250051511,0.005112050823481512,critical_deadline,regret3,是,0,7933.458759999992,65.31564985440848,20,0,7933.458759999992,65.31021099524291,20
均衡,20360907,762,0.8322182499978226,0.005081424526998034,random_box,greedy,是,0,7933.458759999992,65.04434537893968,20,0,7933.458759999992,65.04434537893968,20
均衡,20360907,780,0.847423750004964,0.004813914019139288,related,deadline_first,否,0,7933.458759999992,65.04434537893968,20,0,7933.458759999992,65.04434537893968,20
均衡,20360907,800,0.8709539590054192,0.004533164669885561,high_energy,regret3,否,0,7933.458759999992,65.14260674709132,20,0,7933.458759999992,65.04434537893968,20
均衡,20360907,820,0.8916367499914486,0.0042687887325359546,related,energy_margin,否,0,7933.458759999992,65.13374839353055,20,0,7933.458759999992,65.04434537893968,20
均衡,20360907,840,0.9097134589974303,0.0040198313033013985,related,greedy,否,0,7933.458759999992,65.13374839353055,20,0,7933.458759999992,65.04434537893968,20
均衡,20360907,860,0.9295510840020142,0.003785393168755444,critical_deadline,regret2,是,0,7933.458759999992,65.13374839353055,20,0,7933.458759999992,65.04434537893968,20
均衡,20360907,880,0.9499599169939756,0.0035646275579505355,whole_trip,model_reselect,否,0,7933.458759999992,65.14260674709132,20,0,7933.458759999992,65.04434537893968,20
均衡,20360907,900,0.9658649589982815,0.003356737083952113,route_segment,greedy,否,0,7933.458759999992,65.14260674709132,20,0,7933.458759999992,65.04434537893968,20
均衡,20360907,920,0.9828500839939807,0.003160970863743653,related,greedy,是,0,7933.458759999992,65.14260674709132,20,0,7933.458759999992,65.04434537893968,20
均衡,20360907,921,0.9854610839975066,0.003151487951152422,random_box,regret3,是,0,7933.458759999992,64.99187160501026,20,0,7933.458759999992,64.99187160501026,20
均衡,20360907,926,0.9897922919917619,0.00310449841617458,related,greedy,是,0,7933.458759999992,64.58714127732352,20,0,7933.458759999992,64.58714127732352,20
均衡,20360907,932,0.9990326669940259,0.0030490348793079177,route_segment,greedy,是,0,7933.458759999992,63.84004112321203,20,0,7933.458759999992,63.84004112321203,20
均衡,20360907,936,1.0036725840036524,0.00301261077959091,random_box,regret3,是,0,7933.458759999992,63.72957353038524,20,0,7933.458759999992,63.72957353038524,20
均衡,20360907,940,1.0082457090029493,0.002976621806099974,critical_deadline,regret3,是,0,7933.458759999992,63.72957353038524,20,0,7933.458759999992,63.72957353038524,20
均衡,20360907,954,1.0239480839954922,0.002854012529169743,random_box,regret3,是,0,7933.458759999992,63.69817594560959,20,0,7933.458759999992,63.69817594560959,20
均衡,20360907,960,1.0281194999988656,0.0028030240576328255,random_box,greedy,是,0,7933.458759999992,63.69817594560959,20,0,7933.458759999992,63.69817594560959,20
均衡,20360907,980,1.046246500001871,0.0026395505977841057,related,greedy,否,0,7933.458759999992,63.72957353038524,20,0,7933.458759999992,63.69817594560959,20
均衡,20360907,994,1.0609594999987166,0.0025308255358525394,route_segment,regret3,是,0,7933.458759999992,63.510584548997954,20,0,7933.458759999992,63.510584548997954,20
均衡,20360907,1000,1.0662530840054387,0.0024856109740800094,random_box,greedy,是,0,7933.458759999992,63.510584548997954,20,0,7933.458759999992,63.510584548997954,20
均衡,20360907,1020,1.086196916992776,0.002340649169466045,whole_trip,regret2,否,0,7933.458759999992,63.510584548997954,20,0,7933.458759999992,63.510584548997954,20
均衡,20360907,1040,1.1009119999944232,0.0022041415940199094,random_box,deadline_first,否,0,7933.458759999992,63.510584548997954,20,0,7933.458759999992,63.510584548997954,20
均衡,20360907,1046,1.1043698749999749,0.0021647634168811027,random_box,regret2,是,0,7933.458759999992,63.505145689832396,20,0,7933.458759999992,63.505145689832396,20
均衡,20360907,1056,1.1123415000038221,0.0021006902664154306,random_box,greedy,是,0,7933.458759999992,63.47374810505675,20,0,7933.458759999992,63.47374810505675,20
均衡,20360907,1060,1.116813667002134,0.002075595193788439,related,regret2,是,0,7933.458759999992,63.47374810505675,20,0,7933.458759999992,63.47374810505675,20
均衡,20360907,1080,1.1318743750016438,0.001954545669917953,critical_deadline,regret3,是,0,7933.458759999992,63.47374810505675,20,0,7933.458759999992,63.47374810505675,20
均衡,20360907,1100,1.1480418749997625,0.0018405558016455926,random_box,regret3,否,0,7933.458759999992,63.47374810505675,20,0,7933.458759999992,63.47374810505675,20
均衡,20360907,1120,1.1672772919991985,0.0017332138670944715,resource_bottleneck,greedy,否,0,7933.458759999992,63.47374810505675,20,0,7933.458759999992,63.47374810505675,20
均衡,20360907,1140,1.182797917004791,0.0016321321561686682,critical_deadline,regret2,是,0,7933.458759999992,63.47374810505675,20,0,7933.458759999992,63.47374810505675,20
均衡,20360907,1160,1.201481583993882,0.0015369455701767635,random_box,regret2,是,0,7933.458759999992,63.47374810505675,20,0,7933.458759999992,63.47374810505675,20
均衡,20360907,1180,1.2201119999954244,0.0014473103031258836,critical_deadline,regret3,是,0,7933.458759999992,63.47374810505675,20,0,7933.458759999992,63.47374810505675,20
均衡,20360907,1200,1.2364453339978354,0.0013629025999231871,random_box,deadline_first,否,0,7933.458759999992,63.47374810505675,20,0,7933.458759999992,63.47374810505675,20
均衡,20360908,1,0.0013437079905997962,0.05,random_box,deadline_first,否,0,8334.029392485472,67.799264718126,21,0,8334.029392485472,67.799264718126,21
均衡,20360908,20,0.020537707998300903,0.04722565740750329,random_box,regret2,是,0,8415.770625006418,70.00428888549143,22,0,8334.029392485472,67.799264718126,21
均衡,20360908,40,0.045809957999153994,0.044471438588363145,related,deadline_first,否,0,8475.770625006418,69.97289130071579,22,0,8334.029392485472,67.799264718126,21
均衡,20360908,60,0.06366250000428408,0.04187784688846561,critical_deadline,greedy,是,0,8475.770625006418,69.97289130071579,22,0,8334.029392485472,67.799264718126,21
均衡,20360908,73,0.08044641600281466,0.0402736881399083,resource_bottleneck,greedy,是,0,8355.770625006418,67.59795712984871,21,0,8355.770625006418,67.59795712984871,21
均衡,20360908,74,0.0812063329940429,0.040152867075488576,route_segment,regret3,是,0,7933.458759999992,66.3587004576679,20,0,7933.458759999992,66.3587004576679,20
均衡,20360908,80,0.089801082998747,0.039435514471363974,whole_trip,regret2,否,0,7933.458759999992,66.3587004576679,20,0,7933.458759999992,66.3587004576679,20
均衡,20360908,100,0.1129966250009602,0.037135619836498664,critical_deadline,greedy,是,0,7933.458759999992,66.3587004576679,20,0,7933.458759999992,66.3587004576679,20
均衡,20360908,120,0.13347912499739323,0.034969855956674546,whole_trip,regret3,否,0,8250.664122198095,67.88872851999368,21,0,7933.458759999992,66.3587004576679,20
均衡,20360908,140,0.1537452909979038,0.03293040027377302,resource_bottleneck,deadline_first,否,0,8364.805440638083,67.25414054695122,21,0,7933.458759999992,66.3587004576679,20
均衡,20360908,160,0.17903112499334384,0.031009886444325854,resource_bottleneck,deadline_first,否,0,8492.676335140337,67.34563651432045,21,0,7933.458759999992,66.3587004576679,20
均衡,20360908,180,0.19872833299450576,0.029201377732898343,resource_bottleneck,energy_margin,否,0,8492.676335140337,67.34563651432045,21,0,7933.458759999992,66.3587004576679,20
均衡,20360908,200,0.2212956659932388,0.027498341957180577,related,deadline_first,否,0,8492.676335140337,67.34563651432045,21,0,7933.458759999992,66.3587004576679,20
均衡,20360908,220,0.24090170799172483,0.025894627894291006,resource_bottleneck,greedy,否,0,8492.676335140337,67.34563651432045,21,0,7933.458759999992,66.3587004576679,20
均衡,20360908,240,0.2571216659998754,0.02438444306307347,route_segment,regret2,是,0,8492.676335140337,67.34563651432045,21,0,7933.458759999992,66.3587004576679,20
均衡,20360908,260,0.2760208749969024,0.022962332802139378,route_segment,regret2,否,0,8248.491338267784,67.6144381613733,21,0,7933.458759999992,66.3587004576679,20
均衡,20360908,280,0.30587808300333563,0.021623160568086726,critical_deadline,model_reselect,否,0,8248.491338267784,67.61987702053885,21,0,7933.458759999992,66.3587004576679,20
均衡,20360908,300,0.32789308299834374,0.020362089382734597,resource_bottleneck,regret2,否,0,8368.491338267784,67.35107537348601,21,0,7933.458759999992,66.3587004576679,20
均衡,20360908,311,0.33767349999106955,0.019700129496240133,related,regret2,是,0,7933.458759999992,65.71538776652723,20,0,7933.458759999992,65.71538776652723,20
均衡,20360908,320,0.34510695800418034,0.01917456436236228,critical_deadline,model_reselect,否,0,7933.458759999992,65.71538776652723,20,0,7933.458759999992,65.71538776652723,20
均衡,20360908,329,0.3552007499965839,0.01866302039062962,random_box,greedy,是,0,7933.458759999992,65.70994890736166,20,0,7933.458759999992,65.70994890736166,20
均衡,20360908,340,0.3670260409999173,0.018056296265849953,random_box,greedy,是,0,7933.458759999992,65.70994890736166,20,0,7933.458759999992,65.70994890736166,20
均衡,20360908,360,0.38946074999694247,0.017003246002298245,whole_trip,regret3,否,0,7933.458759999992,65.70994890736166,20,0,7933.458759999992,65.70994890736166,20
均衡,20360908,380,0.4093591249984456,0.016011610042169524,high_energy,regret3,否,0,7933.458759999992,65.70994890736166,20,0,7933.458759999992,65.70994890736166,20
均衡,20360908,400,0.4264564579934813,0.015077806679257096,whole_trip,greedy,否,0,7933.458759999992,65.70994890736166,20,0,7933.458759999992,65.70994890736166,20
均衡,20360908,420,0.4454008329921635,0.014198463093861732,related,regret2,否,0,7933.458759999992,65.70994890736166,20,0,7933.458759999992,65.70994890736166,20
均衡,20360908,426,0.4531381249980768,0.013944799900750263,related,regret3,是,0,7933.458759999992,65.53892684245002,20,0,7933.458759999992,65.53892684245002,20
均衡,20360908,440,0.47156537500268314,0.013370403170448835,route_segment,greedy,否,0,7933.458759999992,65.53892684245002,20,0,7933.458759999992,65.53892684245002,20
均衡,20360908,460,0.49060083299991675,0.012590636025784576,random_box,model_reselect,否,0,7933.458759999992,65.53892684245002,20,0,7933.458759999992,65.53892684245002,20
均衡,20360908,480,0.5167962909908965,0.011856345206115643,whole_trip,deadline_first,否,0,7933.458759999992,65.54436570161558,20,0,7933.458759999992,65.53892684245002,20
均衡,20360908,500,0.5413346249988535,0.011164878514373677,related,energy_margin,否,0,7933.458759999992,65.54436570161558,20,0,7933.458759999992,65.53892684245002,20
均衡,20360908,514,0.5553469580045203,0.01070498882369953,related,regret2,是,0,7933.458759999992,65.10840956115172,20,0,7933.458759999992,65.10840956115172,20
均衡,20360908,520,0.5626482910010964,0.010513738430661135,critical_deadline,regret3,是,0,7933.458759999992,65.10840956115172,20,0,7933.458759999992,65.10840956115172,20
均衡,20360908,533,0.5774137080006767,0.010111002694783705,random_box,regret2,是,0,7933.458759999992,65.06898082261516,20,0,7933.458759999992,65.06898082261516,20
均衡,20360908,537,0.5818627909902716,0.00999021556542252,random_box,regret2,是,0,7933.458759999992,64.93895030491966,20,0,7933.458759999992,64.93895030491966,20
均衡,20360908,540,0.5848876660020323,0.009900573091418162,critical_deadline,regret2,是,0,7933.458759999992,64.93895030491966,20,0,7933.458759999992,64.93895030491966,20
均衡,20360908,560,0.6090687079995405,0.009323167794687996,random_box,greedy,是,0,7933.458759999992,64.93895030491966,20,0,7933.458759999992,64.93895030491966,20
均衡,20360908,580,0.6252170410007238,0.008779437000798584,random_box,deadline_first,否,0,7933.458759999992,64.93895030491966,20,0,7933.458759999992,64.93895030491966,20
均衡,20360908,600,0.6434271250036545,0.00826741679956761,critical_deadline,regret2,是,0,7933.458759999992,64.93895030491966,20,0,7933.458759999992,64.93895030491966,20
均衡,20360908,620,0.6626927079923917,0.007785257816823056,critical_deadline,regret2,是,0,7933.458759999992,64.93895030491966,20,0,7933.458759999992,64.93895030491966,20
均衡,20360908,640,0.681953874998726,0.007331218534618268,critical_deadline,regret3,是,0,7933.458759999992,64.93895030491966,20,0,7933.458759999992,64.93895030491966,20
均衡,20360908,660,0.7051044999971054,0.006903659001014685,resource_bottleneck,model_reselect,否,0,7933.458759999992,64.93895030491966,20,0,7933.458759999992,64.93895030491966,20
均衡,20360908,680,0.7258216659975005,0.006501034906712509,random_box,regret2,否,0,7933.458759999992,64.93895030491966,20,0,7933.458759999992,64.93895030491966,20
均衡,20360908,700,0.7387382079905365,0.00612189200713458,related,regret2,否,0,7933.458759999992,64.93895030491966,20,0,7933.458759999992,64.93895030491966,20
均衡,20360908,720,0.7639362499903655,0.005764860869816524,whole_trip,regret2,否,0,7933.458759999992,64.93895030491966,20,0,7933.458759999992,64.93895030491966,20
均衡,20360908,740,0.7845117910037516,0.005428651928131137,random_box,regret2,是,0,7933.458759999992,64.93895030491966,20,0,7933.458759999992,64.93895030491966,20
均衡,20360908,760,0.8040645830042195,0.005112050823481512,random_box,regret2,是,0,7933.458759999992,64.93895030491966,20,0,7933.458759999992,64.93895030491966,20
均衡,20360908,780,0.8273687079927186,0.004813914019139288,critical_deadline,regret3,是,0,7933.458759999992,64.93895030491966,20,0,7933.458759999992,64.93895030491966,20
均衡,20360908,800,0.8425292909960262,0.004533164669885561,related,regret3,是,0,7933.458759999992,64.93895030491966,20,0,7933.458759999992,64.93895030491966,20
均衡,20360908,820,0.8620412909949664,0.0042687887325359546,related,regret2,是,0,7933.458759999992,64.93895030491966,20,0,7933.458759999992,64.93895030491966,20
均衡,20360908,823,0.8669054579950171,0.004230484775981614,related,greedy,是,0,7933.458759999992,64.9335114457541,20,0,7933.458759999992,64.9335114457541,20
均衡,20360908,840,0.8817917080014013,0.0040198313033013985,resource_bottleneck,regret3,否,0,7933.458759999992,64.9335114457541,20,0,7933.458759999992,64.9335114457541,20
均衡,20360908,860,0.8991940830019303,0.003785393168755444,related,greedy,是,0,7933.458759999992,64.9335114457541,20,0,7933.458759999992,64.9335114457541,20
均衡,20360908,880,0.9211614999949234,0.0035646275579505355,high_energy,regret3,否,0,7933.458759999992,64.93895030491966,20,0,7933.458759999992,64.9335114457541,20
均衡,20360908,900,0.9408422499982407,0.003356737083952113,random_box,greedy,是,0,7933.458759999992,64.93895030491966,20,0,7933.458759999992,64.9335114457541,20
均衡,20360908,920,0.9595624579960713,0.003160970863743653,critical_deadline,regret3,是,0,7933.458759999992,64.93895030491966,20,0,7933.458759999992,64.9335114457541,20
均衡,20360908,940,1.0862752079992788,0.002976621806099974,random_box,regret3,是,0,7933.458759999992,64.93895030491966,20,0,7933.458759999992,64.9335114457541,20
均衡,20360908,960,1.1068354159942828,0.0028030240576328255,route_segment,regret3,是,0,7933.458759999992,64.93895030491966,20,0,7933.458759999992,64.9335114457541,20
均衡,20360908,980,1.131750540997018,0.0026395505977841057,whole_trip,regret3,否,0,7933.458759999992,64.93895030491966,20,0,7933.458759999992,64.9335114457541,20
均衡,20360908,1000,1.151181583001744,0.0024856109740800094,related,energy_margin,否,0,7933.458759999992,64.93895030491966,20,0,7933.458759999992,64.9335114457541,20
均衡,20360908,1020,1.1680114999908255,0.002340649169466045,critical_deadline,regret2,是,0,7933.458759999992,64.93895030491966,20,0,7933.458759999992,64.9335114457541,20
均衡,20360908,1040,1.1868977080011973,0.0022041415940199094,high_energy,regret3,否,0,7933.458759999992,64.93895030491966,20,0,7933.458759999992,64.9335114457541,20
均衡,20360908,1060,1.2017471250001108,0.002075595193788439,high_energy,regret3,否,0,7933.458759999992,64.93895030491966,20,0,7933.458759999992,64.9335114457541,20
均衡,20360908,1080,1.220253124993178,0.001954545669917953,route_segment,regret2,否,0,7933.458759999992,65.06057586746121,20,0,7933.458759999992,64.9335114457541,20
均衡,20360908,1100,1.242581375001464,0.0018405558016455926,random_box,regret2,是,0,7933.458759999992,64.9331526513695,20,0,7933.458759999992,64.9331526513695,20
均衡,20360908,1120,1.2656976250000298,0.0017332138670944715,random_box,regret3,是,0,7933.458759999992,64.9331526513695,20,0,7933.458759999992,64.9331526513695,20
均衡,20360908,1140,1.286117915995419,0.0016321321561686682,resource_bottleneck,regret2,否,0,7933.458759999992,64.9331526513695,20,0,7933.458759999992,64.9331526513695,20
均衡,20360908,1160,1.3025106249988312,0.0015369455701767635,related,greedy,否,0,7933.458759999992,64.9331526513695,20,0,7933.458759999992,64.9331526513695,20
均衡,20360908,1180,1.3190363329922548,0.0014473103031258836,critical_deadline,regret3,是,0,7933.458759999992,64.9331526513695,20,0,7933.458759999992,64.9331526513695,20
均衡,20360908,1183,1.324798000001465,0.0014343235486985568,random_box,regret3,是,0,7933.458759999992,64.79108944104888,20,0,7933.458759999992,64.79108944104888,20
均衡,20360908,1200,1.3431354999920586,0.0013629025999231871,random_box,regret2,是,0,7933.458759999992,64.79108944104888,20,0,7933.458759999992,64.79108944104888,20
均衡,20360909,1,0.001244250001036562,0.05,whole_trip,model_reselect,否,0,8334.029392485472,67.799264718126,21,0,8334.029392485472,67.799264718126,21
均衡,20360909,20,0.016292708009132184,0.04722565740750329,related,greedy,是,0,8334.029392485472,67.799264718126,21,0,8334.029392485472,67.799264718126,21
均衡,20360909,40,0.037241166006424464,0.044471438588363145,resource_bottleneck,energy_margin,否,0,8613.825535669537,68.21586150634941,22,0,8334.029392485472,67.799264718126,21
均衡,20360909,60,0.058811916009290144,0.04187784688846561,resource_bottleneck,deadline_first,否,0,8286.716979571152,68.21586150634941,22,0,8334.029392485472,67.799264718126,21
均衡,20360909,80,0.08211591601138934,0.039435514471363974,critical_deadline,model_reselect,否,0,8286.716979571152,68.21586150634941,22,0,8334.029392485472,67.799264718126,21
均衡,20360909,100,0.10161858300853055,0.037135619836498664,route_segment,model_reselect,否,0,8286.716979571152,68.36097061912989,22,0,8334.029392485472,67.799264718126,21
均衡,20360909,120,0.12262816600559745,0.034969855956674546,random_box,model_reselect,否,0,8286.716979571152,68.36097061912989,22,0,8334.029392485472,67.799264718126,21
均衡,20360909,140,0.14609041600488126,0.03293040027377302,random_box,regret2,是,0,8286.716979571152,68.36097061912989,22,0,8334.029392485472,67.799264718126,21
均衡,20360909,148,0.15431024999998044,0.032148319523574165,related,greedy,是,0,7933.458759999992,66.68030815614438,21,0,7933.458759999992,66.68030815614438,21
均衡,20360909,160,0.16841075000411365,0.031009886444325854,whole_trip,greedy,否,0,7933.458759999992,66.68030815614438,21,0,7933.458759999992,66.68030815614438,21
均衡,20360909,180,0.1889909580058884,0.029201377732898343,related,deadline_first,否,0,7933.458759999992,66.68030815614438,21,0,7933.458759999992,66.68030815614438,21
均衡,20360909,190,0.19861879100790247,0.02833706884136108,random_box,regret3,是,0,7933.458759999992,66.51235036011337,21,0,7933.458759999992,66.51235036011337,21
均衡,20360909,200,0.21002083300845698,0.027498341957180577,high_energy,deadline_first,否,0,7933.458759999992,66.51235036011337,21,0,7933.458759999992,66.51235036011337,21
均衡,20360909,220,0.2315458750090329,0.025894627894291006,critical_deadline,model_reselect,否,0,7933.458759999992,66.51235036011337,21,0,7933.458759999992,66.51235036011337,21
均衡,20360909,240,0.24802979100786615,0.02438444306307347,critical_deadline,greedy,是,0,7933.458759999992,66.51235036011337,21,0,7933.458759999992,66.51235036011337,21
均衡,20360909,260,0.2687545000080718,0.022962332802139378,random_box,regret3,是,0,7933.458759999992,66.51235036011337,21,0,7933.458759999992,66.51235036011337,21
均衡,20360909,280,0.2893681660061702,0.021623160568086726,route_segment,regret2,是,0,7933.458759999992,66.51235036011337,21,0,7933.458759999992,66.51235036011337,21
均衡,20360909,300,0.3151577500102576,0.020362089382734597,whole_trip,deadline_first,否,0,7933.458759999992,66.5203271586277,21,0,7933.458759999992,66.51235036011337,21
均衡,20360909,306,0.32109316599962767,0.019998309685094043,random_box,regret2,是,0,7933.458759999992,65.87724700967355,21,0,7933.458759999992,65.87724700967355,21
均衡,20360909,320,0.33629300000029616,0.01917456436236228,critical_deadline,regret3,是,0,7933.458759999992,65.87724700967355,21,0,7933.458759999992,65.87724700967355,21
均衡,20360909,338,0.35497625000425614,0.018165123520863444,random_box,greedy,是,0,7867.458759999992,65.80256434948112,21,0,7867.458759999992,65.80256434948112,21
均衡,20360909,340,0.35753725000540726,0.018056296265849953,random_box,regret3,是,0,7867.458759999992,65.80256434948112,21,0,7867.458759999992,65.80256434948112,21
均衡,20360909,350,0.36945950001245365,0.017521861981496883,random_box,regret2,是,0,7867.458759999992,64.87390667996124,21,0,7867.458759999992,64.87390667996124,21
均衡,20360909,360,0.37948345800396055,0.017003246002298245,related,regret2,是,0,7867.458759999992,64.87390667996124,21,0,7867.458759999992,64.87390667996124,21
均衡,20360909,380,0.3974953330034623,0.016011610042169524,resource_bottleneck,energy_margin,否,0,7867.458759999992,64.87390667996124,21,0,7867.458759999992,64.87390667996124,21
均衡,20360909,400,0.41778808301023673,0.015077806679257096,critical_deadline,model_reselect,否,0,7867.458759999992,64.90530426473688,21,0,7867.458759999992,64.87390667996124,21
均衡,20360909,410,0.4274811659997795,0.014631530394043331,route_segment,greedy,是,0,7867.458759999992,64.83062160454446,21,0,7867.458759999992,64.83062160454446,21
均衡,20360909,420,0.4367978330119513,0.014198463093861732,random_box,regret2,是,0,7867.458759999992,64.83062160454446,21,0,7867.458759999992,64.83062160454446,21
均衡,20360909,432,0.45082912500947714,0.013695668537254024,random_box,greedy,是,0,7842.373690276219,64.87312817360295,21,0,7842.373690276219,64.87312817360295,21
均衡,20360909,440,0.4578059580089757,0.013370403170448835,related,greedy,否,0,7842.373690276219,64.87312817360295,21,0,7842.373690276219,64.87312817360295,21
均衡,20360909,460,0.47608737500559073,0.012590636025784576,random_box,greedy,是,0,7867.458759999992,64.83062160454446,21,0,7842.373690276219,64.87312817360295,21
均衡,20360909,474,0.49226708299829625,0.01207201831759954,random_box,regret3,是,0,7825.090772818416,64.80388892834095,21,0,7825.090772818416,64.80388892834095,21
均衡,20360909,480,0.5005750830023317,0.011856345206115643,random_box,model_reselect,否,0,7825.090772818416,64.80388892834095,21,0,7825.090772818416,64.80388892834095,21
均衡,20360909,489,0.5064812500058906,0.011540038571849941,related,greedy,是,0,7825.090772818416,64.5284616963468,21,0,7825.090772818416,64.5284616963468,21
均衡,20360909,500,0.5197632500057807,0.011164878514373677,critical_deadline,regret3,是,0,7825.090772818416,64.5284616963468,21,0,7825.090772818416,64.5284616963468,21
均衡,20360909,520,0.5415906660055043,0.010513738430661135,critical_deadline,greedy,是,0,7825.090772818416,64.55985928112244,21,0,7825.090772818416,64.5284616963468,21
均衡,20360909,540,0.5655644159996882,0.009900573091418162,random_box,regret2,是,0,7825.090772818416,64.55985928112244,21,0,7825.090772818416,64.5284616963468,21
均衡,20360909,560,0.5798153330106288,0.009323167794687996,route_segment,greedy,是,0,7825.090772818416,64.55985928112244,21,0,7825.090772818416,64.5284616963468,21
均衡,20360909,580,0.5982531660120003,0.008779437000798584,random_box,greedy,是,0,7825.090772818416,64.55985928112244,21,0,7825.090772818416,64.5284616963468,21
均衡,20360909,600,0.6291961250099121,0.00826741679956761,critical_deadline,greedy,是,0,7867.458759999992,65.45735325255006,21,0,7825.090772818416,64.5284616963468,21
均衡,20360909,620,0.6497398330102442,0.007785257816823056,route_segment,regret3,否,0,7867.458759999992,65.31382990735784,21,0,7825.090772818416,64.5284616963468,21
均衡,20360909,640,0.6648614160076249,0.007331218534618268,critical_deadline,greedy,是,0,7867.458759999992,65.31382990735784,21,0,7825.090772818416,64.5284616963468,21
均衡,20360909,660,0.6823081250040559,0.006903659001014685,route_segment,deadline_first,否,0,7867.458759999992,65.31382990735784,21,0,7825.090772818416,64.5284616963468,21
均衡,20360909,680,0.7011340830067638,0.006501034906712509,route_segment,regret3,是,0,7867.458759999992,65.16309476527677,21,0,7825.090772818416,64.5284616963468,21
均衡,20360909,700,0.7194944580114679,0.00612189200713458,related,model_reselect,否,0,7867.458759999992,65.16309476527677,21,0,7825.090772818416,64.5284616963468,21
均衡,20360909,720,0.7400878330081468,0.005764860869816524,random_box,regret2,是,0,7867.458759999992,65.16309476527677,21,0,7825.090772818416,64.5284616963468,21
均衡,20360909,740,0.7606976660026703,0.005428651928131137,random_box,greedy,否,0,7929.84983297731,65.17197443573212,21,0,7825.090772818416,64.5284616963468,21
均衡,20360909,760,0.7849585410003783,0.005112050823481512,related,regret3,否,0,7929.84983297731,66.20911434327016,21,0,7825.090772818416,64.5284616963468,21
均衡,20360909,780,0.8046223749988712,0.004813914019139288,whole_trip,regret2,否,0,7929.84983297731,66.20911434327016,21,0,7825.090772818416,64.5284616963468,21
均衡,20360909,800,0.8212181660055649,0.004533164669885561,whole_trip,regret2,否,0,7929.84983297731,66.20911434327016,21,0,7825.090772818416,64.5284616963468,21
均衡,20360909,820,0.8420340830052737,0.0042687887325359546,resource_bottleneck,greedy,否,0,7929.84983297731,66.48454157526432,21,0,7825.090772818416,64.5284616963468,21
均衡,20360910,1,0.0011106670135632157,0.05,related,deadline_first,否,0,8334.029392485472,67.799264718126,21,0,8334.029392485472,67.799264718126,21
均衡,20360910,20,0.02197954201255925,0.04722565740750329,related,regret2,否,0,9778.304885228545,71.2620555823616,24,0,8334.029392485472,67.799264718126,21
均衡,20360910,40,0.04314929200336337,0.044471438588363145,high_energy,greedy,否,0,9778.304885228545,68.60439195181299,23,0,8334.029392485472,67.799264718126,21
均衡,20360910,44,0.049459542002296075,0.043940177983673376,resource_bottleneck,greedy,是,0,8457.525094681434,65.42532653769122,21,0,8457.525094681434,65.42532653769122,21
均衡,20360910,47,0.05190920800669119,0.04354590158024107,resource_bottleneck,greedy,是,0,8397.525094681434,65.39591513691786,21,0,8397.525094681434,65.39591513691786,21
均衡,20360910,60,0.06494537500839215,0.04187784688846561,whole_trip,energy_margin,否,0,8457.525094681434,65.42532653769122,21,0,8397.525094681434,65.39591513691786,21
均衡,20360910,80,0.08475600001111161,0.039435514471363974,critical_deadline,energy_margin,否,0,8457.525094681434,65.42532653769122,21,0,8397.525094681434,65.39591513691786,21
均衡,20360910,100,0.10276529200200457,0.037135619836498664,resource_bottleneck,greedy,否,0,8457.525094681434,65.39392895291557,21,0,8397.525094681434,65.39591513691786,21
均衡,20360910,120,0.12353395800164435,0.034969855956674546,whole_trip,regret2,否,0,8457.525094681434,65.39392895291557,21,0,8397.525094681434,65.39591513691786,21
均衡,20360910,140,0.144283000001451,0.03293040027377302,random_box,regret2,是,0,8457.525094681434,65.39392895291557,21,0,8397.525094681434,65.39591513691786,21
均衡,20360910,160,0.16165075000026263,0.031009886444325854,high_energy,regret2,否,0,8415.770625006418,65.39392895291557,21,0,8397.525094681434,65.39591513691786,21
均衡,20360910,180,0.1819931250065565,0.029201377732898343,random_box,regret2,是,0,8457.525094681434,65.39392895291557,21,0,8397.525094681434,65.39591513691786,21
均衡,20360910,197,0.1969277919997694,0.02774731940336459,resource_bottleneck,greedy,是,0,8337.525094681434,65.33142544798173,21,0,8337.525094681434,65.33142544798173,21
均衡,20360910,200,0.1994709170103306,0.027498341957180577,random_box,greedy,否,0,8337.525094681434,65.33142544798173,21,0,8337.525094681434,65.33142544798173,21
均衡,20360910,220,0.2144330420123879,0.025894627894291006,random_box,greedy,是,0,8355.770625006418,65.7598961888219,21,0,8337.525094681434,65.33142544798173,21
均衡,20360910,240,0.2353932080004597,0.02438444306307347,related,greedy,否,0,8674.28864905785,66.6743432108337,21,0,8337.525094681434,65.33142544798173,21
均衡,20360910,260,0.256783250006265,0.022962332802139378,resource_bottleneck,energy_margin,否,0,8430.103652185295,65.7598961888219,21,0,8337.525094681434,65.33142544798173,21
均衡,20360910,280,0.2742565830121748,0.021623160568086726,critical_deadline,energy_margin,否,0,8430.103652185295,65.7598961888219,21,0,8337.525094681434,65.33142544798173,21
均衡,20360910,300,0.29600854200543836,0.020362089382734597,route_segment,greedy,否,0,8044.09619137606,68.35341576055902,22,0,8337.525094681434,65.33142544798173,21
均衡,20360910,309,0.3090247500076657,0.019818864312335333,resource_bottleneck,greedy,是,0,8319.136873007254,65.17696813471876,21,0,8319.136873007254,65.17696813471876,21
均衡,20360910,320,0.3233012080017943,0.01917456436236228,resource_bottleneck,deadline_first,否,0,8319.136873007254,65.17696813471876,21,0,8319.136873007254,65.17696813471876,21
均衡,20360910,340,0.35105104200192727,0.018056296265849953,whole_trip,regret2,否,0,8503.321869879808,65.19344916624335,21,0,8319.136873007254,65.17696813471876,21
均衡,20360910,360,0.375849083007779,0.017003246002298245,critical_deadline,model_reselect,否,0,8319.136873007254,65.19344916624335,21,0,8319.136873007254,65.17696813471876,21
均衡,20360910,361,0.37773045799985994,0.016952236264291348,random_box,regret3,是,0,8319.136873007254,65.17593731040493,21,0,8319.136873007254,65.17593731040493,21
均衡,20360910,380,0.39806187500653323,0.016011610042169524,route_segment,energy_margin,否,0,8319.136873007254,65.17593731040493,21,0,8319.136873007254,65.17593731040493,21
均衡,20360910,400,0.42216983300750144,0.015077806679257096,whole_trip,greedy,否,0,8744.331282936186,65.70520446843354,21,0,8319.136873007254,65.17593731040493,21
均衡,20360910,420,0.446779375008191,0.014198463093861732,random_box,greedy,是,0,8710.588636941655,65.73660205320918,21,0,8319.136873007254,65.17593731040493,21
均衡,20360910,440,0.47337087501364294,0.013370403170448835,route_segment,model_reselect,否,0,8480.114831263862,65.72407109990748,21,0,8319.136873007254,65.17593731040493,21
均衡,20360910,460,0.49544170800072607,0.012590636025784576,resource_bottleneck,regret3,否,0,8480.114831263862,65.72407109990748,21,0,8319.136873007254,65.17593731040493,21
均衡,20360910,480,0.5153054170077667,0.011856345206115643,related,regret3,是,0,8420.114831263862,65.75842369811842,21,0,8319.136873007254,65.17593731040493,21
均衡,20360910,500,0.5345494170032907,0.011164878514373677,random_box,regret3,是,0,8420.114831263862,65.75842369811842,21,0,8319.136873007254,65.17593731040493,21
均衡,20360910,520,0.5549081670033047,0.010513738430661135,critical_deadline,regret3,是,0,8420.114831263862,65.60768855603736,21,0,8319.136873007254,65.17593731040493,21
均衡,20360910,540,0.577452292011003,0.009900573091418162,related,regret2,否,0,8420.114831263862,65.60768855603736,21,0,8319.136873007254,65.17593731040493,21
均衡,20360910,547,0.5859676670079352,0.00969452293678874,random_box,regret3,是,0,8268.90965252308,65.17921781519718,21,0,8268.90965252308,65.17921781519718,21
均衡,20360910,560,0.6003550830064341,0.009323167794687996,high_energy,greedy,否,0,8268.90965252308,65.17921781519718,21,0,8268.90965252308,65.17921781519718,21
均衡,20360910,564,0.6045426670025336,0.009211792226065708,related,greedy,是,0,7929.84983297731,66.117655387309,20,0,7929.84983297731,66.117655387309,20
均衡,20360910,580,0.6194812080066185,0.008779437000798584,route_segment,greedy,否,0,7929.84983297731,66.117655387309,20,0,7929.84983297731,66.117655387309,20
均衡,20360910,600,0.6426857080077752,0.00826741679956761,resource_bottleneck,greedy,否,0,7929.84983297731,66.38979781020062,20,0,7929.84983297731,66.117655387309,20
均衡,20360910,620,0.6610804580122931,0.007785257816823056,whole_trip,regret2,否,0,7929.84983297731,66.38979781020062,20,0,7929.84983297731,66.117655387309,20
均衡,20360910,640,0.6819245000078809,0.007331218534618268,resource_bottleneck,regret3,否,0,7929.84983297731,66.38979781020062,20,0,7929.84983297731,66.117655387309,20
均衡,20360910,660,0.7021639580052579,0.006903659001014685,critical_deadline,regret2,是,0,7929.84983297731,66.2750727710773,20,0,7929.84983297731,66.117655387309,20
均衡,20360910,680,0.7219207920134068,0.006501034906712509,related,regret3,是,0,7929.84983297731,66.2750727710773,20,0,7929.84983297731,66.117655387309,20
均衡,20360910,700,0.7391083750117105,0.00612189200713458,critical_deadline,regret3,是,0,7929.84983297731,66.2750727710773,20,0,7929.84983297731,66.117655387309,20
均衡,20360910,720,0.7611972080048872,0.005764860869816524,related,greedy,是,0,7929.84983297731,66.28051163024287,20,0,7929.84983297731,66.117655387309,20
均衡,20360910,740,0.7828619580104714,0.005428651928131137,route_segment,deadline_first,否,0,7933.458759999992,66.2750727710773,20,0,7929.84983297731,66.117655387309,20
均衡,20360910,760,0.803892125011771,0.005112050823481512,random_box,greedy,是,0,7933.458759999992,66.2750727710773,20,0,7929.84983297731,66.117655387309,20
均衡,20360910,780,0.8261941670061788,0.004813914019139288,related,regret3,否,0,7933.458759999992,66.2750727710773,20,0,7929.84983297731,66.117655387309,20
均衡,20360910,800,0.8423286670004018,0.004533164669885561,whole_trip,model_reselect,否,0,7933.458759999992,66.2750727710773,20,0,7929.84983297731,66.117655387309,20
均衡,20360910,820,0.864844792013173,0.0042687887325359546,resource_bottleneck,regret2,否,0,7929.84983297731,66.2750727710773,20,0,7929.84983297731,66.117655387309,20
均衡,20360910,840,0.8817940000008093,0.0040198313033013985,random_box,regret3,是,0,7929.84983297731,66.2750727710773,20,0,7929.84983297731,66.117655387309,20
均衡,20360910,860,0.900975250013289,0.003785393168755444,critical_deadline,greedy,是,0,7929.84983297731,66.2750727710773,20,0,7929.84983297731,66.117655387309,20
均衡,20360910,880,0.9205199999996694,0.0035646275579505355,route_segment,greedy,是,0,7929.84983297731,66.2750727710773,20,0,7929.84983297731,66.117655387309,20
均衡,20360910,900,0.9374348750134232,0.003356737083952113,critical_deadline,energy_margin,否,0,7929.84983297731,66.42580791315838,20,0,7929.84983297731,66.117655387309,20
均衡,20360911,1,0.0012432079965947196,0.05,route_segment,deadline_first,否,0,8334.029392485472,67.799264718126,21,0,8334.029392485472,67.799264718126,21
均衡,20360911,5,0.004829875004361384,0.04940269460405001,route_segment,greedy,是,0,8334.029392485472,67.75713265794637,21,0,8334.029392485472,67.75713265794637,21
均衡,20360911,20,0.019223208000767045,0.04722565740750329,route_segment,regret2,否,0,8334.029392485472,67.75713265794637,21,0,8334.029392485472,67.75713265794637,21
均衡,20360911,40,0.04296058299951255,0.044471438588363145,route_segment,regret3,是,0,8270.010876673383,68.04085810806019,22,0,8334.029392485472,67.75713265794637,21
均衡,20360911,60,0.060638790993834846,0.04187784688846561,high_energy,model_reselect,否,0,8288.0115212753,68.08299016823982,22,0,8334.029392485472,67.75713265794637,21
均衡,20360911,70,0.06955729100445751,0.0406383370353617,whole_trip,regret3,是,0,8288.0115212753,65.38507059935479,21,0,8288.0115212753,65.38507059935479,21
均衡,20360911,80,0.08038458299415652,0.039435514471363974,route_segment,deadline_first,否,0,8288.0115212753,65.38507059935479,21,0,8288.0115212753,65.38507059935479,21
均衡,20360911,97,0.10067295799672138,0.037471855810425725,related,regret3,是,0,7933.458759999992,64.67701190381838,20,0,7933.458759999992,64.67701190381838,20
均衡,20360911,100,0.1040495000052033,0.037135619836498664,resource_bottleneck,deadline_first,否,0,7933.458759999992,64.67701190381838,20,0,7933.458759999992,64.67701190381838,20
均衡,20360911,120,0.12249866599449888,0.034969855956674546,resource_bottleneck,energy_margin,否,0,7933.458759999992,64.67701190381838,20,0,7933.458759999992,64.67701190381838,20
均衡,20360911,140,0.14354079100303352,0.03293040027377302,random_box,deadline_first,否,0,7933.458759999992,64.67701190381838,20,0,7933.458759999992,64.67701190381838,20
均衡,20360911,160,0.1690693749987986,0.031009886444325854,high_energy,regret3,否,0,7933.458759999992,64.67701190381838,20,0,7933.458759999992,64.67701190381838,20
均衡,20360911,180,0.1858326660003513,0.029201377732898343,route_segment,model_reselect,否,0,7933.458759999992,64.67701190381838,20,0,7933.458759999992,64.67701190381838,20
均衡,20360911,200,0.2072805409989087,0.027498341957180577,whole_trip,deadline_first,否,0,7933.458759999992,64.67701190381838,20,0,7933.458759999992,64.67701190381838,20
均衡,20360911,220,0.2283475830045063,0.025894627894291006,related,energy_margin,否,0,7933.458759999992,64.67701190381838,20,0,7933.458759999992,64.67701190381838,20
均衡,20360911,240,0.25022820799495094,0.02438444306307347,related,regret3,否,0,7933.458759999992,64.67701190381838,20,0,7933.458759999992,64.67701190381838,20
均衡,20360911,260,0.2681770829949528,0.022962332802139378,critical_deadline,regret3,是,0,7933.458759999992,64.67701190381838,20,0,7933.458759999992,64.67701190381838,20
均衡,20360911,280,0.28630441600398626,0.021623160568086726,high_energy,regret3,否,0,7933.458759999992,64.67701190381838,20,0,7933.458759999992,64.67701190381838,20
均衡,20360911,300,0.30794520799827296,0.020362089382734597,related,regret3,是,0,7933.458759999992,64.67701190381838,20,0,7933.458759999992,64.67701190381838,20
均衡,20360911,320,0.3239052499993704,0.01917456436236228,whole_trip,deadline_first,否,0,7933.458759999992,64.67701190381838,20,0,7933.458759999992,64.67701190381838,20
均衡,20360911,340,0.34508216599351726,0.018056296265849953,whole_trip,regret3,否,0,7933.458759999992,64.67701190381838,20,0,7933.458759999992,64.67701190381838,20
均衡,20360911,360,0.3617147080076393,0.017003246002298245,route_segment,greedy,否,0,7933.458759999992,64.67701190381838,20,0,7933.458759999992,64.67701190381838,20
均衡,20360911,380,0.38023599999723956,0.016011610042169524,related,greedy,否,0,7933.458759999992,64.67701190381838,20,0,7933.458759999992,64.67701190381838,20
均衡,20360911,400,0.4002347909990931,0.015077806679257096,critical_deadline,deadline_first,否,0,7933.458759999992,64.67701190381838,20,0,7933.458759999992,64.67701190381838,20
均衡,20360911,420,0.41857354099920485,0.014198463093861732,resource_bottleneck,regret2,否,0,7933.458759999992,64.67701190381838,20,0,7933.458759999992,64.67701190381838,20
均衡,20360911,440,0.43948458299564663,0.013370403170448835,critical_deadline,model_reselect,否,0,7933.458759999992,64.67701190381838,20,0,7933.458759999992,64.67701190381838,20
资源节约,20460907,1,0.0011205409973626956,0.05,random_box,deadline_first,是,0,9416.347784135636,70.20701426212806,24,0,8334.029392485472,67.799264718126,21
资源节约,20460907,20,0.026030499997432344,0.04722565740750329,high_energy,regret2,否,0,8139.638319508154,67.09776775703857,22,0,8334.029392485472,67.799264718126,21
资源节约,20460907,21,0.026773749996209517,0.04708398043528078,route_segment,regret2,是,0,8202.029392485472,66.2044482349157,21,0,8202.029392485472,66.2044482349157,21
资源节约,20460907,25,0.03086687500763219,0.046521510123744836,related,greedy,是,0,9000.436366489623,65.48355179775079,20,0,9000.436366489623,65.48355179775079,20
资源节约,20460907,40,0.05551791600009892,0.044471438588363145,high_energy,greedy,否,0,9000.436366489623,65.48355179775079,20,0,9000.436366489623,65.48355179775079,20
资源节约,20460907,42,0.057371666000108235,0.04420501019978026,resource_bottleneck,greedy,是,0,8597.030175918579,65.2300252411445,20,0,8597.030175918579,65.2300252411445,20
资源节约,20460907,60,0.0774821660015732,0.04187784688846561,random_box,energy_margin,否,0,8537.030175918579,65.5425495577584,20,0,8597.030175918579,65.2300252411445,20
资源节约,20460907,80,0.1058527499990305,0.039435514471363974,random_box,greedy,是,0,9969.090159111758,67.18428305581043,22,0,8597.030175918579,65.2300252411445,20
资源节约,20460907,100,0.13624875000095926,0.037135619836498664,whole_trip,deadline_first,否,0,10156.245644365004,66.49827423306422,22,0,8597.030175918579,65.2300252411445,20
资源节约,20460907,120,0.16304650000529364,0.034969855956674546,related,model_reselect,否,0,10075.827330109707,66.4875476568947,22,0,8597.030175918579,65.2300252411445,20
资源节约,20460907,140,0.18825045799894724,0.03293040027377302,high_energy,regret2,否,0,9454.636009153852,66.04247018139927,21,0,8597.030175918579,65.2300252411445,20
资源节约,20460907,160,0.2058087500045076,0.031009886444325854,high_energy,regret3,否,0,9060.347057690818,66.04247018139927,21,0,8597.030175918579,65.2300252411445,20
资源节约,20460907,180,0.22396341600688174,0.029201377732898343,resource_bottleneck,energy_margin,否,0,9099.230099403367,66.04247018139927,21,0,8597.030175918579,65.2300252411445,20
资源节约,20460907,200,0.23982504100422375,0.027498341957180577,related,greedy,是,0,9349.105092473881,66.18809701959614,21,0,8597.030175918579,65.2300252411445,20
资源节约,20460907,220,0.2605866250087274,0.025894627894291006,random_box,deadline_first,否,0,9349.105092473881,66.18809701959614,21,0,8597.030175918579,65.2300252411445,20
资源节约,20460907,240,0.2824041660060175,0.02438444306307347,route_segment,regret3,是,0,9349.105092473881,66.18809701959614,21,0,8597.030175918579,65.2300252411445,20
资源节约,20460907,260,0.2987650410068454,0.022962332802139378,critical_deadline,model_reselect,否,0,9349.105092473881,66.18809701959614,21,0,8597.030175918579,65.2300252411445,20
资源节约,20460907,280,0.322021208005026,0.021623160568086726,whole_trip,greedy,否,0,9606.660980483064,65.91377444780825,22,0,8597.030175918579,65.2300252411445,20
资源节约,20460907,300,0.3489442910067737,0.020362089382734597,random_box,deadline_first,否,0,9695.237863510476,66.80116268791056,21,0,8597.030175918579,65.2300252411445,20
资源节约,20460907,320,0.37341025000205263,0.01917456436236228,random_box,regret2,否,0,9695.237863510476,66.80116268791056,21,0,8597.030175918579,65.2300252411445,20
资源节约,20460907,340,0.3959869160025846,0.018056296265849953,critical_deadline,regret2,是,0,9695.237863510476,66.80116268791056,21,0,8597.030175918579,65.2300252411445,20
资源节约,20460907,360,0.4193654999980936,0.017003246002298245,critical_deadline,regret3,是,0,9695.237863510476,66.80116268791056,21,0,8597.030175918579,65.2300252411445,20
资源节约,20460907,380,0.43799241600208916,0.016011610042169524,related,deadline_first,否,0,9695.237863510476,66.80116268791056,21,0,8597.030175918579,65.2300252411445,20
资源节约,20460908,1,0.0009450000070501119,0.05,route_segment,regret2,是,0,8334.029392485472,67.799264718126,21,0,8334.029392485472,67.799264718126,21
资源节约,20460908,20,0.01743700000224635,0.04722565740750329,resource_bottleneck,regret2,是,0,8725.645618076933,68.2133082874535,22,0,8334.029392485472,67.799264718126,21
资源节约,20460908,22,0.022571250010514632,0.04694272849397494,random_box,regret2,是,0,8725.645618076933,65.5556446569049,21,0,8725.645618076933,65.5556446569049,21
资源节约,20460908,29,0.030939250005758367,0.04596575914325173,resource_bottleneck,regret3,是,0,8355.770625006418,66.00621524440302,21,0,8355.770625006418,66.00621524440302,21
资源节约,20460908,40,0.04592304200923536,0.044471438588363145,whole_trip,energy_margin,否,0,8355.770625006418,66.00621524440302,21,0,8355.770625006418,66.00621524440302,21
资源节约,20460908,58,0.06846679199952632,0.04213024921149165,related,greedy,是,0,8415.770625006418,65.66150429187459,21,0,8415.770625006418,65.66150429187459,21
资源节约,20460908,60,0.07108479201269802,0.04187784688846561,critical_deadline,deadline_first,否,0,8415.770625006418,65.66150429187459,21,0,8415.770625006418,65.66150429187459,21
资源节约,20460908,68,0.07946158300910611,0.04088326869813221,route_segment,regret3,是,0,8286.716979571152,65.67798532339918,21,0,8286.716979571152,65.67798532339918,21
资源节约,20460908,80,0.08958100000745617,0.039435514471363974,whole_trip,energy_margin,否,0,8286.716979571152,65.67798532339918,21,0,8286.716979571152,65.67798532339918,21
资源节约,20460908,100,0.11116566701093689,0.037135619836498664,whole_trip,regret2,否,0,8286.716979571152,65.67798532339918,21,0,8286.716979571152,65.67798532339918,21
资源节约,20460908,120,0.12519445799989626,0.034969855956674546,resource_bottleneck,greedy,否,0,8286.716979571152,65.67798532339918,21,0,8286.716979571152,65.67798532339918,21
资源节约,20460908,140,0.1495666670089122,0.03293040027377302,critical_deadline,regret2,是,0,8286.716979571152,67.38368901184741,21,0,8286.716979571152,65.67798532339918,21
资源节约,20460908,160,0.17247591700288467,0.031009886444325854,related,greedy,否,0,8286.716979571152,67.38368901184741,21,0,8286.716979571152,65.67798532339918,21
资源节约,20460908,180,0.1938070830074139,0.029201377732898343,critical_deadline,greedy,是,0,8286.716979571152,67.38368901184741,21,0,8286.716979571152,65.67798532339918,21
资源节约,20460908,200,0.2118388750095619,0.027498341957180577,critical_deadline,energy_margin,否,0,8286.716979571152,67.38368901184741,21,0,8286.716979571152,65.67798532339918,21
资源节约,20460908,220,0.23588337500405032,0.025894627894291006,related,energy_margin,否,0,8286.716979571152,67.38368901184741,21,0,8286.716979571152,65.67798532339918,21
资源节约,20460908,240,0.25386341700505,0.02438444306307347,high_energy,deadline_first,否,0,8286.716979571152,67.38368901184741,21,0,8286.716979571152,65.67798532339918,21
资源节约,20460908,260,0.27185416700376663,0.022962332802139378,whole_trip,regret2,否,0,8286.716979571152,67.38368901184741,21,0,8286.716979571152,65.67798532339918,21
资源节约,20460908,280,0.2960991670115618,0.021623160568086726,route_segment,greedy,否,0,8286.716979571152,67.38368901184741,21,0,8286.716979571152,65.67798532339918,21
资源节约,20460908,300,0.31850783301342744,0.020362089382734597,related,regret2,否,0,8098.94642159233,67.38368901184741,21,0,8286.716979571152,65.67798532339918,21
资源节约,20460908,320,0.336196000003838,0.01917456436236228,high_energy,regret2,否,0,8127.580349475844,67.11611367288837,21,0,8286.716979571152,65.67798532339918,21
资源节约,20460908,340,0.35594475000107195,0.018056296265849953,random_box,model_reselect,否,0,8270.010876673383,66.96537853080731,21,0,8286.716979571152,65.67798532339918,21
资源节约,20460908,360,0.37643108300107997,0.017003246002298245,high_energy,greedy,否,0,8270.010876673383,66.96537853080731,21,0,8286.716979571152,65.67798532339918,21
资源节约,20460908,380,0.3947282500012079,0.016011610042169524,whole_trip,regret3,否,0,8270.010876673383,66.96537853080731,21,0,8286.716979571152,65.67798532339918,21
资源节约,20460908,400,0.41568316701159347,0.015077806679257096,high_energy,regret3,否,0,8067.580349475844,67.08756688747144,21,0,8286.716979571152,65.67798532339918,21
资源节约,20460909,1,0.0010987910063704476,0.05,resource_bottleneck,greedy,否,0,8334.029392485472,67.799264718126,21,0,8334.029392485472,67.799264718126,21
资源节约,20460909,3,0.0036182910116622224,0.04970045000000001,random_box,regret3,是,0,8334.029392485472,65.1416010875774,20,0,8334.029392485472,65.1416010875774,20
资源节约,20460909,20,0.01827850000699982,0.04722565740750329,related,regret3,是,0,8457.525094681434,65.42532653769122,21,0,8334.029392485472,65.1416010875774,20
资源节约,20460909,40,0.04016795800998807,0.044471438588363145,route_segment,energy_margin,否,0,8457.525094681434,65.42532653769122,21,0,8334.029392485472,65.1416010875774,20
资源节约,20460909,60,0.060352625005180016,0.04187784688846561,random_box,deadline_first,否,0,8355.770625006418,65.73078801240887,21,0,8334.029392485472,65.1416010875774,20
资源节约,20460909,80,0.08163962500111666,0.039435514471363974,resource_bottleneck,greedy,否,0,8355.770625006418,65.73078801240887,21,0,8334.029392485472,65.1416010875774,20
资源节约,20460909,100,0.11054670800513122,0.037135619836498664,route_segment,greedy,否,0,8355.770625006418,65.73078801240887,21,0,8334.029392485472,65.1416010875774,20
资源节约,20460909,120,0.1276498750085011,0.034969855956674546,critical_deadline,energy_margin,否,0,8355.770625006418,65.73078801240887,21,0,8334.029392485472,65.1416010875774,20
资源节约,20460909,140,0.13856387500709388,0.03293040027377302,critical_deadline,energy_margin,否,0,8355.770625006418,65.73078801240887,21,0,8334.029392485472,65.1416010875774,20
资源节约,20460909,160,0.1640682910074247,0.031009886444325854,critical_deadline,regret2,是,0,8415.770625006418,65.42532653769122,21,0,8334.029392485472,65.1416010875774,20
资源节约,20460909,180,0.18415645800996572,0.029201377732898343,critical_deadline,greedy,是,0,7933.458759999992,66.49476681096279,20,0,8334.029392485472,65.1416010875774,20
资源节约,20460909,200,0.20386812501237728,0.027498341957180577,random_box,model_reselect,否,0,7933.458759999992,66.49476681096279,20,0,8334.029392485472,65.1416010875774,20
资源节约,20460909,220,0.2267777910019504,0.025894627894291006,critical_deadline,deadline_first,否,0,7933.458759999992,66.49476681096279,20,0,8334.029392485472,65.1416010875774,20
资源节约,20460909,240,0.24932320800144225,0.02438444306307347,route_segment,greedy,否,0,7933.458759999992,66.49476681096279,20,0,8334.029392485472,65.1416010875774,20
资源节约,20460909,260,0.41147966601420194,0.022962332802139378,whole_trip,deadline_first,否,0,7933.458759999992,66.49476681096279,20,0,8334.029392485472,65.1416010875774,20
资源节约,20460909,280,0.4307298330095364,0.021623160568086726,random_box,model_reselect,否,0,8174.375304546661,67.29845217783097,21,0,8334.029392485472,65.1416010875774,20
资源节约,20460909,300,0.452556000003824,0.020362089382734597,whole_trip,regret3,否,0,8234.375304546662,67.23226032845473,21,0,8334.029392485472,65.1416010875774,20
资源节约,20460909,320,0.47599233301298227,0.01917456436236228,critical_deadline,regret3,是,0,8294.375304546662,65.87883421649641,21,0,8334.029392485472,65.1416010875774,20
资源节约,20460909,340,0.4956947080063401,0.018056296265849953,random_box,regret3,是,0,8294.375304546662,65.60772533998971,21,0,8334.029392485472,65.1416010875774,20
资源节约,20460910,1,0.0022529999987455085,0.05,random_box,regret3,是,0,8334.029392485472,65.1416010875774,20,0,8334.029392485472,65.1416010875774,20
资源节约,20460910,14,0.014671458993689157,0.04808471678017533,related,greedy,是,0,9048.155608825611,64.82634540900212,19,0,9048.155608825611,64.82634540900212,19
资源节约,20460910,20,0.021220209004241042,0.04722565740750329,high_energy,model_reselect,否,0,9048.155608825611,64.82634540900212,19,0,9048.155608825611,64.82634540900212,19
资源节约,20460910,40,0.046697958998265676,0.044471438588363145,whole_trip,regret2,否,0,9048.155608825611,64.82634540900212,19,0,9048.155608825611,64.82634540900212,19
资源节约,20460910,43,0.050460166996344924,0.04407239516918092,related,greedy,是,0,8982.155608825611,64.84816912699664,19,0,8982.155608825611,64.84816912699664,19
资源节约,20460910,60,0.06733424999401905,0.04187784688846561,related,greedy,是,0,9048.155608825611,63.19065780204334,18,0,9048.155608825611,63.19065780204334,18
资源节约,20460910,80,0.0881693749979604,0.039435514471363974,random_box,greedy,是,0,9048.155608825611,63.19065780204334,18,0,9048.155608825611,63.19065780204334,18
资源节约,20460910,100,0.10323954200430308,0.037135619836498664,whole_trip,regret2,否,0,9048.155608825611,63.19065780204334,18,0,9048.155608825611,63.19065780204334,18
资源节约,20460910,120,0.12505445900023915,0.034969855956674546,random_box,greedy,是,0,10447.624220739666,71.6365842058742,23,0,9048.155608825611,63.19065780204334,18
资源节约,20460910,140,0.14819591700506862,0.03293040027377302,whole_trip,greedy,否,0,8071.923715585123,66.35706804268588,21,0,9048.155608825611,63.19065780204334,18
资源节约,20460910,160,0.16669324999384116,0.031009886444325854,random_box,regret2,是,0,8025.825879800828,64.80491441129762,21,0,9048.155608825611,63.19065780204334,18
资源节约,20460910,180,0.18554833400412463,0.029201377732898343,route_segment,regret3,否,0,8025.825879800828,64.76702827553899,21,0,9048.155608825611,63.19065780204334,18
资源节约,20460910,200,0.20846712500497233,0.027498341957180577,route_segment,deadline_first,否,0,8410.477039911886,65.69581755988857,21,0,9048.155608825611,63.19065780204334,18
资源节约,20460910,220,0.22909991699270904,0.025894627894291006,random_box,regret3,是,0,8470.477039911886,65.69581755988857,21,0,9048.155608825611,63.19065780204334,18
资源节约,20460910,240,0.2533776670024963,0.02438444306307347,random_box,deadline_first,否,0,8470.477039911886,65.69581755988857,21,0,9048.155608825611,63.19065780204334,18
资源节约,20460910,260,0.272539166995557,0.022962332802139378,critical_deadline,greedy,是,0,8470.477039911886,65.69581755988857,21,0,9048.155608825611,63.19065780204334,18
资源节约,20460910,280,0.28698583399818745,0.021623160568086726,route_segment,regret3,否,0,8470.477039911886,65.69581755988857,21,0,9048.155608825611,63.19065780204334,18
资源节约,20460910,300,0.30935754199163057,0.020362089382734597,critical_deadline,deadline_first,否,0,8470.477039911886,65.69581755988857,21,0,9048.155608825611,63.19065780204334,18
资源节约,20460910,320,0.33585858400329016,0.01917456436236228,resource_bottleneck,regret3,否,0,8210.010876673383,66.07780727367431,21,0,9048.155608825611,63.19065780204334,18
资源节约,20460910,340,0.3598459589993581,0.018056296265849953,high_energy,model_reselect,否,0,8210.010876673383,66.07780727367431,21,0,9048.155608825611,63.19065780204334,18
资源节约,20460910,360,0.38167387500288896,0.017003246002298245,related,greedy,是,0,8210.010876673383,65.92707213159325,21,0,9048.155608825611,63.19065780204334,18
资源节约,20460910,380,0.39894995899521746,0.016011610042169524,related,energy_margin,否,0,8557.921212968018,67.53108430544984,22,0,9048.155608825611,63.19065780204334,18
资源节约,20460910,400,0.42154116700112354,0.015077806679257096,resource_bottleneck,regret2,否,0,8007.580349475844,65.42394621263173,21,0,9048.155608825611,63.19065780204334,18
资源节约,20460911,1,0.0007933750021038577,0.05,route_segment,deadline_first,是,0,8334.029392485472,67.2580660546206,21,0,8334.029392485472,67.2580660546206,21
资源节约,20460911,20,0.0223344999976689,0.04722565740750329,random_box,regret2,是,0,8665.645618076933,69.56949622367429,22,0,8334.029392485472,67.2580660546206,21
资源节约,20460911,40,0.04691787500632927,0.044471438588363145,high_energy,deadline_first,否,0,8665.645618076933,69.56949622367429,22,0,8334.029392485472,67.2580660546206,21
资源节约,20460911,60,0.07545137499982957,0.04187784688846561,related,deadline_first,否,0,8537.030175918579,67.9904452909435,21,0,8334.029392485472,67.2580660546206,21
资源节约,20460911,80,0.09581091700238176,0.039435514471363974,resource_bottleneck,energy_margin,否,0,8537.030175918579,67.9904452909435,21,0,8334.029392485472,67.2580660546206,21
资源节约,20460911,100,0.11656354200385977,0.037135619836498664,high_energy,greedy,否,0,8355.770625006418,67.37904714510029,21,0,8334.029392485472,67.2580660546206,21
资源节约,20460911,104,0.12074562499765307,0.036691993714292895,route_segment,regret3,是,0,8415.770625006418,66.67476508370935,21,0,8415.770625006418,66.67476508370935,21
资源节约,20460911,120,0.1385177920019487,0.034969855956674546,route_segment,model_reselect,否,0,8597.030175918579,67.4619488170103,21,0,8415.770625006418,66.67476508370935,21
资源节约,20460911,140,0.16230454199831001,0.03293040027377302,high_energy,deadline_first,否,0,8597.030175918579,67.4619488170103,21,0,8415.770625006418,66.67476508370935,21
资源节约,20460911,160,0.17951791700033937,0.031009886444325854,critical_deadline,regret3,是,0,8537.030175918579,67.77894228132521,21,0,8415.770625006418,66.67476508370935,21
资源节约,20460911,180,0.20042804200784303,0.029201377732898343,whole_trip,greedy,否,0,8415.770625006418,66.91774124804209,21,0,8415.770625006418,66.67476508370935,21
资源节约,20460911,200,0.22070262499619275,0.027498341957180577,critical_deadline,deadline_first,否,0,8597.030175918579,67.4619488170103,21,0,8415.770625006418,66.67476508370935,21
资源节约,20460911,220,0.2403462079964811,0.025894627894291006,high_energy,energy_margin,否,0,8597.030175918579,67.4619488170103,21,0,8415.770625006418,66.67476508370935,21
资源节约,20460911,240,0.26037591700151097,0.02438444306307347,random_box,greedy,是,0,8597.030175918579,67.4619488170103,21,0,8415.770625006418,66.67476508370935,21
资源节约,20460911,260,0.2873158330039587,0.022962332802139378,resource_bottleneck,greedy,否,0,8597.030175918579,67.4619488170103,21,0,8415.770625006418,66.67476508370935,21
资源节约,20460911,280,0.3085217920015566,0.021623160568086726,related,regret3,否,0,8597.030175918579,67.4619488170103,21,0,8415.770625006418,66.67476508370935,21
资源节约,20460911,300,0.3305478749971371,0.020362089382734597,route_segment,greedy,否,0,8597.030175918579,67.4619488170103,21,0,8415.770625006418,66.67476508370935,21
资源节约,20460911,320,0.3508675830089487,0.01917456436236228,critical_deadline,greedy,是,0,8597.030175918579,67.4619488170103,21,0,8415.770625006418,66.67476508370935,21
资源节约,20460911,340,0.3733214170060819,0.018056296265849953,whole_trip,regret3,否,0,8597.030175918579,67.4619488170103,21,0,8415.770625006418,66.67476508370935,21
资源节约,20460911,360,0.3928539580083452,0.017003246002298245,random_box,deadline_first,否,0,8597.030175918579,67.4619488170103,21,0,8415.770625006418,66.67476508370935,21
资源节约,20460911,380,0.4142412500077626,0.016011610042169524,route_segment,deadline_first,否,0,8597.030175918579,67.4619488170103,21,0,8415.770625006418,66.67476508370935,21
资源节约,20460911,400,0.4377220419992227,0.015077806679257096,critical_deadline,greedy,是,0,8537.030175918579,67.64026642680311,21,0,8415.770625006418,66.67476508370935,21
资源节约,20460911,420,0.4624500000063563,0.014198463093861732,whole_trip,regret2,否,0,8537.030175918579,67.64026642680311,21,0,8415.770625006418,66.67476508370935,21
资源节约,20460911,440,0.48997691700060386,0.013370403170448835,related,energy_margin,否,0,8477.886514345815,67.15682389141948,21,0,8415.770625006418,66.67476508370935,21
资源节约,20460912,1,0.0010067909897770733,0.05,high_energy,model_reselect,否,0,8334.029392485472,67.799264718126,21,0,8334.029392485472,67.799264718126,21
资源节约,20460912,20,0.02178849998745136,0.04722565740750329,whole_trip,regret3,否,0,8334.029392485472,67.799264718126,21,0,8334.029392485472,67.799264718126,21
资源节约,20460912,33,0.03486329098814167,0.04541664722394768,random_box,regret2,是,0,8334.029392485472,65.1416010875774,20,0,8334.029392485472,65.1416010875774,20
资源节约,20460912,40,0.04115779099811334,0.044471438588363145,high_energy,regret3,否,0,8334.029392485472,65.1416010875774,20,0,8334.029392485472,65.1416010875774,20
资源节约,20460912,60,0.06848954099405091,0.04187784688846561,route_segment,regret2,否,0,10832.374164523908,70.20439934713391,24,0,8334.029392485472,65.1416010875774,20
资源节约,20460912,80,0.09498574999452103,0.039435514471363974,random_box,greedy,是,0,8984.163642128366,66.83613918938717,22,0,8334.029392485472,65.1416010875774,20
资源节约,20460912,100,0.11980708299961407,0.037135619836498664,resource_bottleneck,greedy,否,0,8597.030175918579,67.58829336502122,21,0,8334.029392485472,65.1416010875774,20
资源节约,20460912,120,0.1398023329966236,0.034969855956674546,high_energy,energy_margin,否,0,8674.28864905785,67.57158619911527,21,0,8334.029392485472,65.1416010875774,20
资源节约,20460912,140,0.16292529099155217,0.03293040027377302,resource_bottleneck,energy_margin,否,0,8430.103652185297,65.89915596251352,21,0,8334.029392485472,65.1416010875774,20
资源节约,20460912,160,0.18505729098978918,0.031009886444325854,resource_bottleneck,greedy,否,0,8430.103652185297,65.89915596251352,21,0,8334.029392485472,65.1416010875774,20
资源节约,20460912,180,0.20371962498757057,0.029201377732898343,high_energy,regret2,否,0,8430.103652185297,65.89915596251352,21,0,8334.029392485472,65.1416010875774,20
资源节约,20460912,200,0.2272019159863703,0.027498341957180577,whole_trip,deadline_first,否,0,8430.103652185297,65.89915596251352,21,0,8334.029392485472,65.1416010875774,20
资源节约,20460912,220,0.2481767909921473,0.025894627894291006,whole_trip,greedy,否,0,8790.68675283491,66.80999885001596,21,0,8334.029392485472,65.1416010875774,20
资源节约,20460912,240,0.2752073329902487,0.02438444306307347,related,deadline_first,否,0,8790.68675283491,66.80999885001596,21,0,8334.029392485472,65.1416010875774,20
资源节约,20460912,256,0.2967462909873575,0.023239959870789053,resource_bottleneck,regret2,是,0,7933.458759999992,65.74702364143299,20,0,7933.458759999992,65.74702364143299,20
资源节约,20460912,260,0.3012805829930585,0.022962332802139378,whole_trip,regret3,否,0,7933.458759999992,65.74702364143299,20,0,7933.458759999992,65.74702364143299,20
资源节约,20460912,280,0.3276728749915492,0.021623160568086726,route_segment,regret3,是,0,7933.458759999992,65.74702364143299,20,0,7933.458759999992,65.74702364143299,20
资源节约,20460912,300,0.34560412498831283,0.020362089382734597,related,model_reselect,否,0,7933.458759999992,65.74702364143299,20,0,7933.458759999992,65.74702364143299,20
资源节约,20460912,320,0.3674424579949118,0.01917456436236228,related,regret2,是,0,7933.458759999992,65.97210452399888,20,0,7933.458759999992,65.74702364143299,20
资源节约,20460912,340,0.38443420799740124,0.018056296265849953,random_box,deadline_first,否,0,7933.458759999992,65.97210452399888,20,0,7933.458759999992,65.74702364143299,20
资源节约,20460912,360,0.4019522079906892,0.017003246002298245,critical_deadline,regret2,是,0,7933.458759999992,65.97210452399888,20,0,7933.458759999992,65.74702364143299,20
资源节约,20460912,380,0.4219087499950547,0.016011610042169524,resource_bottleneck,deadline_first,否,0,7933.458759999992,65.97210452399888,20,0,7933.458759999992,65.74702364143299,20
资源节约,20460912,400,0.43882979098998476,0.015077806679257096,resource_bottleneck,regret3,否,0,7933.458759999992,65.97210452399888,20,0,7933.458759999992,65.74702364143299,20
资源节约,20460912,420,0.4590546659892425,0.014198463093861732,high_energy,regret2,否,0,7933.458759999992,65.97210452399888,20,0,7933.458759999992,65.74702364143299,20
资源节约,20460912,440,0.4793129159952514,0.013370403170448835,related,energy_margin,否,0,7933.458759999992,65.97210452399888,20,0,7933.458759999992,65.74702364143299,20
资源节约,20460912,460,0.4976263329881476,0.012590636025784576,related,regret2,是,0,7933.458759999992,65.97210452399888,20,0,7933.458759999992,65.74702364143299,20
资源节约,20460912,480,0.5147611249994952,0.011856345206115643,route_segment,regret2,是,0,7933.458759999992,65.97210452399888,20,0,7933.458759999992,65.74702364143299,20
资源节约,20460912,500,0.5338557079958264,0.011164878514373677,critical_deadline,regret2,是,0,7933.458759999992,65.97210452399888,20,0,7933.458759999992,65.74702364143299,20
资源节约,20460912,520,0.5512174159957794,0.010513738430661135,related,regret2,否,0,7933.458759999992,65.97210452399888,20,0,7933.458759999992,65.74702364143299,20
资源节约,20460912,540,0.5723457499989308,0.009900573091418162,resource_bottleneck,regret3,否,0,7933.458759999992,65.94421322276101,20,0,7933.458759999992,65.74702364143299,20
资源节约,20460912,560,0.586228290994768,0.009323167794687996,route_segment,regret2,是,0,7933.458759999992,65.94965208192656,20,0,7933.458759999992,65.74702364143299,20
资源节约,20460912,580,0.6060867909982335,0.008779437000798584,route_segment,regret2,否,0,7933.458759999992,65.94965208192656,20,0,7933.458759999992,65.74702364143299,20
资源节约,20460912,600,0.624694999991334,0.00826741679956761,route_segment,regret3,是,0,7929.84983297731,65.94421322276101,20,0,7933.458759999992,65.74702364143299,20
资源节约,20460913,1,0.0015459999995073304,0.05,whole_trip,deadline_first,否,0,8334.029392485472,67.799264718126,21,0,8334.029392485472,67.799264718126,21
资源节约,20460913,20,0.017188666999572888,0.04722565740750329,related,energy_margin,否,0,8334.029392485472,67.799264718126,21,0,8334.029392485472,67.799264718126,21
资源节约,20460913,22,0.018586833000881597,0.04694272849397494,related,regret2,是,0,8334.029392485472,66.10818981130049,20,0,8334.029392485472,66.10818981130049,20
资源节约,20460913,40,0.04063400000450201,0.044471438588363145,random_box,regret3,是,0,7933.458759999992,66.52120255631415,21,0,8334.029392485472,66.10818981130049,20
资源节约,20460913,60,0.06440887499775272,0.04187784688846561,whole_trip,deadline_first,否,0,7933.458759999992,65.88641430578865,21,0,8334.029392485472,66.10818981130049,20
资源节约,20460913,80,0.09029716700024437,0.039435514471363974,related,deadline_first,否,0,7933.458759999992,68.05557296656826,21,0,8334.029392485472,66.10818981130049,20
资源节约,20460913,100,0.11483125000086147,0.037135619836498664,critical_deadline,deadline_first,否,0,8328.90965252308,67.22451239312241,21,0,8334.029392485472,66.10818981130049,20
资源节约,20460913,120,0.1354825830057962,0.034969855956674546,random_box,deadline_first,否,0,8488.990437510636,67.31600836049164,21,0,8334.029392485472,66.10818981130049,20
资源节约,20460913,140,0.15370487500331365,0.03293040027377302,high_energy,regret3,否,0,8488.990437510636,67.31600836049164,21,0,8334.029392485472,66.10818981130049,20
资源节约,20460913,160,0.17502945799787994,0.031009886444325854,critical_deadline,model_reselect,否,0,8488.990437510636,67.31600836049164,21,0,8334.029392485472,66.10818981130049,20
资源节约,20460913,180,0.19271975000447128,0.029201377732898343,high_energy,energy_margin,否,0,8308.491338267784,67.31600836049164,21,0,8334.029392485472,66.10818981130049,20
资源节约,20460913,200,0.2120844169985503,0.027498341957180577,critical_deadline,greedy,是,0,8308.491338267784,67.31600836049164,21,0,8334.029392485472,66.10818981130049,20
资源节约,20460913,220,0.2310846250038594,0.025894627894291006,critical_deadline,greedy,是,0,8694.768466050333,67.62140630159774,21,0,8334.029392485472,66.10818981130049,20
资源节约,20460913,240,0.2541397080058232,0.02438444306307347,resource_bottleneck,regret2,否,0,8754.768466050333,67.5923785193999,21,0,8334.029392485472,66.10818981130049,20
资源节约,20460913,260,0.27923254200140946,0.022962332802139378,high_energy,energy_margin,否,0,8754.768466050333,67.5923785193999,21,0,8334.029392485472,66.10818981130049,20
资源节约,20460913,280,0.30515370800276287,0.021623160568086726,random_box,regret2,否,0,8580.982460533283,66.96226987040689,21,0,8334.029392485472,66.10818981130049,20
资源节约,20460913,300,0.33104950000415556,0.020362089382734597,resource_bottleneck,greedy,是,0,7933.458759999992,66.26334972364278,20,0,7933.458759999992,66.26334972364278,20
资源节约,20460913,320,0.35210150000057183,0.01917456436236228,resource_bottleneck,regret2,否,0,7933.458759999992,66.26334972364278,20,0,7933.458759999992,66.26334972364278,20
资源节约,20460913,340,0.37680195800203364,0.018056296265849953,critical_deadline,model_reselect,否,0,7933.458759999992,66.26334972364278,20,0,7933.458759999992,66.26334972364278,20
资源节约,20460913,360,0.39538841700414196,0.017003246002298245,resource_bottleneck,greedy,否,0,7933.458759999992,66.26334972364278,20,0,7933.458759999992,66.26334972364278,20
资源节约,20460913,380,0.41507308300060686,0.016011610042169524,route_segment,deadline_first,否,0,7933.458759999992,66.26334972364278,20,0,7933.458759999992,66.26334972364278,20
资源节约,20460913,400,0.43501079200359527,0.015077806679257096,resource_bottleneck,model_reselect,否,0,7933.458759999992,66.26334972364278,20,0,7933.458759999992,66.26334972364278,20
资源节约,20460913,420,0.45600295800250024,0.014198463093861732,route_segment,greedy,否,0,7933.458759999992,66.26334972364278,20,0,7933.458759999992,66.26334972364278,20
资源节约,20460913,440,0.4724765830032993,0.013370403170448835,route_segment,regret3,是,0,7933.458759999992,66.26334972364278,20,0,7933.458759999992,66.26334972364278,20
资源节约,20460913,460,0.49346154200611636,0.012590636025784576,related,deadline_first,否,0,7933.458759999992,66.26334972364278,20,0,7933.458759999992,66.26334972364278,20
资源节约,20460913,480,0.5135714999923948,0.011856345206115643,route_segment,regret2,否,0,7933.458759999992,66.26334972364278,20,0,7933.458759999992,66.26334972364278,20
资源节约,20460913,489,0.5241875829960918,0.011540038571849941,related,regret3,是,0,7933.458759999992,65.5964206189197,20,0,7933.458759999992,65.5964206189197,20
资源节约,20460913,500,0.5381476670008851,0.011164878514373677,related,regret3,是,0,7933.458759999992,65.5964206189197,20,0,7933.458759999992,65.5964206189197,20
资源节约,20460913,520,0.5600119580049068,0.010513738430661135,critical_deadline,regret2,是,0,7933.458759999992,65.5964206189197,20,0,7933.458759999992,65.5964206189197,20
资源节约,20460913,536,0.5810495420009829,0.010020276394606339,random_box,regret2,是,0,7933.458759999992,64.65723165281875,20,0,7933.458759999992,64.65723165281875,20
资源节约,20460913,540,0.5857238750031684,0.009900573091418162,whole_trip,deadline_first,否,0,7933.458759999992,64.65723165281875,20,0,7933.458759999992,64.65723165281875,20
资源节约,20460913,541,0.5870976250007516,0.009870871372143908,related,regret3,是,0,7933.458759999992,64.50649651073768,20,0,7933.458759999992,64.50649651073768,20
资源节约,20460913,560,0.6052010419953149,0.009323167794687996,random_box,deadline_first,否,0,7933.458759999992,64.50649651073768,20,0,7933.458759999992,64.50649651073768,20
资源节约,20460913,580,0.6272795830009272,0.008779437000798584,related,regret2,是,0,7933.458759999992,64.50649651073768,20,0,7933.458759999992,64.50649651073768,20
资源节约,20460913,600,0.649829125002725,0.00826741679956761,related,greedy,否,0,7933.458759999992,64.50649651073768,20,0,7933.458759999992,64.50649651073768,20
资源节约,20460913,620,0.6718137080024462,0.007785257816823056,random_box,regret2,是,0,7933.458759999992,64.50649651073768,20,0,7933.458759999992,64.50649651073768,20
资源节约,20460913,640,0.6928552919998765,0.007331218534618268,critical_deadline,regret2,是,0,7933.458759999992,64.50649651073768,20,0,7933.458759999992,64.50649651073768,20
资源节约,20460913,660,0.7111220420047175,0.006903659001014685,related,regret3,是,0,7933.458759999992,64.50649651073768,20,0,7933.458759999992,64.50649651073768,20
资源节约,20460913,665,0.7144680000055814,0.00680072358411593,random_box,greedy,是,0,7933.458759999992,64.29249121787784,20,0,7933.458759999992,64.29249121787784,20
资源节约,20460913,680,0.7290748749946943,0.006501034906712509,related,greedy,否,0,7933.458759999992,64.29249121787784,20,0,7933.458759999992,64.29249121787784,20
资源节约,20460913,700,0.7521075419936096,0.00612189200713458,random_box,regret2,是,0,7933.458759999992,64.29793007704339,20,0,7933.458759999992,64.29249121787784,20
资源节约,20460913,720,0.7710456250060815,0.005764860869816524,high_energy,regret3,否,0,7933.458759999992,64.29793007704339,20,0,7933.458759999992,64.29249121787784,20
资源节约,20460913,740,0.7909957079973537,0.005428651928131137,critical_deadline,regret3,是,0,7933.458759999992,64.29793007704339,20,0,7933.458759999992,64.29249121787784,20
资源节约,20460913,760,0.8089558329957072,0.005112050823481512,critical_deadline,regret2,是,0,7933.458759999992,64.29793007704339,20,0,7933.458759999992,64.29249121787784,20
资源节约,20460913,780,0.8282566669950029,0.004813914019139288,random_box,regret2,是,0,7933.458759999992,64.29793007704339,20,0,7933.458759999992,64.29249121787784,20
资源节约,20460913,800,0.846065167002962,0.004533164669885561,related,energy_margin,否,0,7933.458759999992,64.29793007704339,20,0,7933.458759999992,64.29249121787784,20
资源节约,20460913,820,0.8628670000034617,0.0042687887325359546,critical_deadline,regret2,是,0,7933.458759999992,64.29793007704339,20,0,7933.458759999992,64.29249121787784,20
资源节约,20460913,840,0.8783754169999156,0.0040198313033013985,related,regret3,是,0,7933.458759999992,64.29793007704339,20,0,7933.458759999992,64.29249121787784,20
资源节约,20460913,860,0.892867832997581,0.003785393168755444,random_box,regret3,是,0,7933.458759999992,64.29793007704339,20,0,7933.458759999992,64.29249121787784,20
资源节约,20460913,880,0.9170829999929992,0.0035646275579505355,critical_deadline,energy_margin,否,0,7933.458759999992,64.29793007704339,20,0,7933.458759999992,64.29249121787784,20
资源节约,20460913,900,0.9305428329971619,0.003356737083952113,route_segment,greedy,是,0,7933.458759999992,64.29793007704339,20,0,7933.458759999992,64.29249121787784,20
资源节约,20460913,920,0.9463077079999493,0.003160970863743653,critical_deadline,deadline_first,否,0,7933.458759999992,64.29793007704339,20,0,7933.458759999992,64.29249121787784,20
资源节约,20460913,940,0.9596367920021294,0.002976621806099974,route_segment,greedy,否,0,7933.458759999992,64.29793007704339,20,0,7933.458759999992,64.29249121787784,20
资源节约,20460913,960,0.9756773749977583,0.0028030240576328255,related,greedy,是,0,7933.458759999992,64.29793007704339,20,0,7933.458759999992,64.29249121787784,20
资源节约,20460913,980,0.9964608330046758,0.0026395505977841057,route_segment,energy_margin,否,0,7933.458759999992,64.29793007704339,20,0,7933.458759999992,64.29249121787784,20
资源节约,20460913,1000,1.0127067499997793,0.0024856109740800094,random_box,greedy,否,0,7933.458759999992,64.29793007704339,20,0,7933.458759999992,64.29249121787784,20
资源节约,20460914,1,0.0002887090086005628,0.05,route_segment,model_reselect,否,0,8334.029392485472,67.799264718126,21,0,8334.029392485472,67.799264718126,21
资源节约,20460914,20,0.019566584000131115,0.04722565740750329,whole_trip,deadline_first,否,0,8919.764535848293,68.30186508182491,21,0,8334.029392485472,67.799264718126,21
资源节约,20460914,27,0.02744541699939873,0.04624279975659348,route_segment,regret2,是,0,8919.764535848293,65.6442014512763,20,0,8919.764535848293,65.6442014512763,20
资源节约,20460914,40,0.039649750004173256,0.044471438588363145,high_energy,model_reselect,否,0,8919.764535848293,65.6442014512763,20,0,8919.764535848293,65.6442014512763,20
资源节约,20460914,60,0.060989334000623785,0.04187784688846561,route_segment,deadline_first,否,0,8919.764535848293,65.6442014512763,20,0,8919.764535848293,65.6442014512763,20
资源节约,20460914,80,0.08118737500626594,0.039435514471363974,critical_deadline,regret3,是,0,8919.764535848293,65.6442014512763,20,0,8919.764535848293,65.6442014512763,20
资源节约,20460914,88,0.09447641699807718,0.038498940470263684,route_segment,regret3,是,0,9048.155608825611,64.80986437747752,19,0,9048.155608825611,64.80986437747752,19
资源节约,20460914,100,0.10896187499747612,0.037135619836498664,high_energy,deadline_first,否,0,9048.155608825611,64.80986437747752,19,0,9048.155608825611,64.80986437747752,19
资源节约,20460914,120,0.13056454200705048,0.034969855956674546,route_segment,regret2,否,0,9048.155608825611,64.80986437747752,19,0,9048.155608825611,64.80986437747752,19
资源节约,20460914,140,0.14975633400899824,0.03293040027377302,route_segment,greedy,是,0,9048.155608825611,64.80986437747752,19,0,9048.155608825611,64.80986437747752,19
资源节约,20460914,150,0.1608063339954242,0.03195571894130843,route_segment,greedy,是,0,8982.155608825611,64.98573595746157,19,0,8982.155608825611,64.98573595746157,19
资源节约,20460914,151,0.1620497499970952,0.0318598517844845,route_segment,regret3,是,0,8765.529488684935,64.98296760785341,19,0,8765.529488684935,64.98296760785341,19
资源节约,20460914,160,0.16914258399629034,0.031009886444325854,resource_bottleneck,greedy,否,0,9048.155608825611,64.88671708819064,19,0,8765.529488684935,64.98296760785341,19
资源节约,20460914,180,0.19693779200315475,0.029201377732898343,related,greedy,否,0,8075.839820072046,65.62706827389755,20,0,8765.529488684935,64.98296760785341,19
资源节约,20460914,200,0.2172161250055069,0.027498341957180577,resource_bottleneck,regret2,是,0,8753.902298023839,67.06226002117576,21,0,8765.529488684935,64.98296760785341,19
资源节约,20460914,220,0.23639533399546053,0.025894627894291006,related,deadline_first,否,0,8717.170674975881,67.06226002117576,21,0,8765.529488684935,64.98296760785341,19
资源节约,20460914,240,0.2563713340059621,0.02438444306307347,whole_trip,model_reselect,否,0,8717.170674975881,67.06226002117576,21,0,8765.529488684935,64.98296760785341,19
资源节约,20460914,260,0.2741577090055216,0.022962332802139378,random_box,energy_margin,否,0,8717.170674975881,67.06226002117576,21,0,8765.529488684935,64.98296760785341,19
资源节约,20460914,280,0.2928142089949688,0.021623160568086726,critical_deadline,energy_margin,否,0,8758.925144650897,67.06226002117576,21,0,8765.529488684935,64.98296760785341,19
资源节约,20460914,300,0.31465591699816287,0.020362089382734597,whole_trip,greedy,否,0,8717.170674975881,67.06226002117576,21,0,8765.529488684935,64.98296760785341,19
资源节约,20460914,320,0.3376787500019418,0.01917456436236228,route_segment,regret3,是,0,8717.170674975881,67.45192804765894,21,0,8765.529488684935,64.98296760785341,19
资源节约,20460914,340,0.3565357089973986,0.018056296265849953,critical_deadline,greedy,是,0,8717.170674975881,67.27549733417817,21,0,8765.529488684935,64.98296760785341,19
资源节约,20460914,360,0.38131420900754165,0.017003246002298245,whole_trip,regret3,否,0,8717.170674975881,67.45192804765894,21,0,8765.529488684935,64.98296760785341,19
资源节约,20460914,380,0.40238775000034366,0.016011610042169524,route_segment,model_reselect,否,0,9145.202272433447,68.3379774226565,21,0,8765.529488684935,64.98296760785341,19
资源节约,20460914,400,0.4254463340039365,0.015077806679257096,resource_bottleneck,regret3,是,0,8717.170674975881,67.42957948878184,21,0,8765.529488684935,64.98296760785341,19
资源节约,20460914,420,0.4454772500030231,0.014198463093861732,critical_deadline,regret2,是,0,8717.170674975881,67.42957948878184,21,0,8765.529488684935,64.98296760785341,19
资源节约,20460914,440,0.4694827500061365,0.013370403170448835,related,regret3,是,0,8717.170674975881,67.45192804765894,21,0,8765.529488684935,64.98296760785341,19
资源节约,20460914,460,0.49386137499823235,0.012590636025784576,random_box,regret3,是,0,8717.170674975881,67.42957948878184,21,0,8765.529488684935,64.98296760785341,19
资源节约,20460914,480,0.5185767090006266,0.011856345206115643,random_box,regret3,是,0,8717.170674975881,67.42957948878184,21,0,8765.529488684935,64.98296760785341,19
资源节约,20460914,500,0.5395619589980925,0.011164878514373677,related,deadline_first,否,0,9035.151797954746,68.30310832081122,21,0,8765.529488684935,64.98296760785341,19
